timestamp, index, name, memory.used [MiB], utilization.gpu [%], power.draw [W]
2026/09/21 01:32:34.376, 0, NVIDIA RTX PRO 6000 Blackwell Server Edition, 0 MiB, 0 %, 34.37 W
2026/09/21 01:32:35.385, 0, NVIDIA RTX PRO 6000 Blackwell Server Edition, 0 MiB, 0 %, 34.08 W
2026/09/21 01:32:36.385, 0, NVIDIA RTX PRO 6000 Blackwell Server Edition, 0 MiB, 0 %, 34.09 W
2026/09/21 01:32:37.385, 0, NVIDIA RTX PRO 6000 Blackwell Server Edition, 0 MiB, 0 %, 34.08 W
2026/09/21 01:32:38.385, 0, NVIDIA RTX PRO 6000 Blackwell Server Edition, 0 MiB, 0 %, 34.32 W
2026/09/21 01:32:39.385, 0, NVIDIA RTX PRO 6000 Blackwell Server Edition, 0 MiB, 0 %, 34.80 W
2026/09/21 01:32:40.385, 0, NVIDIA RTX PRO 6000 Blackwell Server Edition, 0 MiB, 0 %, 35.03 W
2026/09/21 01:32:41.385, 0, NVIDIA RTX PRO 6000 Blackwell Server Edition, 0 MiB, 0 %, 35.29 W
2026/09/21 01:32:42.386, 0, NVIDIA RTX PRO 6000 Blackwell Server Edition, 0 MiB, 0 %, 35.07 W
2026/09/21 01:32:43.386, 0, NVIDIA RTX PRO 6000 Blackwell Server Edition, 0 MiB, 0 %, 33.62 W
2026/09/21 01:32:44.386, 0, NVIDIA RTX PRO 6000 Blackwell Server Edition, 0 MiB, 0 %, 34.10 W
2026/09/21 01:32:45.386, 0, NVIDIA RTX PRO 6000 Blackwell Server Edition, 0 MiB, 0 %, 33.62 W
2026/09/21 01:32:46.386, 0, NVIDIA RTX PRO 6000 Blackwell Server Edition, 0 MiB, 0 %, 33.62 W
2026/09/21 01:32:47.386, 0, NVIDIA RTX PRO 6000 Blackwell Server Edition, 0 MiB, 0 %, 33.62 W
2026/09/21 01:32:48.387, 0, NVIDIA RTX PRO 6000 Blackwell Server Edition, 0 MiB, 0 %, 33.62 W
2026/09/21 01:32:49.387, 0, NVIDIA RTX PRO 6000 Blackwell Server Edition, 0 MiB, 0 %, 34.10 W
2026/09/21 01:32:50.387, 0, NVIDIA RTX PRO 6000 Blackwell Server Edition, 0 MiB, 0 %, 33.86 W
2026/09/21 01:32:51.387, 0, NVIDIA RTX PRO 6000 Blackwell Server Edition, 0 MiB, 0 %, 33.86 W
2026/09/21 01:32:52.387, 0, NVIDIA RTX PRO 6000 Blackwell Server Edition, 0 MiB, 0 %, 33.62 W
2026/09/21 01:32:53.387, 0, NVIDIA RTX PRO 6000 Blackwell Server Edition, 0 MiB, 0 %, 34.12 W
2026/09/21 01:32:54.387, 0, NVIDIA RTX PRO 6000 Blackwell Server Edition, 0 MiB, 0 %, 33.85 W
2026/09/21 01:32:55.388, 0, NVIDIA RTX PRO 6000 Blackwell Server Edition, 0 MiB, 0 %, 34.07 W
2026/09/21 01:32:56.388, 0, NVIDIA RTX PRO 6000 Blackwell Server Edition, 0 MiB, 0 %, 33.83 W
2026/09/21 01:32:57.388, 0, NVIDIA RTX PRO 6000 Blackwell Server Edition, 0 MiB, 0 %, 33.60 W
2026/09/21 01:32:58.388, 0, NVIDIA RTX PRO 6000 Blackwell Server Edition, 0 MiB, 0 %, 34.08 W
2026/09/21 01:32:59.388, 0, NVIDIA RTX PRO 6000 Blackwell Server Edition, 0 MiB, 0 %, 33.84 W
2026/09/21 01:33:00.388, 0, NVIDIA RTX PRO 6000 Blackwell Server Edition, 0 MiB, 0 %, 33.62 W
2026/09/21 01:33:01.388, 0, NVIDIA RTX PRO 6000 Blackwell Server Edition, 0 MiB, 0 %, 34.08 W
2026/09/21 01:33:02.389, 0, NVIDIA RTX PRO 6000 Blackwell Server Edition, 0 MiB, 0 %, 34.03 W
2026/09/21 01:33:03.389, 0, NVIDIA RTX PRO 6000 Blackwell Server Edition, 0 MiB, 0 %, 34.29 W
2026/09/21 01:33:04.389, 0, NVIDIA RTX PRO 6000 Blackwell Server Edition, 0 MiB, 0 %, 34.09 W
2026/09/21 01:33:05.389, 0, NVIDIA RTX PRO 6000 Blackwell Server Edition, 0 MiB, 0 %, 33.85 W
2026/09/21 01:33:06.389, 0, NVIDIA RTX PRO 6000 Blackwell Server Edition, 0 MiB, 0 %, 33.86 W
2026/09/21 01:33:07.389, 0, NVIDIA RTX PRO 6000 Blackwell Server Edition, 0 MiB, 0 %, 33.84 W
2026/09/21 01:33:08.390, 0, NVIDIA RTX PRO 6000 Blackwell Server Edition, 0 MiB, 0 %, 33.82 W
2026/09/21 01:33:09.390, 0, NVIDIA RTX PRO 6000 Blackwell Server Edition, 0 MiB, 0 %, 34.10 W
2026/09/21 01:33:10.390, 0, NVIDIA RTX PRO 6000 Blackwell Server Edition, 0 MiB, 0 %, 34.32 W
2026/09/21 01:33:11.390, 0, NVIDIA RTX PRO 6000 Blackwell Server Edition, 0 MiB, 0 %, 34.08 W
2026/09/21 01:33:12.390, 0, NVIDIA RTX PRO 6000 Blackwell Server Edition, 0 MiB, 0 %, 34.10 W
2026/09/21 01:33:13.390, 0, NVIDIA RTX PRO 6000 Blackwell Server Edition, 0 MiB, 0 %, 33.85 W
2026/09/21 01:33:14.390, 0, NVIDIA RTX PRO 6000 Blackwell Server Edition, 0 MiB, 0 %, 34.10 W
2026/09/21 01:33:15.390, 0, NVIDIA RTX PRO 6000 Blackwell Server Edition, 0 MiB, 0 %, 34.09 W
2026/09/21 01:33:16.391, 0, NVIDIA RTX PRO 6000 Blackwell Server Edition, 0 MiB, 0 %, 34.10 W
2026/09/21 01:33:17.391, 0, NVIDIA RTX PRO 6000 Blackwell Server Edition, 0 MiB, 0 %, 34.30 W
2026/09/21 01:33:18.391, 0, NVIDIA RTX PRO 6000 Blackwell Server Edition, 0 MiB, 0 %, 34.30 W
2026/09/21 01:33:19.391, 0, NVIDIA RTX PRO 6000 Blackwell Server Edition, 0 MiB, 0 %, 34.52 W
2026/09/21 01:33:20.391, 0, NVIDIA RTX PRO 6000 Blackwell Server Edition, 0 MiB, 0 %, 34.28 W
2026/09/21 01:33:21.392, 0, NVIDIA RTX PRO 6000 Blackwell Server Edition, 0 MiB, 0 %, 34.54 W
2026/09/21 01:33:22.392, 0, NVIDIA RTX PRO 6000 Blackwell Server Edition, 0 MiB, 0 %, 34.31 W
2026/09/21 01:33:23.392, 0, NVIDIA RTX PRO 6000 Blackwell Server Edition, 0 MiB, 0 %, 34.08 W
2026/09/21 01:33:24.392, 0, NVIDIA RTX PRO 6000 Blackwell Server Edition, 0 MiB, 0 %, 34.08 W
2026/09/21 01:33:25.392, 0, NVIDIA RTX PRO 6000 Blackwell Server Edition, 0 MiB, 0 %, 34.10 W
2026/09/21 01:33:26.392, 0, NVIDIA RTX PRO 6000 Blackwell Server Edition, 0 MiB, 0 %, 34.10 W
2026/09/21 01:33:27.392, 0, NVIDIA RTX PRO 6000 Blackwell Server Edition, 0 MiB, 0 %, 34.12 W
2026/09/21 01:33:28.393, 0, NVIDIA RTX PRO 6000 Blackwell Server Edition, 0 MiB, 0 %, 34.12 W
2026/09/21 01:33:29.393, 0, NVIDIA RTX PRO 6000 Blackwell Server Edition, 0 MiB, 0 %, 34.12 W
2026/09/21 01:33:30.393, 0, NVIDIA RTX PRO 6000 Blackwell Server Edition, 0 MiB, 0 %, 34.10 W
2026/09/21 01:33:31.393, 0, NVIDIA RTX PRO 6000 Blackwell Server Edition, 0 MiB, 0 %, 34.10 W
2026/09/21 01:33:32.393, 0, NVIDIA RTX PRO 6000 Blackwell Server Edition, 0 MiB, 0 %, 34.32 W
2026/09/21 01:33:33.393, 0, NVIDIA RTX PRO 6000 Blackwell Server Edition, 0 MiB, 0 %, 35.02 W
2026/09/21 01:33:34.394, 0, NVIDIA RTX PRO 6000 Blackwell Server Edition, 0 MiB, 0 %, 34.79 W
2026/09/21 01:33:35.394, 0, NVIDIA RTX PRO 6000 Blackwell Server Edition, 3 MiB, 0 %, 37.48 W
2026/09/21 01:33:36.394, 0, NVIDIA RTX PRO 6000 Blackwell Server Edition, 3 MiB, 0 %, 36.41 W
2026/09/21 01:33:37.394, 0, NVIDIA RTX PRO 6000 Blackwell Server Edition, 3 MiB, 0 %, 37.42 W
2026/09/21 01:33:38.394, 0, NVIDIA RTX PRO 6000 Blackwell Server Edition, 3 MiB, 0 %, 37.45 W
2026/09/21 01:33:39.394, 0, NVIDIA RTX PRO 6000 Blackwell Server Edition, 3 MiB, 0 %, 36.74 W
2026/09/21 01:33:40.395, 0, NVIDIA RTX PRO 6000 Blackwell Server Edition, 3 MiB, 0 %, 35.03 W
2026/09/21 01:33:41.395, 0, NVIDIA RTX PRO 6000 Blackwell Server Edition, 3 MiB, 0 %, 35.07 W
2026/09/21 01:33:42.395, 0, NVIDIA RTX PRO 6000 Blackwell Server Edition, 0 MiB, 0 %, 35.74 W
2026/09/21 01:33:43.395, 0, NVIDIA RTX PRO 6000 Blackwell Server Edition, 3 MiB, 0 %, 36.71 W
2026/09/21 01:33:44.395, 0, NVIDIA RTX PRO 6000 Blackwell Server Edition, 685 MiB, 3 %, 46.83 W
2026/09/21 01:33:45.396, 0, NVIDIA RTX PRO 6000 Blackwell Server Edition, 0 MiB, 0 %, 90.56 W
2026/09/21 01:33:46.396, 0, NVIDIA RTX PRO 6000 Blackwell Server Edition, 0 MiB, 0 %, 90.08 W
2026/09/21 01:33:47.396, 0, NVIDIA RTX PRO 6000 Blackwell Server Edition, 0 MiB, 0 %, 53.42 W
2026/09/21 01:33:48.396, 0, NVIDIA RTX PRO 6000 Blackwell Server Edition, 0 MiB, 0 %, 39.45 W
2026/09/21 01:33:49.396, 0, NVIDIA RTX PRO 6000 Blackwell Server Edition, 0 MiB, 0 %, 35.50 W
2026/09/21 01:33:50.396, 0, NVIDIA RTX PRO 6000 Blackwell Server Edition, 0 MiB, 0 %, 35.27 W
2026/09/21 01:33:51.397, 0, NVIDIA RTX PRO 6000 Blackwell Server Edition, 0 MiB, 0 %, 34.81 W
2026/09/21 01:33:52.397, 0, NVIDIA RTX PRO 6000 Blackwell Server Edition, 0 MiB, 0 %, 35.03 W
2026/09/21 01:33:53.397, 0, NVIDIA RTX PRO 6000 Blackwell Server Edition, 0 MiB, 0 %, 35.07 W
2026/09/21 01:33:54.397, 0, NVIDIA RTX PRO 6000 Blackwell Server Edition, 0 MiB, 0 %, 35.07 W
2026/09/21 01:33:55.397, 0, NVIDIA RTX PRO 6000 Blackwell Server Edition, 0 MiB, 0 %, 35.09 W
2026/09/21 01:33:56.397, 0, NVIDIA RTX PRO 6000 Blackwell Server Edition, 0 MiB, 0 %, 35.08 W
2026/09/21 01:33:57.398, 0, NVIDIA RTX PRO 6000 Blackwell Server Edition, 0 MiB, 0 %, 34.56 W
2026/09/21 01:33:58.398, 0, NVIDIA RTX PRO 6000 Blackwell Server Edition, 0 MiB, 0 %, 34.85 W
2026/09/21 01:33:59.398, 0, NVIDIA RTX PRO 6000 Blackwell Server Edition, 0 MiB, 0 %, 35.00 W
2026/09/21 01:34:00.398, 0, NVIDIA RTX PRO 6000 Blackwell Server Edition, 0 MiB, 0 %, 35.00 W
2026/09/21 01:34:01.398, 0, NVIDIA RTX PRO 6000 Blackwell Server Edition, 0 MiB, 0 %, 35.02 W
2026/09/21 01:34:02.399, 0, NVIDIA RTX PRO 6000 Blackwell Server Edition, 0 MiB, 0 %, 35.05 W
2026/09/21 01:34:03.399, 0, NVIDIA RTX PRO 6000 Blackwell Server Edition, 0 MiB, 0 %, 35.29 W
2026/09/21 01:34:04.399, 0, NVIDIA RTX PRO 6000 Blackwell Server Edition, 0 MiB, 0 %, 35.32 W
2026/09/21 01:34:05.399, 0, NVIDIA RTX PRO 6000 Blackwell Server Edition, 0 MiB, 0 %, 35.05 W
2026/09/21 01:34:06.399, 0, NVIDIA RTX PRO 6000 Blackwell Server Edition, 0 MiB, 0 %, 35.05 W
2026/09/21 01:34:07.400, 0, NVIDIA RTX PRO 6000 Blackwell Server Edition, 0 MiB, 0 %, 35.05 W
2026/09/21 01:34:08.400, 0, NVIDIA RTX PRO 6000 Blackwell Server Edition, 0 MiB, 0 %, 35.30 W
2026/09/21 01:34:09.400, 0, NVIDIA RTX PRO 6000 Blackwell Server Edition, 0 MiB, 0 %, 35.07 W
2026/09/21 01:34:10.400, 0, NVIDIA RTX PRO 6000 Blackwell Server Edition, 0 MiB, 0 %, 35.08 W
2026/09/21 01:34:11.400, 0, NVIDIA RTX PRO 6000 Blackwell Server Edition, 0 MiB, 0 %, 35.09 W
2026/09/21 01:34:12.400, 0, NVIDIA RTX PRO 6000 Blackwell Server Edition, 0 MiB, 0 %, 35.53 W
2026/09/21 01:34:13.401, 0, NVIDIA RTX PRO 6000 Blackwell Server Edition, 0 MiB, 0 %, 35.31 W
2026/09/21 01:34:14.401, 0, NVIDIA RTX PRO 6000 Blackwell Server Edition, 0 MiB, 0 %, 35.04 W
2026/09/21 01:34:15.401, 0, NVIDIA RTX PRO 6000 Blackwell Server Edition, 0 MiB, 0 %, 35.04 W
2026/09/21 01:34:16.401, 0, NVIDIA RTX PRO 6000 Blackwell Server Edition, 0 MiB, 0 %, 35.03 W
2026/09/21 01:34:17.401, 0, NVIDIA RTX PRO 6000 Blackwell Server Edition, 0 MiB, 0 %, 35.55 W
2026/09/21 01:34:18.401, 0, NVIDIA RTX PRO 6000 Blackwell Server Edition, 0 MiB, 0 %, 35.96 W
2026/09/21 01:34:19.402, 0, NVIDIA RTX PRO 6000 Blackwell Server Edition, 0 MiB, 0 %, 35.72 W
2026/09/21 01:34:20.402, 0, NVIDIA RTX PRO 6000 Blackwell Server Edition, 0 MiB, 0 %, 36.01 W
2026/09/21 01:34:21.402, 0, NVIDIA RTX PRO 6000 Blackwell Server Edition, 0 MiB, 0 %, 35.99 W
2026/09/21 01:34:22.402, 0, NVIDIA RTX PRO 6000 Blackwell Server Edition, 0 MiB, 0 %, 35.76 W
2026/09/21 01:34:23.402, 0, NVIDIA RTX PRO 6000 Blackwell Server Edition, 0 MiB, 0 %, 35.99 W
2026/09/21 01:34:24.403, 0, NVIDIA RTX PRO 6000 Blackwell Server Edition, 0 MiB, 0 %, 34.54 W
2026/09/21 01:34:25.403, 0, NVIDIA RTX PRO 6000 Blackwell Server Edition, 0 MiB, 0 %, 35.05 W
2026/09/21 01:34:26.403, 0, NVIDIA RTX PRO 6000 Blackwell Server Edition, 0 MiB, 0 %, 35.00 W
2026/09/21 01:34:27.403, 0, NVIDIA RTX PRO 6000 Blackwell Server Edition, 0 MiB, 0 %, 35.00 W
2026/09/21 01:34:28.403, 0, NVIDIA RTX PRO 6000 Blackwell Server Edition, 0 MiB, 0 %, 35.01 W
2026/09/21 01:34:29.403, 0, NVIDIA RTX PRO 6000 Blackwell Server Edition, 0 MiB, 0 %, 35.04 W
2026/09/21 01:34:30.403, 0, NVIDIA RTX PRO 6000 Blackwell Server Edition, 0 MiB, 0 %, 34.80 W
2026/09/21 01:34:31.404, 0, NVIDIA RTX PRO 6000 Blackwell Server Edition, 0 MiB, 0 %, 35.03 W
2026/09/21 01:34:32.404, 0, NVIDIA RTX PRO 6000 Blackwell Server Edition, 0 MiB, 0 %, 34.79 W
2026/09/21 01:34:33.404, 0, NVIDIA RTX PRO 6000 Blackwell Server Edition, 0 MiB, 0 %, 35.09 W
2026/09/21 01:34:34.404, 0, NVIDIA RTX PRO 6000 Blackwell Server Edition, 0 MiB, 0 %, 35.09 W
2026/09/21 01:34:35.404, 0, NVIDIA RTX PRO 6000 Blackwell Server Edition, 0 MiB, 0 %, 35.09 W
2026/09/21 01:34:36.404, 0, NVIDIA RTX PRO 6000 Blackwell Server Edition, 0 MiB, 0 %, 35.09 W
2026/09/21 01:34:37.405, 0, NVIDIA RTX PRO 6000 Blackwell Server Edition, 0 MiB, 0 %, 34.85 W
2026/09/21 01:34:38.405, 0, NVIDIA RTX PRO 6000 Blackwell Server Edition, 0 MiB, 0 %, 34.61 W
2026/09/21 01:34:39.405, 0, NVIDIA RTX PRO 6000 Blackwell Server Edition, 0 MiB, 0 %, 35.09 W
2026/09/21 01:34:40.405, 0, NVIDIA RTX PRO 6000 Blackwell Server Edition, 0 MiB, 0 %, 35.09 W
2026/09/21 01:34:41.405, 0, NVIDIA RTX PRO 6000 Blackwell Server Edition, 0 MiB, 0 %, 35.09 W
2026/09/21 01:34:42.405, 0, NVIDIA RTX PRO 6000 Blackwell Server Edition, 0 MiB, 0 %, 35.07 W
2026/09/21 01:34:43.405, 0, NVIDIA RTX PRO 6000 Blackwell Server Edition, 0 MiB, 0 %, 35.04 W
2026/09/21 01:34:44.406, 0, NVIDIA RTX PRO 6000 Blackwell Server Edition, 0 MiB, 0 %, 35.05 W
2026/09/21 01:34:45.406, 0, NVIDIA RTX PRO 6000 Blackwell Server Edition, 0 MiB, 0 %, 34.83 W
2026/09/21 01:34:46.406, 0, NVIDIA RTX PRO 6000 Blackwell Server Edition, 0 MiB, 0 %, 34.61 W
2026/09/21 01:34:47.406, 0, NVIDIA RTX PRO 6000 Blackwell Server Edition, 0 MiB, 0 %, 34.60 W
2026/09/21 01:34:48.406, 0, NVIDIA RTX PRO 6000 Blackwell Server Edition, 0 MiB, 0 %, 34.61 W
2026/09/21 01:34:49.407, 0, NVIDIA RTX PRO 6000 Blackwell Server Edition, 0 MiB, 0 %, 34.85 W
2026/09/21 01:34:50.407, 0, NVIDIA RTX PRO 6000 Blackwell Server Edition, 0 MiB, 0 %, 35.09 W
2026/09/21 01:34:51.407, 0, NVIDIA RTX PRO 6000 Blackwell Server Edition, 0 MiB, 0 %, 35.09 W
2026/09/21 01:34:52.407, 0, NVIDIA RTX PRO 6000 Blackwell Server Edition, 0 MiB, 0 %, 35.08 W
2026/09/21 01:34:53.407, 0, NVIDIA RTX PRO 6000 Blackwell Server Edition, 0 MiB, 0 %, 35.53 W
2026/09/21 01:34:54.407, 0, NVIDIA RTX PRO 6000 Blackwell Server Edition, 0 MiB, 0 %, 35.54 W
2026/09/21 01:34:55.407, 0, NVIDIA RTX PRO 6000 Blackwell Server Edition, 0 MiB, 0 %, 35.31 W
2026/09/21 01:34:56.408, 0, NVIDIA RTX PRO 6000 Blackwell Server Edition, 0 MiB, 0 %, 35.05 W
2026/09/21 01:34:57.408, 0, NVIDIA RTX PRO 6000 Blackwell Server Edition, 0 MiB, 0 %, 35.07 W
2026/09/21 01:34:58.408, 0, NVIDIA RTX PRO 6000 Blackwell Server Edition, 0 MiB, 0 %, 34.83 W
2026/09/21 01:34:59.408, 0, NVIDIA RTX PRO 6000 Blackwell Server Edition, 0 MiB, 0 %, 35.07 W
2026/09/21 01:35:00.408, 0, NVIDIA RTX PRO 6000 Blackwell Server Edition, 0 MiB, 0 %, 35.06 W
2026/09/21 01:35:01.408, 0, NVIDIA RTX PRO 6000 Blackwell Server Edition, 0 MiB, 0 %, 35.09 W
2026/09/21 01:35:02.409, 0, NVIDIA RTX PRO 6000 Blackwell Server Edition, 0 MiB, 0 %, 35.32 W
2026/09/21 01:35:03.409, 0, NVIDIA RTX PRO 6000 Blackwell Server Edition, 0 MiB, 0 %, 35.57 W
2026/09/21 01:35:04.409, 0, NVIDIA RTX PRO 6000 Blackwell Server Edition, 0 MiB, 0 %, 35.33 W
2026/09/21 01:35:05.409, 0, NVIDIA RTX PRO 6000 Blackwell Server Edition, 0 MiB, 0 %, 35.09 W
2026/09/21 01:35:06.409, 0, NVIDIA RTX PRO 6000 Blackwell Server Edition, 0 MiB, 0 %, 35.09 W
2026/09/21 01:35:07.409, 0, NVIDIA RTX PRO 6000 Blackwell Server Edition, 0 MiB, 0 %, 35.08 W
2026/09/21 01:35:08.410, 0, NVIDIA RTX PRO 6000 Blackwell Server Edition, 0 MiB, 0 %, 35.07 W
2026/09/21 01:35:09.410, 0, NVIDIA RTX PRO 6000 Blackwell Server Edition, 0 MiB, 0 %, 35.08 W
2026/09/21 01:35:10.410, 0, NVIDIA RTX PRO 6000 Blackwell Server Edition, 0 MiB, 0 %, 35.09 W
2026/09/21 01:35:11.410, 0, NVIDIA RTX PRO 6000 Blackwell Server Edition, 0 MiB, 0 %, 35.09 W
2026/09/21 01:35:12.410, 0, NVIDIA RTX PRO 6000 Blackwell Server Edition, 0 MiB, 0 %, 35.33 W
2026/09/21 01:35:13.410, 0, NVIDIA RTX PRO 6000 Blackwell Server Edition, 0 MiB, 0 %, 36.06 W
2026/09/21 01:35:14.410, 0, NVIDIA RTX PRO 6000 Blackwell Server Edition, 0 MiB, 0 %, 36.01 W
2026/09/21 01:35:15.411, 0, NVIDIA RTX PRO 6000 Blackwell Server Edition, 0 MiB, 0 %, 36.24 W
2026/09/21 01:35:16.411, 0, NVIDIA RTX PRO 6000 Blackwell Server Edition, 0 MiB, 0 %, 36.49 W
2026/09/21 01:35:17.411, 0, NVIDIA RTX PRO 6000 Blackwell Server Edition, 0 MiB, 0 %, 36.01 W
2026/09/21 01:35:18.411, 0, NVIDIA RTX PRO 6000 Blackwell Server Edition, 0 MiB, 0 %, 35.49 W
2026/09/21 01:35:19.411, 0, NVIDIA RTX PRO 6000 Blackwell Server Edition, 0 MiB, 0 %, 34.52 W
2026/09/21 01:35:20.411, 0, NVIDIA RTX PRO 6000 Blackwell Server Edition, 0 MiB, 0 %, 35.03 W
2026/09/21 01:35:21.412, 0, NVIDIA RTX PRO 6000 Blackwell Server Edition, 0 MiB, 0 %, 35.04 W
2026/09/21 01:35:22.412, 0, NVIDIA RTX PRO 6000 Blackwell Server Edition, 0 MiB, 0 %, 35.06 W
2026/09/21 01:35:23.412, 0, NVIDIA RTX PRO 6000 Blackwell Server Edition, 0 MiB, 0 %, 35.07 W
2026/09/21 01:35:24.412, 0, NVIDIA RTX PRO 6000 Blackwell Server Edition, 0 MiB, 0 %, 35.05 W
2026/09/21 01:35:25.412, 0, NVIDIA RTX PRO 6000 Blackwell Server Edition, 0 MiB, 0 %, 34.82 W
2026/09/21 01:35:26.412, 0, NVIDIA RTX PRO 6000 Blackwell Server Edition, 0 MiB, 0 %, 35.55 W
2026/09/21 01:35:27.413, 0, NVIDIA RTX PRO 6000 Blackwell Server Edition, 0 MiB, 0 %, 35.09 W
2026/09/21 01:35:28.413, 0, NVIDIA RTX PRO 6000 Blackwell Server Edition, 0 MiB, 0 %, 34.59 W
2026/09/21 01:35:29.413, 0, NVIDIA RTX PRO 6000 Blackwell Server Edition, 0 MiB, 0 %, 35.13 W
2026/09/21 01:35:30.413, 0, NVIDIA RTX PRO 6000 Blackwell Server Edition, 0 MiB, 0 %, 35.07 W
2026/09/21 01:35:31.413, 0, NVIDIA RTX PRO 6000 Blackwell Server Edition, 0 MiB, 0 %, 35.02 W
2026/09/21 01:35:32.413, 0, NVIDIA RTX PRO 6000 Blackwell Server Edition, 0 MiB, 0 %, 34.78 W
2026/09/21 01:35:33.414, 0, NVIDIA RTX PRO 6000 Blackwell Server Edition, 0 MiB, 0 %, 35.00 W
2026/09/21 01:35:34.414, 0, NVIDIA RTX PRO 6000 Blackwell Server Edition, 0 MiB, 0 %, 35.02 W
2026/09/21 01:35:35.414, 0, NVIDIA RTX PRO 6000 Blackwell Server Edition, 0 MiB, 0 %, 35.53 W
2026/09/21 01:35:36.414, 0, NVIDIA RTX PRO 6000 Blackwell Server Edition, 0 MiB, 0 %, 35.29 W
2026/09/21 01:35:37.414, 0, NVIDIA RTX PRO 6000 Blackwell Server Edition, 0 MiB, 0 %, 35.05 W
2026/09/21 01:35:38.415, 0, NVIDIA RTX PRO 6000 Blackwell Server Edition, 0 MiB, 0 %, 35.05 W
2026/09/21 01:35:39.415, 0, NVIDIA RTX PRO 6000 Blackwell Server Edition, 0 MiB, 0 %, 35.05 W
2026/09/21 01:35:40.415, 0, NVIDIA RTX PRO 6000 Blackwell Server Edition, 0 MiB, 0 %, 35.06 W
2026/09/21 01:35:41.415, 0, NVIDIA RTX PRO 6000 Blackwell Server Edition, 0 MiB, 0 %, 35.09 W
2026/09/21 01:35:42.415, 0, NVIDIA RTX PRO 6000 Blackwell Server Edition, 0 MiB, 0 %, 35.07 W
2026/09/21 01:35:43.415, 0, NVIDIA RTX PRO 6000 Blackwell Server Edition, 0 MiB, 0 %, 35.07 W
2026/09/21 01:35:44.416, 0, NVIDIA RTX PRO 6000 Blackwell Server Edition, 0 MiB, 0 %, 35.06 W
2026/09/21 01:35:45.417, 0, NVIDIA RTX PRO 6000 Blackwell Server Edition, 0 MiB, 0 %, 35.07 W
2026/09/21 01:35:46.418, 0, NVIDIA RTX PRO 6000 Blackwell Server Edition, 0 MiB, 0 %, 35.06 W
2026/09/21 01:35:47.418, 0, NVIDIA RTX PRO 6000 Blackwell Server Edition, 0 MiB, 0 %, 35.07 W
2026/09/21 01:35:48.419, 0, NVIDIA RTX PRO 6000 Blackwell Server Edition, 0 MiB, 0 %, 35.12 W
2026/09/21 01:35:49.419, 0, NVIDIA RTX PRO 6000 Blackwell Server Edition, 0 MiB, 0 %, 35.58 W
2026/09/21 01:35:50.419, 0, NVIDIA RTX PRO 6000 Blackwell Server Edition, 0 MiB, 0 %, 34.59 W
2026/09/21 01:35:51.419, 0, NVIDIA RTX PRO 6000 Blackwell Server Edition, 0 MiB, 0 %, 34.56 W
2026/09/21 01:35:52.419, 0, NVIDIA RTX PRO 6000 Blackwell Server Edition, 0 MiB, 0 %, 34.61 W
2026/09/21 01:35:53.420, 0, NVIDIA RTX PRO 6000 Blackwell Server Edition, 0 MiB, 0 %, 35.05 W
2026/09/21 01:35:54.420, 0, NVIDIA RTX PRO 6000 Blackwell Server Edition, 0 MiB, 0 %, 35.05 W
2026/09/21 01:35:55.420, 0, NVIDIA RTX PRO 6000 Blackwell Server Edition, 0 MiB, 0 %, 35.07 W
2026/09/21 01:35:56.420, 0, NVIDIA RTX PRO 6000 Blackwell Server Edition, 0 MiB, 0 %, 35.31 W
2026/09/21 01:35:57.420, 0, NVIDIA RTX PRO 6000 Blackwell Server Edition, 0 MiB, 0 %, 35.05 W
2026/09/21 01:35:58.421, 0, NVIDIA RTX PRO 6000 Blackwell Server Edition, 0 MiB, 0 %, 35.06 W
2026/09/21 01:35:59.421, 0, NVIDIA RTX PRO 6000 Blackwell Server Edition, 0 MiB, 0 %, 35.08 W
2026/09/21 01:36:00.421, 0, NVIDIA RTX PRO 6000 Blackwell Server Edition, 0 MiB, 0 %, 35.08 W
2026/09/21 01:36:01.421, 0, NVIDIA RTX PRO 6000 Blackwell Server Edition, 0 MiB, 0 %, 35.09 W
2026/09/21 01:36:02.421, 0, NVIDIA RTX PRO 6000 Blackwell Server Edition, 0 MiB, 0 %, 34.84 W
2026/09/21 01:36:03.421, 0, NVIDIA RTX PRO 6000 Blackwell Server Edition, 0 MiB, 0 %, 35.07 W
2026/09/21 01:36:04.421, 0, NVIDIA RTX PRO 6000 Blackwell Server Edition, 0 MiB, 0 %, 34.61 W
2026/09/21 01:36:05.422, 0, NVIDIA RTX PRO 6000 Blackwell Server Edition, 0 MiB, 0 %, 34.83 W
2026/09/21 01:36:06.422, 0, NVIDIA RTX PRO 6000 Blackwell Server Edition, 0 MiB, 0 %, 35.03 W
2026/09/21 01:36:07.422, 0, NVIDIA RTX PRO 6000 Blackwell Server Edition, 0 MiB, 0 %, 35.28 W
2026/09/21 01:36:08.422, 0, NVIDIA RTX PRO 6000 Blackwell Server Edition, 0 MiB, 0 %, 35.53 W
2026/09/21 01:36:09.422, 0, NVIDIA RTX PRO 6000 Blackwell Server Edition, 0 MiB, 0 %, 35.76 W
2026/09/21 01:36:10.422, 0, NVIDIA RTX PRO 6000 Blackwell Server Edition, 0 MiB, 0 %, 36.01 W
2026/09/21 01:36:11.422, 0, NVIDIA RTX PRO 6000 Blackwell Server Edition, 0 MiB, 0 %, 35.53 W
2026/09/21 01:36:12.423, 0, NVIDIA RTX PRO 6000 Blackwell Server Edition, 0 MiB, 0 %, 34.56 W
2026/09/21 01:36:13.423, 0, NVIDIA RTX PRO 6000 Blackwell Server Edition, 0 MiB, 0 %, 34.10 W
2026/09/21 01:36:14.423, 0, NVIDIA RTX PRO 6000 Blackwell Server Edition, 0 MiB, 0 %, 34.15 W
2026/09/21 01:36:15.423, 0, NVIDIA RTX PRO 6000 Blackwell Server Edition, 0 MiB, 0 %, 34.59 W
2026/09/21 01:36:16.423, 0, NVIDIA RTX PRO 6000 Blackwell Server Edition, 0 MiB, 0 %, 34.83 W
2026/09/21 01:36:17.423, 0, NVIDIA RTX PRO 6000 Blackwell Server Edition, 0 MiB, 0 %, 34.61 W
2026/09/21 01:36:18.423, 0, NVIDIA RTX PRO 6000 Blackwell Server Edition, 0 MiB, 0 %, 35.07 W
2026/09/21 01:36:19.424, 0, NVIDIA RTX PRO 6000 Blackwell Server Edition, 0 MiB, 0 %, 34.59 W
2026/09/21 01:36:20.424, 0, NVIDIA RTX PRO 6000 Blackwell Server Edition, 0 MiB, 0 %, 34.56 W
2026/09/21 01:36:21.424, 0, NVIDIA RTX PRO 6000 Blackwell Server Edition, 0 MiB, 0 %, 34.08 W
2026/09/21 01:36:22.424, 0, NVIDIA RTX PRO 6000 Blackwell Server Edition, 0 MiB, 0 %, 34.32 W
2026/09/21 01:36:23.424, 0, NVIDIA RTX PRO 6000 Blackwell Server Edition, 0 MiB, 0 %, 34.54 W
2026/09/21 01:36:24.424, 0, NVIDIA RTX PRO 6000 Blackwell Server Edition, 0 MiB, 0 %, 34.54 W
2026/09/21 01:36:25.425, 0, NVIDIA RTX PRO 6000 Blackwell Server Edition, 0 MiB, 0 %, 34.54 W
2026/09/21 01:36:26.425, 0, NVIDIA RTX PRO 6000 Blackwell Server Edition, 0 MiB, 0 %, 34.54 W
2026/09/21 01:36:27.425, 0, NVIDIA RTX PRO 6000 Blackwell Server Edition, 0 MiB, 0 %, 34.56 W
2026/09/21 01:36:28.425, 0, NVIDIA RTX PRO 6000 Blackwell Server Edition, 0 MiB, 0 %, 34.56 W
2026/09/21 01:36:29.425, 0, NVIDIA RTX PRO 6000 Blackwell Server Edition, 0 MiB, 0 %, 34.54 W
2026/09/21 01:36:30.425, 0, NVIDIA RTX PRO 6000 Blackwell Server Edition, 0 MiB, 0 %, 34.56 W
2026/09/21 01:36:31.425, 0, NVIDIA RTX PRO 6000 Blackwell Server Edition, 0 MiB, 0 %, 34.32 W
2026/09/21 01:36:32.426, 0, NVIDIA RTX PRO 6000 Blackwell Server Edition, 0 MiB, 0 %, 34.56 W
2026/09/21 01:36:33.426, 0, NVIDIA RTX PRO 6000 Blackwell Server Edition, 0 MiB, 0 %, 34.80 W
2026/09/21 01:36:34.426, 0, NVIDIA RTX PRO 6000 Blackwell Server Edition, 0 MiB, 0 %, 34.58 W
2026/09/21 01:36:35.426, 0, NVIDIA RTX PRO 6000 Blackwell Server Edition, 0 MiB, 0 %, 34.78 W
2026/09/21 01:36:36.426, 0, NVIDIA RTX PRO 6000 Blackwell Server Edition, 0 MiB, 0 %, 35.05 W
2026/09/21 01:36:37.426, 0, NVIDIA RTX PRO 6000 Blackwell Server Edition, 0 MiB, 0 %, 35.06 W
2026/09/21 01:36:38.427, 0, NVIDIA RTX PRO 6000 Blackwell Server Edition, 0 MiB, 0 %, 35.07 W
2026/09/21 01:36:39.427, 0, NVIDIA RTX PRO 6000 Blackwell Server Edition, 0 MiB, 0 %, 34.83 W
2026/09/21 01:36:40.427, 0, NVIDIA RTX PRO 6000 Blackwell Server Edition, 0 MiB, 0 %, 34.59 W
2026/09/21 01:36:41.427, 0, NVIDIA RTX PRO 6000 Blackwell Server Edition, 0 MiB, 0 %, 34.59 W
2026/09/21 01:36:42.428, 0, NVIDIA RTX PRO 6000 Blackwell Server Edition, 0 MiB, 0 %, 34.54 W
2026/09/21 01:36:43.428, 0, NVIDIA RTX PRO 6000 Blackwell Server Edition, 0 MiB, 0 %, 34.56 W
2026/09/21 01:36:44.429, 0, NVIDIA RTX PRO 6000 Blackwell Server Edition, 0 MiB, 0 %, 34.56 W
2026/09/21 01:36:45.429, 0, NVIDIA RTX PRO 6000 Blackwell Server Edition, 0 MiB, 0 %, 34.55 W
2026/09/21 01:36:46.429, 0, NVIDIA RTX PRO 6000 Blackwell Server Edition, 0 MiB, 0 %, 34.79 W
2026/09/21 01:36:47.429, 0, NVIDIA RTX PRO 6000 Blackwell Server Edition, 0 MiB, 0 %, 34.66 W
2026/09/21 01:36:48.429, 0, NVIDIA RTX PRO 6000 Blackwell Server Edition, 0 MiB, 0 %, 34.85 W
2026/09/21 01:36:49.429, 0, NVIDIA RTX PRO 6000 Blackwell Server Edition, 0 MiB, 0 %, 35.07 W
2026/09/21 01:36:50.430, 0, NVIDIA RTX PRO 6000 Blackwell Server Edition, 0 MiB, 0 %, 34.83 W
2026/09/21 01:36:51.430, 0, NVIDIA RTX PRO 6000 Blackwell Server Edition, 0 MiB, 0 %, 35.06 W
2026/09/21 01:36:52.430, 0, NVIDIA RTX PRO 6000 Blackwell Server Edition, 0 MiB, 0 %, 35.06 W
2026/09/21 01:36:53.430, 0, NVIDIA RTX PRO 6000 Blackwell Server Edition, 0 MiB, 0 %, 34.59 W
2026/09/21 01:36:54.430, 0, NVIDIA RTX PRO 6000 Blackwell Server Edition, 0 MiB, 0 %, 34.59 W
2026/09/21 01:36:55.430, 0, NVIDIA RTX PRO 6000 Blackwell Server Edition, 0 MiB, 0 %, 35.02 W
2026/09/21 01:36:56.431, 0, NVIDIA RTX PRO 6000 Blackwell Server Edition, 0 MiB, 0 %, 35.02 W
2026/09/21 01:36:57.431, 0, NVIDIA RTX PRO 6000 Blackwell Server Edition, 0 MiB, 0 %, 35.02 W
2026/09/21 01:36:58.431, 0, NVIDIA RTX PRO 6000 Blackwell Server Edition, 0 MiB, 0 %, 34.84 W
2026/09/21 01:36:59.431, 0, NVIDIA RTX PRO 6000 Blackwell Server Edition, 0 MiB, 0 %, 34.84 W
2026/09/21 01:37:00.431, 0, NVIDIA RTX PRO 6000 Blackwell Server Edition, 0 MiB, 0 %, 34.56 W
2026/09/21 01:37:01.431, 0, NVIDIA RTX PRO 6000 Blackwell Server Edition, 0 MiB, 0 %, 35.05 W
2026/09/21 01:37:02.432, 0, NVIDIA RTX PRO 6000 Blackwell Server Edition, 0 MiB, 0 %, 35.54 W
2026/09/21 01:37:03.432, 0, NVIDIA RTX PRO 6000 Blackwell Server Edition, 0 MiB, 0 %, 35.79 W
2026/09/21 01:37:04.432, 0, NVIDIA RTX PRO 6000 Blackwell Server Edition, 0 MiB, 0 %, 36.03 W
2026/09/21 01:37:05.432, 0, NVIDIA RTX PRO 6000 Blackwell Server Edition, 0 MiB, 0 %, 36.27 W
2026/09/21 01:37:06.432, 0, NVIDIA RTX PRO 6000 Blackwell Server Edition, 0 MiB, 0 %, 36.51 W
2026/09/21 01:37:07.433, 0, NVIDIA RTX PRO 6000 Blackwell Server Edition, 0 MiB, 0 %, 36.01 W
2026/09/21 01:37:08.433, 0, NVIDIA RTX PRO 6000 Blackwell Server Edition, 0 MiB, 0 %, 36.02 W
2026/09/21 01:37:09.433, 0, NVIDIA RTX PRO 6000 Blackwell Server Edition, 0 MiB, 0 %, 36.09 W
2026/09/21 01:37:10.433, 0, NVIDIA RTX PRO 6000 Blackwell Server Edition, 0 MiB, 0 %, 35.35 W
2026/09/21 01:37:11.433, 0, NVIDIA RTX PRO 6000 Blackwell Server Edition, 0 MiB, 0 %, 35.02 W
2026/09/21 01:37:12.433, 0, NVIDIA RTX PRO 6000 Blackwell Server Edition, 0 MiB, 0 %, 35.00 W
2026/09/21 01:37:13.433, 0, NVIDIA RTX PRO 6000 Blackwell Server Edition, 0 MiB, 0 %, 35.00 W
2026/09/21 01:37:14.434, 0, NVIDIA RTX PRO 6000 Blackwell Server Edition, 0 MiB, 0 %, 34.54 W
2026/09/21 01:37:15.434, 0, NVIDIA RTX PRO 6000 Blackwell Server Edition, 0 MiB, 0 %, 34.78 W
2026/09/21 01:37:16.434, 0, NVIDIA RTX PRO 6000 Blackwell Server Edition, 0 MiB, 0 %, 34.56 W
2026/09/21 01:37:17.434, 0, NVIDIA RTX PRO 6000 Blackwell Server Edition, 0 MiB, 0 %, 34.57 W
2026/09/21 01:37:18.434, 0, NVIDIA RTX PRO 6000 Blackwell Server Edition, 0 MiB, 0 %, 34.59 W
2026/09/21 01:37:19.435, 0, NVIDIA RTX PRO 6000 Blackwell Server Edition, 0 MiB, 0 %, 34.56 W
2026/09/21 01:37:20.435, 0, NVIDIA RTX PRO 6000 Blackwell Server Edition, 0 MiB, 0 %, 34.82 W
2026/09/21 01:37:21.435, 0, NVIDIA RTX PRO 6000 Blackwell Server Edition, 0 MiB, 0 %, 35.07 W
2026/09/21 01:37:22.435, 0, NVIDIA RTX PRO 6000 Blackwell Server Edition, 0 MiB, 0 %, 35.28 W
2026/09/21 01:37:23.435, 0, NVIDIA RTX PRO 6000 Blackwell Server Edition, 0 MiB, 0 %, 35.05 W
2026/09/21 01:37:24.435, 0, NVIDIA RTX PRO 6000 Blackwell Server Edition, 0 MiB, 0 %, 35.07 W
2026/09/21 01:37:25.436, 0, NVIDIA RTX PRO 6000 Blackwell Server Edition, 0 MiB, 0 %, 35.07 W
2026/09/21 01:37:26.436, 0, NVIDIA RTX PRO 6000 Blackwell Server Edition, 0 MiB, 0 %, 35.08 W
2026/09/21 01:37:27.436, 0, NVIDIA RTX PRO 6000 Blackwell Server Edition, 0 MiB, 0 %, 34.61 W
2026/09/21 01:37:28.436, 0, NVIDIA RTX PRO 6000 Blackwell Server Edition, 0 MiB, 0 %, 34.86 W
2026/09/21 01:37:29.436, 0, NVIDIA RTX PRO 6000 Blackwell Server Edition, 0 MiB, 0 %, 35.06 W
2026/09/21 01:37:30.436, 0, NVIDIA RTX PRO 6000 Blackwell Server Edition, 0 MiB, 0 %, 35.06 W
2026/09/21 01:37:31.436, 0, NVIDIA RTX PRO 6000 Blackwell Server Edition, 0 MiB, 0 %, 35.07 W
2026/09/21 01:37:32.437, 0, NVIDIA RTX PRO 6000 Blackwell Server Edition, 0 MiB, 0 %, 35.55 W
2026/09/21 01:37:33.437, 0, NVIDIA RTX PRO 6000 Blackwell Server Edition, 0 MiB, 0 %, 35.07 W
2026/09/21 01:37:34.437, 0, NVIDIA RTX PRO 6000 Blackwell Server Edition, 0 MiB, 0 %, 35.31 W
2026/09/21 01:37:35.437, 0, NVIDIA RTX PRO 6000 Blackwell Server Edition, 0 MiB, 0 %, 35.30 W
2026/09/21 01:37:36.437, 0, NVIDIA RTX PRO 6000 Blackwell Server Edition, 0 MiB, 0 %, 35.02 W
2026/09/21 01:37:37.438, 0, NVIDIA RTX PRO 6000 Blackwell Server Edition, 0 MiB, 0 %, 35.27 W
2026/09/21 01:37:38.438, 0, NVIDIA RTX PRO 6000 Blackwell Server Edition, 0 MiB, 0 %, 35.05 W
2026/09/21 01:37:39.438, 0, NVIDIA RTX PRO 6000 Blackwell Server Edition, 0 MiB, 0 %, 34.81 W
2026/09/21 01:37:40.438, 0, NVIDIA RTX PRO 6000 Blackwell Server Edition, 0 MiB, 0 %, 35.04 W
2026/09/21 01:37:41.438, 0, NVIDIA RTX PRO 6000 Blackwell Server Edition, 0 MiB, 0 %, 35.26 W
2026/09/21 01:37:42.439, 0, NVIDIA RTX PRO 6000 Blackwell Server Edition, 0 MiB, 0 %, 35.48 W
2026/09/21 01:37:43.439, 0, NVIDIA RTX PRO 6000 Blackwell Server Edition, 0 MiB, 0 %, 35.49 W
2026/09/21 01:37:44.440, 0, NVIDIA RTX PRO 6000 Blackwell Server Edition, 0 MiB, 0 %, 35.00 W
2026/09/21 01:37:45.441, 0, NVIDIA RTX PRO 6000 Blackwell Server Edition, 0 MiB, 0 %, 35.05 W
2026/09/21 01:37:46.441, 0, NVIDIA RTX PRO 6000 Blackwell Server Edition, 0 MiB, 0 %, 35.05 W
2026/09/21 01:37:47.442, 0, NVIDIA RTX PRO 6000 Blackwell Server Edition, 0 MiB, 0 %, 35.04 W
2026/09/21 01:37:48.442, 0, NVIDIA RTX PRO 6000 Blackwell Server Edition, 0 MiB, 0 %, 35.06 W
2026/09/21 01:37:49.442, 0, NVIDIA RTX PRO 6000 Blackwell Server Edition, 0 MiB, 0 %, 35.05 W
2026/09/21 01:37:50.442, 0, NVIDIA RTX PRO 6000 Blackwell Server Edition, 0 MiB, 0 %, 35.28 W
2026/09/21 01:37:51.442, 0, NVIDIA RTX PRO 6000 Blackwell Server Edition, 0 MiB, 0 %, 35.53 W
2026/09/21 01:37:52.442, 0, NVIDIA RTX PRO 6000 Blackwell Server Edition, 0 MiB, 0 %, 35.51 W
2026/09/21 01:37:53.443, 0, NVIDIA RTX PRO 6000 Blackwell Server Edition, 0 MiB, 0 %, 35.03 W
2026/09/21 01:37:54.443, 0, NVIDIA RTX PRO 6000 Blackwell Server Edition, 0 MiB, 0 %, 35.28 W
2026/09/21 01:37:55.443, 0, NVIDIA RTX PRO 6000 Blackwell Server Edition, 0 MiB, 0 %, 35.55 W
2026/09/21 01:37:56.443, 0, NVIDIA RTX PRO 6000 Blackwell Server Edition, 0 MiB, 0 %, 35.78 W
2026/09/21 01:37:57.443, 0, NVIDIA RTX PRO 6000 Blackwell Server Edition, 0 MiB, 0 %, 35.55 W
2026/09/21 01:37:58.444, 0, NVIDIA RTX PRO 6000 Blackwell Server Edition, 0 MiB, 0 %, 35.55 W
2026/09/21 01:37:59.444, 0, NVIDIA RTX PRO 6000 Blackwell Server Edition, 0 MiB, 0 %, 35.07 W
2026/09/21 01:38:00.444, 0, NVIDIA RTX PRO 6000 Blackwell Server Edition, 0 MiB, 0 %, 35.29 W
2026/09/21 01:38:01.444, 0, NVIDIA RTX PRO 6000 Blackwell Server Edition, 0 MiB, 0 %, 35.48 W
2026/09/21 01:38:02.444, 0, NVIDIA RTX PRO 6000 Blackwell Server Edition, 0 MiB, 0 %, 35.53 W
2026/09/21 01:38:03.444, 0, NVIDIA RTX PRO 6000 Blackwell Server Edition, 0 MiB, 0 %, 36.49 W
2026/09/21 01:38:04.444, 0, NVIDIA RTX PRO 6000 Blackwell Server Edition, 0 MiB, 0 %, 36.49 W
2026/09/21 01:38:05.445, 0, NVIDIA RTX PRO 6000 Blackwell Server Edition, 0 MiB, 0 %, 36.73 W
2026/09/21 01:38:06.445, 0, NVIDIA RTX PRO 6000 Blackwell Server Edition, 0 MiB, 0 %, 36.49 W
2026/09/21 01:38:07.445, 0, NVIDIA RTX PRO 6000 Blackwell Server Edition, 0 MiB, 0 %, 36.02 W
2026/09/21 01:38:08.445, 0, NVIDIA RTX PRO 6000 Blackwell Server Edition, 0 MiB, 0 %, 35.31 W
2026/09/21 01:38:09.445, 0, NVIDIA RTX PRO 6000 Blackwell Server Edition, 0 MiB, 0 %, 35.07 W
2026/09/21 01:38:10.445, 0, NVIDIA RTX PRO 6000 Blackwell Server Edition, 0 MiB, 0 %, 35.07 W
2026/09/21 01:38:11.446, 0, NVIDIA RTX PRO 6000 Blackwell Server Edition, 0 MiB, 0 %, 35.07 W
2026/09/21 01:38:12.446, 0, NVIDIA RTX PRO 6000 Blackwell Server Edition, 0 MiB, 0 %, 35.05 W
2026/09/21 01:38:13.446, 0, NVIDIA RTX PRO 6000 Blackwell Server Edition, 0 MiB, 0 %, 35.05 W
2026/09/21 01:38:14.446, 0, NVIDIA RTX PRO 6000 Blackwell Server Edition, 0 MiB, 0 %, 35.05 W
2026/09/21 01:38:15.446, 0, NVIDIA RTX PRO 6000 Blackwell Server Edition, 0 MiB, 0 %, 35.06 W
2026/09/21 01:38:16.446, 0, NVIDIA RTX PRO 6000 Blackwell Server Edition, 0 MiB, 0 %, 34.54 W
2026/09/21 01:38:17.446, 0, NVIDIA RTX PRO 6000 Blackwell Server Edition, 0 MiB, 0 %, 34.58 W
2026/09/21 01:38:18.447, 0, NVIDIA RTX PRO 6000 Blackwell Server Edition, 0 MiB, 0 %, 34.04 W
2026/09/21 01:38:19.447, 0, NVIDIA RTX PRO 6000 Blackwell Server Edition, 0 MiB, 0 %, 34.04 W
2026/09/21 01:38:20.447, 0, NVIDIA RTX PRO 6000 Blackwell Server Edition, 0 MiB, 0 %, 34.05 W
2026/09/21 01:38:21.447, 0, NVIDIA RTX PRO 6000 Blackwell Server Edition, 0 MiB, 0 %, 34.06 W
2026/09/21 01:38:22.447, 0, NVIDIA RTX PRO 6000 Blackwell Server Edition, 0 MiB, 0 %, 34.30 W
2026/09/21 01:38:23.447, 0, NVIDIA RTX PRO 6000 Blackwell Server Edition, 0 MiB, 0 %, 34.52 W
2026/09/21 01:38:24.448, 0, NVIDIA RTX PRO 6000 Blackwell Server Edition, 0 MiB, 0 %, 35.09 W
2026/09/21 01:38:25.448, 0, NVIDIA RTX PRO 6000 Blackwell Server Edition, 0 MiB, 0 %, 34.54 W
2026/09/21 01:38:26.448, 0, NVIDIA RTX PRO 6000 Blackwell Server Edition, 0 MiB, 0 %, 34.81 W
2026/09/21 01:38:27.448, 0, NVIDIA RTX PRO 6000 Blackwell Server Edition, 0 MiB, 0 %, 34.56 W
2026/09/21 01:38:28.448, 0, NVIDIA RTX PRO 6000 Blackwell Server Edition, 0 MiB, 0 %, 34.56 W
2026/09/21 01:38:29.448, 0, NVIDIA RTX PRO 6000 Blackwell Server Edition, 0 MiB, 0 %, 34.32 W
2026/09/21 01:38:30.449, 0, NVIDIA RTX PRO 6000 Blackwell Server Edition, 0 MiB, 0 %, 34.56 W
2026/09/21 01:38:31.449, 0, NVIDIA RTX PRO 6000 Blackwell Server Edition, 0 MiB, 0 %, 34.32 W
2026/09/21 01:38:32.449, 0, NVIDIA RTX PRO 6000 Blackwell Server Edition, 0 MiB, 0 %, 34.54 W
2026/09/21 01:38:33.449, 0, NVIDIA RTX PRO 6000 Blackwell Server Edition, 0 MiB, 0 %, 34.56 W
2026/09/21 01:38:34.449, 0, NVIDIA RTX PRO 6000 Blackwell Server Edition, 0 MiB, 0 %, 34.59 W
2026/09/21 01:38:35.450, 0, NVIDIA RTX PRO 6000 Blackwell Server Edition, 0 MiB, 0 %, 35.06 W
2026/09/21 01:38:36.450, 0, NVIDIA RTX PRO 6000 Blackwell Server Edition, 0 MiB, 0 %, 35.06 W
2026/09/21 01:38:37.450, 0, NVIDIA RTX PRO 6000 Blackwell Server Edition, 0 MiB, 0 %, 34.59 W
2026/09/21 01:38:38.450, 0, NVIDIA RTX PRO 6000 Blackwell Server Edition, 0 MiB, 0 %, 34.57 W
2026/09/21 01:38:39.450, 0, NVIDIA RTX PRO 6000 Blackwell Server Edition, 0 MiB, 0 %, 34.56 W
2026/09/21 01:38:40.452, 0, NVIDIA RTX PRO 6000 Blackwell Server Edition, 0 MiB, 0 %, 34.58 W
2026/09/21 01:38:41.453, 0, NVIDIA RTX PRO 6000 Blackwell Server Edition, 0 MiB, 0 %, 34.59 W
2026/09/21 01:38:42.453, 0, NVIDIA RTX PRO 6000 Blackwell Server Edition, 0 MiB, 0 %, 34.58 W
2026/09/21 01:38:43.453, 0, NVIDIA RTX PRO 6000 Blackwell Server Edition, 0 MiB, 0 %, 34.58 W
2026/09/21 01:38:44.453, 0, NVIDIA RTX PRO 6000 Blackwell Server Edition, 0 MiB, 0 %, 34.61 W
2026/09/21 01:38:45.453, 0, NVIDIA RTX PRO 6000 Blackwell Server Edition, 0 MiB, 0 %, 34.81 W
2026/09/21 01:38:46.454, 0, NVIDIA RTX PRO 6000 Blackwell Server Edition, 0 MiB, 0 %, 35.02 W
2026/09/21 01:38:47.454, 0, NVIDIA RTX PRO 6000 Blackwell Server Edition, 0 MiB, 0 %, 35.02 W
2026/09/21 01:38:48.454, 0, NVIDIA RTX PRO 6000 Blackwell Server Edition, 0 MiB, 0 %, 35.05 W
2026/09/21 01:38:49.454, 0, NVIDIA RTX PRO 6000 Blackwell Server Edition, 0 MiB, 0 %, 34.56 W
2026/09/21 01:38:50.455, 0, NVIDIA RTX PRO 6000 Blackwell Server Edition, 0 MiB, 0 %, 34.58 W
2026/09/21 01:38:51.455, 0, NVIDIA RTX PRO 6000 Blackwell Server Edition, 0 MiB, 0 %, 34.61 W
2026/09/21 01:38:52.455, 0, NVIDIA RTX PRO 6000 Blackwell Server Edition, 0 MiB, 0 %, 34.59 W
2026/09/21 01:38:53.455, 0, NVIDIA RTX PRO 6000 Blackwell Server Edition, 0 MiB, 0 %, 34.59 W
2026/09/21 01:38:54.455, 0, NVIDIA RTX PRO 6000 Blackwell Server Edition, 0 MiB, 0 %, 34.59 W
2026/09/21 01:38:55.455, 0, NVIDIA RTX PRO 6000 Blackwell Server Edition, 0 MiB, 0 %, 35.06 W
2026/09/21 01:38:56.456, 0, NVIDIA RTX PRO 6000 Blackwell Server Edition, 0 MiB, 0 %, 35.29 W
2026/09/21 01:38:57.456, 0, NVIDIA RTX PRO 6000 Blackwell Server Edition, 0 MiB, 0 %, 35.07 W
2026/09/21 01:38:58.456, 0, NVIDIA RTX PRO 6000 Blackwell Server Edition, 0 MiB, 0 %, 35.54 W
2026/09/21 01:38:59.456, 0, NVIDIA RTX PRO 6000 Blackwell Server Edition, 0 MiB, 0 %, 36.01 W
2026/09/21 01:39:00.456, 0, NVIDIA RTX PRO 6000 Blackwell Server Edition, 0 MiB, 0 %, 36.26 W
2026/09/21 01:39:01.456, 0, NVIDIA RTX PRO 6000 Blackwell Server Edition, 0 MiB, 0 %, 36.02 W
2026/09/21 01:39:02.457, 0, NVIDIA RTX PRO 6000 Blackwell Server Edition, 0 MiB, 0 %, 35.50 W
2026/09/21 01:39:03.457, 0, NVIDIA RTX PRO 6000 Blackwell Server Edition, 0 MiB, 0 %, 34.52 W
2026/09/21 01:39:04.457, 0, NVIDIA RTX PRO 6000 Blackwell Server Edition, 0 MiB, 0 %, 34.08 W
2026/09/21 01:39:05.457, 0, NVIDIA RTX PRO 6000 Blackwell Server Edition, 0 MiB, 0 %, 34.56 W
2026/09/21 01:39:06.457, 0, NVIDIA RTX PRO 6000 Blackwell Server Edition, 0 MiB, 0 %, 34.54 W
2026/09/21 01:39:07.457, 0, NVIDIA RTX PRO 6000 Blackwell Server Edition, 0 MiB, 0 %, 34.54 W
2026/09/21 01:39:08.458, 0, NVIDIA RTX PRO 6000 Blackwell Server Edition, 0 MiB, 0 %, 34.55 W
2026/09/21 01:39:09.458, 0, NVIDIA RTX PRO 6000 Blackwell Server Edition, 0 MiB, 0 %, 34.56 W
2026/09/21 01:39:10.458, 0, NVIDIA RTX PRO 6000 Blackwell Server Edition, 0 MiB, 0 %, 34.56 W
2026/09/21 01:39:11.458, 0, NVIDIA RTX PRO 6000 Blackwell Server Edition, 0 MiB, 0 %, 34.58 W
2026/09/21 01:39:12.458, 0, NVIDIA RTX PRO 6000 Blackwell Server Edition, 0 MiB, 0 %, 34.59 W
2026/09/21 01:39:13.458, 0, NVIDIA RTX PRO 6000 Blackwell Server Edition, 0 MiB, 0 %, 34.82 W
2026/09/21 01:39:14.459, 0, NVIDIA RTX PRO 6000 Blackwell Server Edition, 0 MiB, 0 %, 34.59 W
2026/09/21 01:39:15.459, 0, NVIDIA RTX PRO 6000 Blackwell Server Edition, 0 MiB, 0 %, 34.83 W
2026/09/21 01:39:16.459, 0, NVIDIA RTX PRO 6000 Blackwell Server Edition, 0 MiB, 0 %, 35.05 W
2026/09/21 01:39:17.459, 0, NVIDIA RTX PRO 6000 Blackwell Server Edition, 0 MiB, 0 %, 35.06 W
2026/09/21 01:39:18.459, 0, NVIDIA RTX PRO 6000 Blackwell Server Edition, 0 MiB, 0 %, 35.05 W
2026/09/21 01:39:19.459, 0, NVIDIA RTX PRO 6000 Blackwell Server Edition, 0 MiB, 0 %, 35.03 W
2026/09/21 01:39:20.460, 0, NVIDIA RTX PRO 6000 Blackwell Server Edition, 0 MiB, 0 %, 35.10 W
2026/09/21 01:39:21.460, 0, NVIDIA RTX PRO 6000 Blackwell Server Edition, 0 MiB, 0 %, 35.07 W
2026/09/21 01:39:22.460, 0, NVIDIA RTX PRO 6000 Blackwell Server Edition, 0 MiB, 0 %, 34.56 W
2026/09/21 01:39:23.460, 0, NVIDIA RTX PRO 6000 Blackwell Server Edition, 0 MiB, 0 %, 34.09 W
2026/09/21 01:39:24.460, 0, NVIDIA RTX PRO 6000 Blackwell Server Edition, 0 MiB, 0 %, 34.58 W
2026/09/21 01:39:25.460, 0, NVIDIA RTX PRO 6000 Blackwell Server Edition, 0 MiB, 0 %, 34.57 W
2026/09/21 01:39:26.461, 0, NVIDIA RTX PRO 6000 Blackwell Server Edition, 0 MiB, 0 %, 34.80 W
2026/09/21 01:39:27.461, 0, NVIDIA RTX PRO 6000 Blackwell Server Edition, 0 MiB, 0 %, 35.07 W
2026/09/21 01:39:28.461, 0, NVIDIA RTX PRO 6000 Blackwell Server Edition, 0 MiB, 0 %, 35.06 W
2026/09/21 01:39:29.461, 0, NVIDIA RTX PRO 6000 Blackwell Server Edition, 0 MiB, 0 %, 35.07 W
2026/09/21 01:39:30.461, 0, NVIDIA RTX PRO 6000 Blackwell Server Edition, 0 MiB, 0 %, 35.06 W
2026/09/21 01:39:31.461, 0, NVIDIA RTX PRO 6000 Blackwell Server Edition, 0 MiB, 0 %, 34.57 W
2026/09/21 01:39:32.462, 0, NVIDIA RTX PRO 6000 Blackwell Server Edition, 0 MiB, 0 %, 34.82 W
2026/09/21 01:39:33.462, 0, NVIDIA RTX PRO 6000 Blackwell Server Edition, 0 MiB, 0 %, 34.57 W
2026/09/21 01:39:34.462, 0, NVIDIA RTX PRO 6000 Blackwell Server Edition, 0 MiB, 0 %, 34.55 W
2026/09/21 01:39:35.462, 0, NVIDIA RTX PRO 6000 Blackwell Server Edition, 0 MiB, 0 %, 34.54 W
2026/09/21 01:39:36.462, 0, NVIDIA RTX PRO 6000 Blackwell Server Edition, 0 MiB, 0 %, 34.78 W
2026/09/21 01:39:37.463, 0, NVIDIA RTX PRO 6000 Blackwell Server Edition, 0 MiB, 0 %, 34.78 W
2026/09/21 01:39:38.463, 0, NVIDIA RTX PRO 6000 Blackwell Server Edition, 0 MiB, 0 %, 34.79 W
2026/09/21 01:39:39.463, 0, NVIDIA RTX PRO 6000 Blackwell Server Edition, 0 MiB, 0 %, 35.06 W
2026/09/21 01:39:40.463, 0, NVIDIA RTX PRO 6000 Blackwell Server Edition, 0 MiB, 0 %, 35.05 W
2026/09/21 01:39:41.463, 0, NVIDIA RTX PRO 6000 Blackwell Server Edition, 0 MiB, 0 %, 35.06 W
2026/09/21 01:39:42.464, 0, NVIDIA RTX PRO 6000 Blackwell Server Edition, 0 MiB, 0 %, 34.82 W
2026/09/21 01:39:43.464, 0, NVIDIA RTX PRO 6000 Blackwell Server Edition, 0 MiB, 0 %, 34.58 W
2026/09/21 01:39:44.465, 0, NVIDIA RTX PRO 6000 Blackwell Server Edition, 0 MiB, 0 %, 34.61 W
2026/09/21 01:39:45.465, 0, NVIDIA RTX PRO 6000 Blackwell Server Edition, 0 MiB, 0 %, 34.84 W
2026/09/21 01:39:46.465, 0, NVIDIA RTX PRO 6000 Blackwell Server Edition, 0 MiB, 0 %, 35.07 W
2026/09/21 01:39:47.465, 0, NVIDIA RTX PRO 6000 Blackwell Server Edition, 0 MiB, 0 %, 35.04 W
2026/09/21 01:39:48.466, 0, NVIDIA RTX PRO 6000 Blackwell Server Edition, 0 MiB, 0 %, 35.50 W
2026/09/21 01:39:49.466, 0, NVIDIA RTX PRO 6000 Blackwell Server Edition, 0 MiB, 0 %, 35.50 W
2026/09/21 01:39:50.466, 0, NVIDIA RTX PRO 6000 Blackwell Server Edition, 0 MiB, 0 %, 35.52 W
2026/09/21 01:39:51.466, 0, NVIDIA RTX PRO 6000 Blackwell Server Edition, 0 MiB, 0 %, 35.50 W
2026/09/21 01:39:52.466, 0, NVIDIA RTX PRO 6000 Blackwell Server Edition, 0 MiB, 0 %, 35.99 W
2026/09/21 01:39:53.467, 0, NVIDIA RTX PRO 6000 Blackwell Server Edition, 0 MiB, 0 %, 35.97 W
2026/09/21 01:39:54.467, 0, NVIDIA RTX PRO 6000 Blackwell Server Edition, 0 MiB, 0 %, 35.99 W
2026/09/21 01:39:55.467, 0, NVIDIA RTX PRO 6000 Blackwell Server Edition, 0 MiB, 0 %, 35.78 W
2026/09/21 01:39:56.467, 0, NVIDIA RTX PRO 6000 Blackwell Server Edition, 0 MiB, 0 %, 35.31 W
2026/09/21 01:39:57.467, 0, NVIDIA RTX PRO 6000 Blackwell Server Edition, 0 MiB, 0 %, 34.83 W
2026/09/21 01:39:58.467, 0, NVIDIA RTX PRO 6000 Blackwell Server Edition, 0 MiB, 0 %, 34.59 W
2026/09/21 01:39:59.468, 0, NVIDIA RTX PRO 6000 Blackwell Server Edition, 0 MiB, 0 %, 34.57 W
2026/09/21 01:40:00.468, 0, NVIDIA RTX PRO 6000 Blackwell Server Edition, 0 MiB, 0 %, 34.81 W
2026/09/21 01:40:01.468, 0, NVIDIA RTX PRO 6000 Blackwell Server Edition, 0 MiB, 0 %, 34.54 W
2026/09/21 01:40:02.468, 0, NVIDIA RTX PRO 6000 Blackwell Server Edition, 0 MiB, 0 %, 34.78 W
2026/09/21 01:40:03.468, 0, NVIDIA RTX PRO 6000 Blackwell Server Edition, 0 MiB, 0 %, 34.56 W
2026/09/21 01:40:04.468, 0, NVIDIA RTX PRO 6000 Blackwell Server Edition, 0 MiB, 0 %, 34.60 W
2026/09/21 01:40:05.468, 0, NVIDIA RTX PRO 6000 Blackwell Server Edition, 0 MiB, 0 %, 34.58 W
2026/09/21 01:40:06.468, 0, NVIDIA RTX PRO 6000 Blackwell Server Edition, 0 MiB, 0 %, 34.82 W
2026/09/21 01:40:07.469, 0, NVIDIA RTX PRO 6000 Blackwell Server Edition, 0 MiB, 0 %, 35.13 W
2026/09/21 01:40:08.469, 0, NVIDIA RTX PRO 6000 Blackwell Server Edition, 0 MiB, 0 %, 34.84 W
2026/09/21 01:40:09.469, 0, NVIDIA RTX PRO 6000 Blackwell Server Edition, 0 MiB, 0 %, 34.54 W
2026/09/21 01:40:10.469, 0, NVIDIA RTX PRO 6000 Blackwell Server Edition, 0 MiB, 0 %, 34.57 W
2026/09/21 01:40:11.469, 0, NVIDIA RTX PRO 6000 Blackwell Server Edition, 0 MiB, 0 %, 34.54 W
2026/09/21 01:40:12.469, 0, NVIDIA RTX PRO 6000 Blackwell Server Edition, 0 MiB, 0 %, 34.56 W
2026/09/21 01:40:13.469, 0, NVIDIA RTX PRO 6000 Blackwell Server Edition, 0 MiB, 0 %, 34.59 W
2026/09/21 01:40:14.470, 0, NVIDIA RTX PRO 6000 Blackwell Server Edition, 0 MiB, 0 %, 34.35 W
2026/09/21 01:40:15.470, 0, NVIDIA RTX PRO 6000 Blackwell Server Edition, 0 MiB, 0 %, 34.10 W
2026/09/21 01:40:16.470, 0, NVIDIA RTX PRO 6000 Blackwell Server Edition, 0 MiB, 0 %, 35.07 W
2026/09/21 01:40:17.470, 0, NVIDIA RTX PRO 6000 Blackwell Server Edition, 0 MiB, 0 %, 35.07 W
2026/09/21 01:40:18.470, 0, NVIDIA RTX PRO 6000 Blackwell Server Edition, 0 MiB, 0 %, 34.59 W
2026/09/21 01:40:19.470, 0, NVIDIA RTX PRO 6000 Blackwell Server Edition, 0 MiB, 0 %, 34.83 W
2026/09/21 01:40:20.470, 0, NVIDIA RTX PRO 6000 Blackwell Server Edition, 0 MiB, 0 %, 35.02 W
2026/09/21 01:40:21.471, 0, NVIDIA RTX PRO 6000 Blackwell Server Edition, 0 MiB, 0 %, 35.02 W
2026/09/21 01:40:22.471, 0, NVIDIA RTX PRO 6000 Blackwell Server Edition, 0 MiB, 0 %, 34.56 W
2026/09/21 01:40:23.471, 0, NVIDIA RTX PRO 6000 Blackwell Server Edition, 0 MiB, 0 %, 35.05 W
2026/09/21 01:40:24.471, 0, NVIDIA RTX PRO 6000 Blackwell Server Edition, 0 MiB, 0 %, 34.82 W
2026/09/21 01:40:25.471, 0, NVIDIA RTX PRO 6000 Blackwell Server Edition, 0 MiB, 0 %, 35.07 W
2026/09/21 01:40:26.471, 0, NVIDIA RTX PRO 6000 Blackwell Server Edition, 0 MiB, 0 %, 35.55 W
2026/09/21 01:40:27.472, 0, NVIDIA RTX PRO 6000 Blackwell Server Edition, 0 MiB, 0 %, 35.31 W
2026/09/21 01:40:28.472, 0, NVIDIA RTX PRO 6000 Blackwell Server Edition, 0 MiB, 0 %, 35.07 W
2026/09/21 01:40:29.472, 0, NVIDIA RTX PRO 6000 Blackwell Server Edition, 0 MiB, 0 %, 35.07 W
2026/09/21 01:40:30.472, 0, NVIDIA RTX PRO 6000 Blackwell Server Edition, 0 MiB, 0 %, 35.07 W
2026/09/21 01:40:31.472, 0, NVIDIA RTX PRO 6000 Blackwell Server Edition, 0 MiB, 0 %, 34.59 W
2026/09/21 01:40:32.472, 0, NVIDIA RTX PRO 6000 Blackwell Server Edition, 0 MiB, 0 %, 34.83 W
2026/09/21 01:40:33.472, 0, NVIDIA RTX PRO 6000 Blackwell Server Edition, 0 MiB, 0 %, 35.07 W
2026/09/21 01:40:34.473, 0, NVIDIA RTX PRO 6000 Blackwell Server Edition, 0 MiB, 0 %, 35.07 W
2026/09/21 01:40:35.473, 0, NVIDIA RTX PRO 6000 Blackwell Server Edition, 0 MiB, 0 %, 35.07 W
2026/09/21 01:40:36.473, 0, NVIDIA RTX PRO 6000 Blackwell Server Edition, 0 MiB, 0 %, 35.07 W
2026/09/21 01:40:37.473, 0, NVIDIA RTX PRO 6000 Blackwell Server Edition, 0 MiB, 0 %, 34.58 W
2026/09/21 01:40:38.473, 0, NVIDIA RTX PRO 6000 Blackwell Server Edition, 0 MiB, 0 %, 34.58 W
2026/09/21 01:40:39.474, 0, NVIDIA RTX PRO 6000 Blackwell Server Edition, 0 MiB, 0 %, 34.59 W
2026/09/21 01:40:40.475, 0, NVIDIA RTX PRO 6000 Blackwell Server Edition, 0 MiB, 0 %, 34.83 W
2026/09/21 01:40:41.476, 0, NVIDIA RTX PRO 6000 Blackwell Server Edition, 0 MiB, 0 %, 35.07 W
2026/09/21 01:40:42.476, 0, NVIDIA RTX PRO 6000 Blackwell Server Edition, 0 MiB, 0 %, 35.02 W
2026/09/21 01:40:43.476, 0, NVIDIA RTX PRO 6000 Blackwell Server Edition, 0 MiB, 0 %, 34.57 W
2026/09/21 01:40:44.477, 0, NVIDIA RTX PRO 6000 Blackwell Server Edition, 0 MiB, 0 %, 34.79 W
2026/09/21 01:40:45.477, 0, NVIDIA RTX PRO 6000 Blackwell Server Edition, 0 MiB, 0 %, 35.02 W
2026/09/21 01:40:46.477, 0, NVIDIA RTX PRO 6000 Blackwell Server Edition, 0 MiB, 0 %, 35.48 W
2026/09/21 01:40:47.479, 0, NVIDIA RTX PRO 6000 Blackwell Server Edition, 0 MiB, 0 %, 35.99 W
2026/09/21 01:40:48.479, 0, NVIDIA RTX PRO 6000 Blackwell Server Edition, 0 MiB, 0 %, 36.24 W
2026/09/21 01:40:49.479, 0, NVIDIA RTX PRO 6000 Blackwell Server Edition, 0 MiB, 0 %, 36.25 W
2026/09/21 01:40:50.479, 0, NVIDIA RTX PRO 6000 Blackwell Server Edition, 0 MiB, 0 %, 35.99 W
2026/09/21 01:40:51.479, 0, NVIDIA RTX PRO 6000 Blackwell Server Edition, 0 MiB, 0 %, 35.75 W
2026/09/21 01:40:52.479, 0, NVIDIA RTX PRO 6000 Blackwell Server Edition, 0 MiB, 0 %, 35.05 W
2026/09/21 01:40:53.480, 0, NVIDIA RTX PRO 6000 Blackwell Server Edition, 0 MiB, 0 %, 34.56 W
2026/09/21 01:40:54.480, 0, NVIDIA RTX PRO 6000 Blackwell Server Edition, 0 MiB, 0 %, 34.56 W
2026/09/21 01:40:55.480, 0, NVIDIA RTX PRO 6000 Blackwell Server Edition, 0 MiB, 0 %, 34.59 W
2026/09/21 01:40:56.480, 0, NVIDIA RTX PRO 6000 Blackwell Server Edition, 0 MiB, 0 %, 34.59 W
2026/09/21 01:40:57.480, 0, NVIDIA RTX PRO 6000 Blackwell Server Edition, 0 MiB, 0 %, 35.07 W
2026/09/21 01:40:58.480, 0, NVIDIA RTX PRO 6000 Blackwell Server Edition, 0 MiB, 0 %, 34.83 W
2026/09/21 01:40:59.480, 0, NVIDIA RTX PRO 6000 Blackwell Server Edition, 0 MiB, 0 %, 34.59 W
2026/09/21 01:41:00.481, 0, NVIDIA RTX PRO 6000 Blackwell Server Edition, 0 MiB, 0 %, 34.59 W
2026/09/21 01:41:01.481, 0, NVIDIA RTX PRO 6000 Blackwell Server Edition, 0 MiB, 0 %, 34.59 W
2026/09/21 01:41:02.481, 0, NVIDIA RTX PRO 6000 Blackwell Server Edition, 0 MiB, 0 %, 34.59 W
2026/09/21 01:41:03.481, 0, NVIDIA RTX PRO 6000 Blackwell Server Edition, 0 MiB, 0 %, 34.59 W
2026/09/21 01:41:04.481, 0, NVIDIA RTX PRO 6000 Blackwell Server Edition, 0 MiB, 0 %, 34.59 W
2026/09/21 01:41:05.481, 0, NVIDIA RTX PRO 6000 Blackwell Server Edition, 0 MiB, 0 %, 34.59 W
2026/09/21 01:41:06.482, 0, NVIDIA RTX PRO 6000 Blackwell Server Edition, 0 MiB, 0 %, 35.05 W
2026/09/21 01:41:07.482, 0, NVIDIA RTX PRO 6000 Blackwell Server Edition, 0 MiB, 0 %, 34.56 W
2026/09/21 01:41:08.482, 0, NVIDIA RTX PRO 6000 Blackwell Server Edition, 0 MiB, 0 %, 34.81 W
2026/09/21 01:41:09.482, 0, NVIDIA RTX PRO 6000 Blackwell Server Edition, 0 MiB, 0 %, 34.56 W
2026/09/21 01:41:10.482, 0, NVIDIA RTX PRO 6000 Blackwell Server Edition, 0 MiB, 0 %, 34.55 W
2026/09/21 01:41:11.482, 0, NVIDIA RTX PRO 6000 Blackwell Server Edition, 0 MiB, 0 %, 34.54 W
2026/09/21 01:41:12.483, 0, NVIDIA RTX PRO 6000 Blackwell Server Edition, 0 MiB, 0 %, 34.55 W
2026/09/21 01:41:13.483, 0, NVIDIA RTX PRO 6000 Blackwell Server Edition, 3 MiB, 0 %, 35.71 W
2026/09/21 01:41:14.483, 0, NVIDIA RTX PRO 6000 Blackwell Server Edition, 3 MiB, 0 %, 36.75 W
2026/09/21 01:41:15.483, 0, NVIDIA RTX PRO 6000 Blackwell Server Edition, 22 MiB, 0 %, 39.27 W
2026/09/21 01:41:16.484, 0, NVIDIA RTX PRO 6000 Blackwell Server Edition, 593 MiB, 0 %, 90.39 W
2026/09/21 01:41:17.484, 0, NVIDIA RTX PRO 6000 Blackwell Server Edition, 593 MiB, 0 %, 89.55 W
2026/09/21 01:41:18.484, 0, NVIDIA RTX PRO 6000 Blackwell Server Edition, 7141 MiB, 16 %, 92.33 W
2026/09/21 01:41:19.485, 0, NVIDIA RTX PRO 6000 Blackwell Server Edition, 14581 MiB, 12 %, 92.68 W
2026/09/21 01:41:20.485, 0, NVIDIA RTX PRO 6000 Blackwell Server Edition, 23707 MiB, 19 %, 93.22 W
2026/09/21 01:41:21.485, 0, NVIDIA RTX PRO 6000 Blackwell Server Edition, 23855 MiB, 0 %, 90.37 W
2026/09/21 01:41:22.485, 0, NVIDIA RTX PRO 6000 Blackwell Server Edition, 1641 MiB, 38 %, 133.40 W
2026/09/21 01:41:23.485, 0, NVIDIA RTX PRO 6000 Blackwell Server Edition, 6025 MiB, 3 %, 92.21 W
2026/09/21 01:41:24.486, 0, NVIDIA RTX PRO 6000 Blackwell Server Edition, 8981 MiB, 12 %, 104.04 W
2026/09/21 01:41:25.486, 0, NVIDIA RTX PRO 6000 Blackwell Server Edition, 1231 MiB, 3 %, 92.83 W
2026/09/21 01:41:26.486, 0, NVIDIA RTX PRO 6000 Blackwell Server Edition, 8255 MiB, 19 %, 93.17 W
2026/09/21 01:41:27.486, 0, NVIDIA RTX PRO 6000 Blackwell Server Edition, 17703 MiB, 17 %, 94.20 W
2026/09/21 01:41:28.486, 0, NVIDIA RTX PRO 6000 Blackwell Server Edition, 27265 MiB, 18 %, 94.46 W
2026/09/21 01:41:29.486, 0, NVIDIA RTX PRO 6000 Blackwell Server Edition, 36843 MiB, 16 %, 94.55 W
2026/09/21 01:41:30.486, 0, NVIDIA RTX PRO 6000 Blackwell Server Edition, 42107 MiB, 0 %, 92.67 W
2026/09/21 01:41:31.487, 0, NVIDIA RTX PRO 6000 Blackwell Server Edition, 42393 MiB, 0 %, 96.30 W
2026/09/21 01:41:32.487, 0, NVIDIA RTX PRO 6000 Blackwell Server Edition, 42397 MiB, 100 %, 433.30 W
2026/09/21 01:41:33.487, 0, NVIDIA RTX PRO 6000 Blackwell Server Edition, 42397 MiB, 100 %, 551.15 W
2026/09/21 01:41:34.487, 0, NVIDIA RTX PRO 6000 Blackwell Server Edition, 42397 MiB, 100 %, 552.38 W
2026/09/21 01:41:35.487, 0, NVIDIA RTX PRO 6000 Blackwell Server Edition, 42397 MiB, 100 %, 554.84 W
2026/09/21 01:41:36.488, 0, NVIDIA RTX PRO 6000 Blackwell Server Edition, 38689 MiB, 0 %, 179.56 W
2026/09/21 01:41:37.488, 0, NVIDIA RTX PRO 6000 Blackwell Server Edition, 42717 MiB, 100 %, 418.63 W
2026/09/21 01:41:38.488, 0, NVIDIA RTX PRO 6000 Blackwell Server Edition, 42717 MiB, 100 %, 591.92 W
2026/09/21 01:41:39.488, 0, NVIDIA RTX PRO 6000 Blackwell Server Edition, 42719 MiB, 100 %, 595.09 W
2026/09/21 01:41:40.488, 0, NVIDIA RTX PRO 6000 Blackwell Server Edition, 42719 MiB, 100 %, 589.33 W
2026/09/21 01:41:41.489, 0, NVIDIA RTX PRO 6000 Blackwell Server Edition, 42719 MiB, 100 %, 598.10 W
2026/09/21 01:41:42.489, 0, NVIDIA RTX PRO 6000 Blackwell Server Edition, 42719 MiB, 100 %, 591.87 W
2026/09/21 01:41:43.489, 0, NVIDIA RTX PRO 6000 Blackwell Server Edition, 42719 MiB, 100 %, 598.30 W
2026/09/21 01:41:44.489, 0, NVIDIA RTX PRO 6000 Blackwell Server Edition, 42783 MiB, 21 %, 214.42 W
2026/09/21 01:41:45.489, 0, NVIDIA RTX PRO 6000 Blackwell Server Edition, 55163 MiB, 100 %, 245.73 W
2026/09/21 01:41:46.489, 0, NVIDIA RTX PRO 6000 Blackwell Server Edition, 58765 MiB, 100 %, 532.21 W
2026/09/21 01:41:47.491, 0, NVIDIA RTX PRO 6000 Blackwell Server Edition, 58765 MiB, 100 %, 561.65 W
2026/09/21 01:41:48.491, 0, NVIDIA RTX PRO 6000 Blackwell Server Edition, 58765 MiB, 100 %, 562.31 W
2026/09/21 01:41:49.491, 0, NVIDIA RTX PRO 6000 Blackwell Server Edition, 58765 MiB, 100 %, 568.15 W
2026/09/21 01:41:50.491, 0, NVIDIA RTX PRO 6000 Blackwell Server Edition, 58765 MiB, 100 %, 566.74 W
2026/09/21 01:41:51.492, 0, NVIDIA RTX PRO 6000 Blackwell Server Edition, 58765 MiB, 100 %, 563.85 W
2026/09/21 01:41:52.492, 0, NVIDIA RTX PRO 6000 Blackwell Server Edition, 58765 MiB, 100 %, 569.23 W
2026/09/21 01:41:53.492, 0, NVIDIA RTX PRO 6000 Blackwell Server Edition, 58765 MiB, 100 %, 563.95 W
2026/09/21 01:41:54.492, 0, NVIDIA RTX PRO 6000 Blackwell Server Edition, 39279 MiB, 0 %, 252.47 W
2026/09/21 01:41:55.492, 0, NVIDIA RTX PRO 6000 Blackwell Server Edition, 39279 MiB, 0 %, 91.02 W
2026/09/21 01:41:56.492, 0, NVIDIA RTX PRO 6000 Blackwell Server Edition, 39279 MiB, 0 %, 90.67 W
2026/09/21 01:41:57.493, 0, NVIDIA RTX PRO 6000 Blackwell Server Edition, 39279 MiB, 0 %, 88.87 W
2026/09/21 01:41:58.493, 0, NVIDIA RTX PRO 6000 Blackwell Server Edition, 39279 MiB, 0 %, 95.34 W
2026/09/21 01:41:59.493, 0, NVIDIA RTX PRO 6000 Blackwell Server Edition, 39279 MiB, 0 %, 95.88 W
2026/09/21 01:42:00.493, 0, NVIDIA RTX PRO 6000 Blackwell Server Edition, 39279 MiB, 0 %, 95.16 W
2026/09/21 01:42:01.493, 0, NVIDIA RTX PRO 6000 Blackwell Server Edition, 39279 MiB, 0 %, 95.88 W
2026/09/21 01:42:02.494, 0, NVIDIA RTX PRO 6000 Blackwell Server Edition, 39279 MiB, 0 %, 95.40 W
2026/09/21 01:42:03.494, 0, NVIDIA RTX PRO 6000 Blackwell Server Edition, 39279 MiB, 0 %, 94.02 W
2026/09/21 01:42:04.494, 0, NVIDIA RTX PRO 6000 Blackwell Server Edition, 39279 MiB, 0 %, 93.96 W
2026/09/21 01:42:05.494, 0, NVIDIA RTX PRO 6000 Blackwell Server Edition, 39279 MiB, 0 %, 93.94 W
2026/09/21 01:42:06.494, 0, NVIDIA RTX PRO 6000 Blackwell Server Edition, 39279 MiB, 0 %, 92.90 W
2026/09/21 01:42:07.494, 0, NVIDIA RTX PRO 6000 Blackwell Server Edition, 39279 MiB, 0 %, 93.17 W
2026/09/21 01:42:08.494, 0, NVIDIA RTX PRO 6000 Blackwell Server Edition, 39279 MiB, 0 %, 93.44 W
2026/09/21 01:42:09.495, 0, NVIDIA RTX PRO 6000 Blackwell Server Edition, 39279 MiB, 0 %, 92.54 W
2026/09/21 01:42:10.495, 0, NVIDIA RTX PRO 6000 Blackwell Server Edition, 39279 MiB, 0 %, 92.54 W
2026/09/21 01:42:11.495, 0, NVIDIA RTX PRO 6000 Blackwell Server Edition, 39279 MiB, 0 %, 92.75 W
2026/09/21 01:42:12.495, 0, NVIDIA RTX PRO 6000 Blackwell Server Edition, 39279 MiB, 0 %, 92.06 W
2026/09/21 01:42:13.495, 0, NVIDIA RTX PRO 6000 Blackwell Server Edition, 39279 MiB, 0 %, 92.03 W
2026/09/21 01:42:14.495, 0, NVIDIA RTX PRO 6000 Blackwell Server Edition, 39279 MiB, 0 %, 92.27 W
2026/09/21 01:42:15.496, 0, NVIDIA RTX PRO 6000 Blackwell Server Edition, 39279 MiB, 0 %, 92.43 W
2026/09/21 01:42:16.496, 0, NVIDIA RTX PRO 6000 Blackwell Server Edition, 39279 MiB, 0 %, 92.96 W
2026/09/21 01:42:17.496, 0, NVIDIA RTX PRO 6000 Blackwell Server Edition, 39279 MiB, 0 %, 92.48 W
2026/09/21 01:42:18.496, 0, NVIDIA RTX PRO 6000 Blackwell Server Edition, 39279 MiB, 0 %, 92.90 W
2026/09/21 01:42:19.496, 0, NVIDIA RTX PRO 6000 Blackwell Server Edition, 39279 MiB, 0 %, 92.21 W
2026/09/21 01:42:20.496, 0, NVIDIA RTX PRO 6000 Blackwell Server Edition, 39279 MiB, 0 %, 91.49 W
2026/09/21 01:42:21.497, 0, NVIDIA RTX PRO 6000 Blackwell Server Edition, 39279 MiB, 0 %, 91.70 W
2026/09/21 01:42:22.497, 0, NVIDIA RTX PRO 6000 Blackwell Server Edition, 39279 MiB, 0 %, 92.27 W
2026/09/21 01:42:23.497, 0, NVIDIA RTX PRO 6000 Blackwell Server Edition, 39279 MiB, 0 %, 91.65 W
2026/09/21 01:42:24.497, 0, NVIDIA RTX PRO 6000 Blackwell Server Edition, 39279 MiB, 0 %, 91.04 W
2026/09/21 01:42:25.497, 0, NVIDIA RTX PRO 6000 Blackwell Server Edition, 39279 MiB, 0 %, 92.47 W
2026/09/21 01:42:26.497, 0, NVIDIA RTX PRO 6000 Blackwell Server Edition, 39279 MiB, 0 %, 91.96 W
2026/09/21 01:42:27.498, 0, NVIDIA RTX PRO 6000 Blackwell Server Edition, 39279 MiB, 0 %, 91.24 W
2026/09/21 01:42:28.498, 0, NVIDIA RTX PRO 6000 Blackwell Server Edition, 39279 MiB, 0 %, 91.04 W
2026/09/21 01:42:29.498, 0, NVIDIA RTX PRO 6000 Blackwell Server Edition, 39279 MiB, 0 %, 91.00 W
2026/09/21 01:42:30.498, 0, NVIDIA RTX PRO 6000 Blackwell Server Edition, 39279 MiB, 0 %, 91.05 W
2026/09/21 01:42:31.498, 0, NVIDIA RTX PRO 6000 Blackwell Server Edition, 39279 MiB, 0 %, 91.58 W
2026/09/21 01:42:32.498, 0, NVIDIA RTX PRO 6000 Blackwell Server Edition, 39279 MiB, 0 %, 91.10 W
2026/09/21 01:42:33.499, 0, NVIDIA RTX PRO 6000 Blackwell Server Edition, 39279 MiB, 0 %, 90.94 W
2026/09/21 01:42:34.499, 0, NVIDIA RTX PRO 6000 Blackwell Server Edition, 39279 MiB, 0 %, 91.02 W
2026/09/21 01:42:35.499, 0, NVIDIA RTX PRO 6000 Blackwell Server Edition, 39279 MiB, 0 %, 91.10 W
2026/09/21 01:42:36.499, 0, NVIDIA RTX PRO 6000 Blackwell Server Edition, 39279 MiB, 0 %, 90.82 W
2026/09/21 01:42:37.499, 0, NVIDIA RTX PRO 6000 Blackwell Server Edition, 39279 MiB, 0 %, 90.52 W
2026/09/21 01:42:38.499, 0, NVIDIA RTX PRO 6000 Blackwell Server Edition, 39279 MiB, 0 %, 90.73 W
2026/09/21 01:42:39.500, 0, NVIDIA RTX PRO 6000 Blackwell Server Edition, 39279 MiB, 0 %, 90.88 W
2026/09/21 01:42:40.500, 0, NVIDIA RTX PRO 6000 Blackwell Server Edition, 39279 MiB, 0 %, 90.45 W
2026/09/21 01:42:41.500, 0, NVIDIA RTX PRO 6000 Blackwell Server Edition, 39279 MiB, 0 %, 90.32 W
2026/09/21 01:42:42.500, 0, NVIDIA RTX PRO 6000 Blackwell Server Edition, 46629 MiB, 19 %, 94.35 W
2026/09/21 01:42:43.500, 0, NVIDIA RTX PRO 6000 Blackwell Server Edition, 56929 MiB, 20 %, 95.76 W
2026/09/21 01:42:44.500, 0, NVIDIA RTX PRO 6000 Blackwell Server Edition, 61807 MiB, 9 %, 134.49 W
2026/09/21 01:42:45.500, 0, NVIDIA RTX PRO 6000 Blackwell Server Edition, 61807 MiB, 0 %, 109.09 W
2026/09/21 01:42:46.501, 0, NVIDIA RTX PRO 6000 Blackwell Server Edition, 61807 MiB, 0 %, 91.95 W
2026/09/21 01:42:47.501, 0, NVIDIA RTX PRO 6000 Blackwell Server Edition, 61807 MiB, 0 %, 91.36 W
2026/09/21 01:42:48.501, 0, NVIDIA RTX PRO 6000 Blackwell Server Edition, 61807 MiB, 0 %, 91.57 W
2026/09/21 01:42:49.501, 0, NVIDIA RTX PRO 6000 Blackwell Server Edition, 61807 MiB, 0 %, 91.83 W
2026/09/21 01:42:50.501, 0, NVIDIA RTX PRO 6000 Blackwell Server Edition, 61807 MiB, 0 %, 90.94 W
2026/09/21 01:42:51.501, 0, NVIDIA RTX PRO 6000 Blackwell Server Edition, 61807 MiB, 0 %, 91.23 W
2026/09/21 01:42:52.501, 0, NVIDIA RTX PRO 6000 Blackwell Server Edition, 61807 MiB, 0 %, 91.50 W
2026/09/21 01:42:53.502, 0, NVIDIA RTX PRO 6000 Blackwell Server Edition, 61807 MiB, 0 %, 91.48 W
2026/09/21 01:42:54.502, 0, NVIDIA RTX PRO 6000 Blackwell Server Edition, 42511 MiB, 18 %, 95.82 W
2026/09/21 01:42:55.502, 0, NVIDIA RTX PRO 6000 Blackwell Server Edition, 46191 MiB, 4 %, 110.45 W
2026/09/21 01:42:56.502, 0, NVIDIA RTX PRO 6000 Blackwell Server Edition, 39411 MiB, 100 %, 216.06 W
2026/09/21 01:42:57.502, 0, NVIDIA RTX PRO 6000 Blackwell Server Edition, 39413 MiB, 100 %, 553.43 W
2026/09/21 01:42:58.502, 0, NVIDIA RTX PRO 6000 Blackwell Server Edition, 39413 MiB, 100 %, 555.40 W
2026/09/21 01:42:59.502, 0, NVIDIA RTX PRO 6000 Blackwell Server Edition, 39413 MiB, 100 %, 556.33 W
2026/09/21 01:43:00.503, 0, NVIDIA RTX PRO 6000 Blackwell Server Edition, 39381 MiB, 0 %, 389.11 W
2026/09/21 01:43:01.506, 0, NVIDIA RTX PRO 6000 Blackwell Server Edition, 42843 MiB, 100 %, 255.94 W
2026/09/21 01:43:02.506, 0, NVIDIA RTX PRO 6000 Blackwell Server Edition, 42843 MiB, 100 %, 588.00 W
2026/09/21 01:43:03.506, 0, NVIDIA RTX PRO 6000 Blackwell Server Edition, 42843 MiB, 99 %, 595.84 W
2026/09/21 01:43:04.507, 0, NVIDIA RTX PRO 6000 Blackwell Server Edition, 42843 MiB, 100 %, 587.91 W
2026/09/21 01:43:05.507, 0, NVIDIA RTX PRO 6000 Blackwell Server Edition, 42843 MiB, 100 %, 598.21 W
2026/09/21 01:43:06.507, 0, NVIDIA RTX PRO 6000 Blackwell Server Edition, 42843 MiB, 100 %, 592.69 W
2026/09/21 01:43:07.507, 0, NVIDIA RTX PRO 6000 Blackwell Server Edition, 42843 MiB, 100 %, 595.94 W
2026/09/21 01:43:08.507, 0, NVIDIA RTX PRO 6000 Blackwell Server Edition, 39337 MiB, 0 %, 386.21 W
2026/09/21 01:43:09.507, 0, NVIDIA RTX PRO 6000 Blackwell Server Edition, 59083 MiB, 100 %, 381.39 W
2026/09/21 01:43:10.508, 0, NVIDIA RTX PRO 6000 Blackwell Server Edition, 59083 MiB, 100 %, 563.69 W
2026/09/21 01:43:11.508, 0, NVIDIA RTX PRO 6000 Blackwell Server Edition, 59083 MiB, 100 %, 568.35 W
2026/09/21 01:43:12.508, 0, NVIDIA RTX PRO 6000 Blackwell Server Edition, 59083 MiB, 100 %, 563.90 W
2026/09/21 01:43:13.508, 0, NVIDIA RTX PRO 6000 Blackwell Server Edition, 59083 MiB, 100 %, 565.61 W
2026/09/21 01:43:14.508, 0, NVIDIA RTX PRO 6000 Blackwell Server Edition, 59083 MiB, 100 %, 564.82 W
2026/09/21 01:43:15.508, 0, NVIDIA RTX PRO 6000 Blackwell Server Edition, 59083 MiB, 100 %, 567.04 W
2026/09/21 01:43:16.509, 0, NVIDIA RTX PRO 6000 Blackwell Server Edition, 59083 MiB, 100 %, 563.35 W
2026/09/21 01:43:17.509, 0, NVIDIA RTX PRO 6000 Blackwell Server Edition, 62895 MiB, 60 %, 544.87 W
2026/09/21 01:43:18.509, 0, NVIDIA RTX PRO 6000 Blackwell Server Edition, 39281 MiB, 0 %, 95.66 W
2026/09/21 01:43:19.510, 0, NVIDIA RTX PRO 6000 Blackwell Server Edition, 41801 MiB, 17 %, 92.35 W
2026/09/21 01:43:20.510, 0, NVIDIA RTX PRO 6000 Blackwell Server Edition, 51971 MiB, 17 %, 94.41 W
2026/09/21 01:43:21.510, 0, NVIDIA RTX PRO 6000 Blackwell Server Edition, 61313 MiB, 18 %, 94.00 W
2026/09/21 01:43:22.510, 0, NVIDIA RTX PRO 6000 Blackwell Server Edition, 40205 MiB, 12 %, 129.12 W
2026/09/21 01:43:23.510, 0, NVIDIA RTX PRO 6000 Blackwell Server Edition, 43249 MiB, 0 %, 93.51 W
2026/09/21 01:43:24.511, 0, NVIDIA RTX PRO 6000 Blackwell Server Edition, 39411 MiB, 0 %, 110.56 W
2026/09/21 01:43:25.511, 0, NVIDIA RTX PRO 6000 Blackwell Server Edition, 39413 MiB, 100 %, 525.56 W
2026/09/21 01:43:26.511, 0, NVIDIA RTX PRO 6000 Blackwell Server Edition, 39413 MiB, 100 %, 562.18 W
2026/09/21 01:43:27.511, 0, NVIDIA RTX PRO 6000 Blackwell Server Edition, 39413 MiB, 98 %, 565.19 W
2026/09/21 01:43:28.511, 0, NVIDIA RTX PRO 6000 Blackwell Server Edition, 39413 MiB, 63 %, 533.67 W
2026/09/21 01:43:29.511, 0, NVIDIA RTX PRO 6000 Blackwell Server Edition, 42843 MiB, 0 %, 109.49 W
2026/09/21 01:43:30.512, 0, NVIDIA RTX PRO 6000 Blackwell Server Edition, 42843 MiB, 100 %, 580.49 W
2026/09/21 01:43:31.512, 0, NVIDIA RTX PRO 6000 Blackwell Server Edition, 42843 MiB, 100 %, 601.16 W
2026/09/21 01:43:32.512, 0, NVIDIA RTX PRO 6000 Blackwell Server Edition, 42843 MiB, 100 %, 598.19 W
2026/09/21 01:43:33.512, 0, NVIDIA RTX PRO 6000 Blackwell Server Edition, 42843 MiB, 100 %, 600.85 W
2026/09/21 01:43:34.512, 0, NVIDIA RTX PRO 6000 Blackwell Server Edition, 42843 MiB, 100 %, 597.67 W
2026/09/21 01:43:35.512, 0, NVIDIA RTX PRO 6000 Blackwell Server Edition, 42843 MiB, 100 %, 602.07 W
2026/09/21 01:43:36.513, 0, NVIDIA RTX PRO 6000 Blackwell Server Edition, 42883 MiB, 46 %, 545.42 W
2026/09/21 01:43:37.513, 0, NVIDIA RTX PRO 6000 Blackwell Server Edition, 59083 MiB, 100 %, 270.25 W
2026/09/21 01:43:38.513, 0, NVIDIA RTX PRO 6000 Blackwell Server Edition, 59083 MiB, 100 %, 537.27 W
2026/09/21 01:43:39.513, 0, NVIDIA RTX PRO 6000 Blackwell Server Edition, 59083 MiB, 100 %, 566.49 W
2026/09/21 01:43:40.513, 0, NVIDIA RTX PRO 6000 Blackwell Server Edition, 59083 MiB, 100 %, 567.89 W
2026/09/21 01:43:41.513, 0, NVIDIA RTX PRO 6000 Blackwell Server Edition, 59083 MiB, 100 %, 567.05 W
2026/09/21 01:43:42.514, 0, NVIDIA RTX PRO 6000 Blackwell Server Edition, 59083 MiB, 100 %, 564.17 W
2026/09/21 01:43:43.514, 0, NVIDIA RTX PRO 6000 Blackwell Server Edition, 59083 MiB, 100 %, 571.15 W
2026/09/21 01:43:44.514, 0, NVIDIA RTX PRO 6000 Blackwell Server Edition, 59083 MiB, 100 %, 566.28 W
2026/09/21 01:43:45.514, 0, NVIDIA RTX PRO 6000 Blackwell Server Edition, 59083 MiB, 100 %, 566.14 W
2026/09/21 01:43:46.514, 0, NVIDIA RTX PRO 6000 Blackwell Server Edition, 39281 MiB, 0 %, 242.41 W
2026/09/21 01:43:47.514, 0, NVIDIA RTX PRO 6000 Blackwell Server Edition, 45969 MiB, 19 %, 96.58 W
2026/09/21 01:43:48.514, 0, NVIDIA RTX PRO 6000 Blackwell Server Edition, 56149 MiB, 20 %, 96.49 W
2026/09/21 01:43:49.515, 0, NVIDIA RTX PRO 6000 Blackwell Server Edition, 61809 MiB, 93 %, 131.23 W
2026/09/21 01:43:50.515, 0, NVIDIA RTX PRO 6000 Blackwell Server Edition, 42511 MiB, 5 %, 96.63 W
2026/09/21 01:43:51.515, 0, NVIDIA RTX PRO 6000 Blackwell Server Edition, 39057 MiB, 0 %, 109.43 W
2026/09/21 01:43:52.526, 0, NVIDIA RTX PRO 6000 Blackwell Server Edition, 39411 MiB, 100 %, 263.51 W
2026/09/21 01:43:53.526, 0, NVIDIA RTX PRO 6000 Blackwell Server Edition, 39413 MiB, 100 %, 567.25 W
2026/09/21 01:43:54.526, 0, NVIDIA RTX PRO 6000 Blackwell Server Edition, 39413 MiB, 100 %, 567.83 W
2026/09/21 01:43:55.526, 0, NVIDIA RTX PRO 6000 Blackwell Server Edition, 39413 MiB, 100 %, 567.65 W
2026/09/21 01:43:56.527, 0, NVIDIA RTX PRO 6000 Blackwell Server Edition, 39381 MiB, 0 %, 354.54 W
2026/09/21 01:43:57.527, 0, NVIDIA RTX PRO 6000 Blackwell Server Edition, 42843 MiB, 100 %, 299.40 W
2026/09/21 01:43:58.527, 0, NVIDIA RTX PRO 6000 Blackwell Server Edition, 42843 MiB, 100 %, 596.86 W
2026/09/21 01:43:59.527, 0, NVIDIA RTX PRO 6000 Blackwell Server Edition, 42843 MiB, 99 %, 600.09 W
2026/09/21 01:44:00.527, 0, NVIDIA RTX PRO 6000 Blackwell Server Edition, 42843 MiB, 100 %, 598.58 W
2026/09/21 01:44:01.527, 0, NVIDIA RTX PRO 6000 Blackwell Server Edition, 42843 MiB, 100 %, 603.64 W
2026/09/21 01:44:02.528, 0, NVIDIA RTX PRO 6000 Blackwell Server Edition, 42843 MiB, 100 %, 595.64 W
2026/09/21 01:44:03.528, 0, NVIDIA RTX PRO 6000 Blackwell Server Edition, 42843 MiB, 100 %, 601.55 W
2026/09/21 01:44:04.528, 0, NVIDIA RTX PRO 6000 Blackwell Server Edition, 39337 MiB, 0 %, 360.68 W
2026/09/21 01:44:05.529, 0, NVIDIA RTX PRO 6000 Blackwell Server Edition, 59083 MiB, 100 %, 414.18 W
2026/09/21 01:44:06.529, 0, NVIDIA RTX PRO 6000 Blackwell Server Edition, 59083 MiB, 100 %, 570.96 W
2026/09/21 01:44:07.529, 0, NVIDIA RTX PRO 6000 Blackwell Server Edition, 59083 MiB, 100 %, 566.46 W
2026/09/21 01:44:08.529, 0, NVIDIA RTX PRO 6000 Blackwell Server Edition, 59083 MiB, 100 %, 566.08 W
2026/09/21 01:44:09.529, 0, NVIDIA RTX PRO 6000 Blackwell Server Edition, 59083 MiB, 100 %, 567.93 W
2026/09/21 01:44:10.530, 0, NVIDIA RTX PRO 6000 Blackwell Server Edition, 59083 MiB, 100 %, 570.67 W
2026/09/21 01:44:11.530, 0, NVIDIA RTX PRO 6000 Blackwell Server Edition, 59083 MiB, 100 %, 564.35 W
2026/09/21 01:44:12.530, 0, NVIDIA RTX PRO 6000 Blackwell Server Edition, 59083 MiB, 100 %, 569.04 W
2026/09/21 01:44:13.530, 0, NVIDIA RTX PRO 6000 Blackwell Server Edition, 62895 MiB, 3 %, 537.34 W
2026/09/21 01:44:14.530, 0, NVIDIA RTX PRO 6000 Blackwell Server Edition, 41201 MiB, 0 %, 98.53 W
2026/09/21 01:44:15.530, 0, NVIDIA RTX PRO 6000 Blackwell Server Edition, 49583 MiB, 18 %, 98.17 W
2026/09/21 01:44:16.531, 0, NVIDIA RTX PRO 6000 Blackwell Server Edition, 59591 MiB, 19 %, 97.30 W
2026/09/21 01:44:17.531, 0, NVIDIA RTX PRO 6000 Blackwell Server Edition, 38685 MiB, 1 %, 132.63 W
2026/09/21 01:44:18.531, 0, NVIDIA RTX PRO 6000 Blackwell Server Edition, 43247 MiB, 0 %, 94.25 W
2026/09/21 01:44:19.531, 0, NVIDIA RTX PRO 6000 Blackwell Server Edition, 39169 MiB, 5 %, 110.54 W
2026/09/21 01:44:20.531, 0, NVIDIA RTX PRO 6000 Blackwell Server Edition, 39413 MiB, 100 %, 414.24 W
2026/09/21 01:44:21.531, 0, NVIDIA RTX PRO 6000 Blackwell Server Edition, 39413 MiB, 100 %, 569.24 W
2026/09/21 01:44:22.532, 0, NVIDIA RTX PRO 6000 Blackwell Server Edition, 39413 MiB, 100 %, 570.87 W
2026/09/21 01:44:23.532, 0, NVIDIA RTX PRO 6000 Blackwell Server Edition, 39413 MiB, 100 %, 570.47 W
2026/09/21 01:44:24.532, 0, NVIDIA RTX PRO 6000 Blackwell Server Edition, 38847 MiB, 11 %, 209.93 W
2026/09/21 01:44:25.532, 0, NVIDIA RTX PRO 6000 Blackwell Server Edition, 42843 MiB, 100 %, 463.07 W
2026/09/21 01:44:26.532, 0, NVIDIA RTX PRO 6000 Blackwell Server Edition, 42843 MiB, 100 %, 600.33 W
2026/09/21 01:44:27.532, 0, NVIDIA RTX PRO 6000 Blackwell Server Edition, 42843 MiB, 100 %, 599.55 W
2026/09/21 01:44:28.533, 0, NVIDIA RTX PRO 6000 Blackwell Server Edition, 42843 MiB, 100 %, 601.26 W
2026/09/21 01:44:29.533, 0, NVIDIA RTX PRO 6000 Blackwell Server Edition, 42843 MiB, 100 %, 598.05 W
2026/09/21 01:44:30.533, 0, NVIDIA RTX PRO 6000 Blackwell Server Edition, 42843 MiB, 100 %, 600.39 W
2026/09/21 01:44:31.533, 0, NVIDIA RTX PRO 6000 Blackwell Server Edition, 42843 MiB, 100 %, 601.80 W
2026/09/21 01:44:32.533, 0, NVIDIA RTX PRO 6000 Blackwell Server Edition, 40731 MiB, 79 %, 241.03 W
2026/09/21 01:44:33.533, 0, NVIDIA RTX PRO 6000 Blackwell Server Edition, 59083 MiB, 100 %, 525.29 W
2026/09/21 01:44:34.533, 0, NVIDIA RTX PRO 6000 Blackwell Server Edition, 59083 MiB, 100 %, 567.75 W
2026/09/21 01:44:35.534, 0, NVIDIA RTX PRO 6000 Blackwell Server Edition, 59083 MiB, 100 %, 569.45 W
2026/09/21 01:44:36.534, 0, NVIDIA RTX PRO 6000 Blackwell Server Edition, 59083 MiB, 100 %, 571.46 W
2026/09/21 01:44:37.534, 0, NVIDIA RTX PRO 6000 Blackwell Server Edition, 59083 MiB, 100 %, 565.85 W
2026/09/21 01:44:38.534, 0, NVIDIA RTX PRO 6000 Blackwell Server Edition, 59083 MiB, 100 %, 573.82 W
2026/09/21 01:44:39.534, 0, NVIDIA RTX PRO 6000 Blackwell Server Edition, 59083 MiB, 100 %, 567.62 W
2026/09/21 01:44:40.534, 0, NVIDIA RTX PRO 6000 Blackwell Server Edition, 59083 MiB, 100 %, 569.02 W
2026/09/21 01:44:41.535, 0, NVIDIA RTX PRO 6000 Blackwell Server Edition, 39281 MiB, 0 %, 368.39 W
2026/09/21 01:44:42.535, 0, NVIDIA RTX PRO 6000 Blackwell Server Edition, 43223 MiB, 18 %, 97.23 W
2026/09/21 01:44:43.535, 0, NVIDIA RTX PRO 6000 Blackwell Server Edition, 53431 MiB, 18 %, 97.95 W
2026/09/21 01:44:44.535, 0, NVIDIA RTX PRO 6000 Blackwell Server Edition, 61313 MiB, 0 %, 96.53 W
2026/09/21 01:44:45.535, 0, NVIDIA RTX PRO 6000 Blackwell Server Edition, 41871 MiB, 18 %, 136.54 W
2026/09/21 01:44:46.536, 0, NVIDIA RTX PRO 6000 Blackwell Server Edition, 46191 MiB, 71 %, 109.53 W
2026/09/21 01:44:47.536, 0, NVIDIA RTX PRO 6000 Blackwell Server Edition, 39411 MiB, 100 %, 186.62 W
2026/09/21 01:44:48.536, 0, NVIDIA RTX PRO 6000 Blackwell Server Edition, 39413 MiB, 100 %, 569.69 W
2026/09/21 01:44:49.536, 0, NVIDIA RTX PRO 6000 Blackwell Server Edition, 39413 MiB, 100 %, 570.78 W
2026/09/21 01:44:50.536, 0, NVIDIA RTX PRO 6000 Blackwell Server Edition, 39413 MiB, 100 %, 570.58 W
2026/09/21 01:44:51.536, 0, NVIDIA RTX PRO 6000 Blackwell Server Edition, 40615 MiB, 36 %, 433.64 W
2026/09/21 01:44:52.536, 0, NVIDIA RTX PRO 6000 Blackwell Server Edition, 42843 MiB, 100 %, 232.86 W
2026/09/21 01:44:53.537, 0, NVIDIA RTX PRO 6000 Blackwell Server Edition, 42843 MiB, 100 %, 600.84 W
2026/09/21 01:44:54.537, 0, NVIDIA RTX PRO 6000 Blackwell Server Edition, 42843 MiB, 100 %, 598.85 W
2026/09/21 01:44:55.537, 0, NVIDIA RTX PRO 6000 Blackwell Server Edition, 42843 MiB, 100 %, 599.71 W
2026/09/21 01:44:56.537, 0, NVIDIA RTX PRO 6000 Blackwell Server Edition, 42843 MiB, 100 %, 601.62 W
2026/09/21 01:44:57.537, 0, NVIDIA RTX PRO 6000 Blackwell Server Edition, 42843 MiB, 100 %, 598.88 W
2026/09/21 01:44:58.537, 0, NVIDIA RTX PRO 6000 Blackwell Server Edition, 42843 MiB, 100 %, 601.24 W
2026/09/21 01:44:59.537, 0, NVIDIA RTX PRO 6000 Blackwell Server Edition, 42903 MiB, 11 %, 476.45 W
2026/09/21 01:45:00.538, 0, NVIDIA RTX PRO 6000 Blackwell Server Edition, 59083 MiB, 100 %, 324.38 W
2026/09/21 01:45:01.538, 0, NVIDIA RTX PRO 6000 Blackwell Server Edition, 59083 MiB, 100 %, 567.81 W
2026/09/21 01:45:02.538, 0, NVIDIA RTX PRO 6000 Blackwell Server Edition, 59083 MiB, 100 %, 568.81 W
2026/09/21 01:45:03.538, 0, NVIDIA RTX PRO 6000 Blackwell Server Edition, 59083 MiB, 100 %, 568.34 W
2026/09/21 01:45:04.538, 0, NVIDIA RTX PRO 6000 Blackwell Server Edition, 59083 MiB, 100 %, 568.86 W
2026/09/21 01:45:05.538, 0, NVIDIA RTX PRO 6000 Blackwell Server Edition, 59083 MiB, 100 %, 568.50 W
2026/09/21 01:45:06.541, 0, NVIDIA RTX PRO 6000 Blackwell Server Edition, 59642 MiB, 100 %, 565.50 W
2026/09/21 01:45:07.541, 0, NVIDIA RTX PRO 6000 Blackwell Server Edition, 59083 MiB, 100 %, 569.88 W
2026/09/21 01:45:08.644, 0, NVIDIA RTX PRO 6000 Blackwell Server Edition, 62895 MiB, 100 %, 568.66 W
2026/09/21 01:45:09.645, 0, NVIDIA RTX PRO 6000 Blackwell Server Edition, 41201 MiB, 4 %, 115.24 W
2026/09/21 01:45:10.645, 0, NVIDIA RTX PRO 6000 Blackwell Server Edition, 48487 MiB, 14 %, 98.76 W
2026/09/21 01:45:11.645, 0, NVIDIA RTX PRO 6000 Blackwell Server Edition, 56611 MiB, 16 %, 97.28 W
2026/09/21 01:45:12.646, 0, NVIDIA RTX PRO 6000 Blackwell Server Edition, 61809 MiB, 36 %, 128.26 W
2026/09/21 01:45:13.646, 0, NVIDIA RTX PRO 6000 Blackwell Server Edition, 42511 MiB, 21 %, 108.63 W
2026/09/21 01:45:14.646, 0, NVIDIA RTX PRO 6000 Blackwell Server Edition, 46191 MiB, 44 %, 108.29 W
2026/09/21 01:45:15.646, 0, NVIDIA RTX PRO 6000 Blackwell Server Edition, 39411 MiB, 100 %, 183.75 W
2026/09/21 01:45:16.646, 0, NVIDIA RTX PRO 6000 Blackwell Server Edition, 39413 MiB, 100 %, 571.31 W
2026/09/21 01:45:17.646, 0, NVIDIA RTX PRO 6000 Blackwell Server Edition, 39413 MiB, 100 %, 572.56 W
2026/09/21 01:45:18.646, 0, NVIDIA RTX PRO 6000 Blackwell Server Edition, 39413 MiB, 100 %, 572.59 W
2026/09/21 01:45:19.647, 0, NVIDIA RTX PRO 6000 Blackwell Server Edition, 40615 MiB, 36 %, 414.74 W
2026/09/21 01:45:20.647, 0, NVIDIA RTX PRO 6000 Blackwell Server Edition, 42843 MiB, 100 %, 238.33 W
2026/09/21 01:45:21.647, 0, NVIDIA RTX PRO 6000 Blackwell Server Edition, 42843 MiB, 100 %, 600.76 W
2026/09/21 01:45:22.647, 0, NVIDIA RTX PRO 6000 Blackwell Server Edition, 42843 MiB, 100 %, 598.77 W
2026/09/21 01:45:23.647, 0, NVIDIA RTX PRO 6000 Blackwell Server Edition, 42843 MiB, 100 %, 598.00 W
2026/09/21 01:45:24.647, 0, NVIDIA RTX PRO 6000 Blackwell Server Edition, 42843 MiB, 100 %, 600.10 W
2026/09/21 01:45:25.648, 0, NVIDIA RTX PRO 6000 Blackwell Server Edition, 42843 MiB, 100 %, 597.35 W
2026/09/21 01:45:26.648, 0, NVIDIA RTX PRO 6000 Blackwell Server Edition, 42843 MiB, 100 %, 601.51 W
2026/09/21 01:45:27.648, 0, NVIDIA RTX PRO 6000 Blackwell Server Edition, 42903 MiB, 50 %, 415.25 W
2026/09/21 01:45:28.648, 0, NVIDIA RTX PRO 6000 Blackwell Server Edition, 59083 MiB, 100 %, 349.84 W
2026/09/21 01:45:29.648, 0, NVIDIA RTX PRO 6000 Blackwell Server Edition, 59083 MiB, 100 %, 568.81 W
2026/09/21 01:45:30.648, 0, NVIDIA RTX PRO 6000 Blackwell Server Edition, 59083 MiB, 100 %, 571.15 W
2026/09/21 01:45:31.648, 0, NVIDIA RTX PRO 6000 Blackwell Server Edition, 59083 MiB, 100 %, 566.76 W
2026/09/21 01:45:32.649, 0, NVIDIA RTX PRO 6000 Blackwell Server Edition, 59083 MiB, 100 %, 572.38 W
2026/09/21 01:45:33.649, 0, NVIDIA RTX PRO 6000 Blackwell Server Edition, 59083 MiB, 100 %, 566.82 W
2026/09/21 01:45:34.649, 0, NVIDIA RTX PRO 6000 Blackwell Server Edition, 59083 MiB, 100 %, 567.45 W
2026/09/21 01:45:35.649, 0, NVIDIA RTX PRO 6000 Blackwell Server Edition, 59083 MiB, 100 %, 568.26 W
2026/09/21 01:45:36.649, 0, NVIDIA RTX PRO 6000 Blackwell Server Edition, 62895 MiB, 90 %, 564.16 W
2026/09/21 01:45:37.649, 0, NVIDIA RTX PRO 6000 Blackwell Server Edition, 41201 MiB, 36 %, 105.81 W
2026/09/21 01:45:38.649, 0, NVIDIA RTX PRO 6000 Blackwell Server Edition, 50251 MiB, 19 %, 98.51 W
2026/09/21 01:45:39.650, 0, NVIDIA RTX PRO 6000 Blackwell Server Edition, 60573 MiB, 19 %, 98.09 W
2026/09/21 01:45:40.650, 0, NVIDIA RTX PRO 6000 Blackwell Server Edition, 38957 MiB, 0 %, 132.96 W
2026/09/21 01:45:41.650, 0, NVIDIA RTX PRO 6000 Blackwell Server Edition, 43247 MiB, 0 %, 94.90 W
2026/09/21 01:45:42.650, 0, NVIDIA RTX PRO 6000 Blackwell Server Edition, 39169 MiB, 0 %, 110.54 W
2026/09/21 01:45:43.650, 0, NVIDIA RTX PRO 6000 Blackwell Server Edition, 39413 MiB, 100 %, 488.37 W
2026/09/21 01:45:44.650, 0, NVIDIA RTX PRO 6000 Blackwell Server Edition, 39413 MiB, 100 %, 573.33 W
2026/09/21 01:45:45.650, 0, NVIDIA RTX PRO 6000 Blackwell Server Edition, 39413 MiB, 100 %, 576.80 W
2026/09/21 01:45:46.650, 0, NVIDIA RTX PRO 6000 Blackwell Server Edition, 39413 MiB, 91 %, 572.65 W
2026/09/21 01:45:47.651, 0, NVIDIA RTX PRO 6000 Blackwell Server Edition, 39941 MiB, 0 %, 124.83 W
2026/09/21 01:45:48.651, 0, NVIDIA RTX PRO 6000 Blackwell Server Edition, 42843 MiB, 100 %, 569.82 W
2026/09/21 01:45:49.651, 0, NVIDIA RTX PRO 6000 Blackwell Server Edition, 42843 MiB, 100 %, 600.56 W
2026/09/21 01:45:50.651, 0, NVIDIA RTX PRO 6000 Blackwell Server Edition, 42843 MiB, 100 %, 597.78 W
2026/09/21 01:45:51.651, 0, NVIDIA RTX PRO 6000 Blackwell Server Edition, 42843 MiB, 100 %, 602.14 W
2026/09/21 01:45:52.651, 0, NVIDIA RTX PRO 6000 Blackwell Server Edition, 42843 MiB, 100 %, 599.55 W
2026/09/21 01:45:53.652, 0, NVIDIA RTX PRO 6000 Blackwell Server Edition, 42843 MiB, 100 %, 599.06 W
2026/09/21 01:45:54.652, 0, NVIDIA RTX PRO 6000 Blackwell Server Edition, 42863 MiB, 47 %, 563.90 W
2026/09/21 01:45:55.652, 0, NVIDIA RTX PRO 6000 Blackwell Server Edition, 59083 MiB, 100 %, 245.02 W
2026/09/21 01:45:56.652, 0, NVIDIA RTX PRO 6000 Blackwell Server Edition, 59083 MiB, 100 %, 536.90 W
2026/09/21 01:45:57.652, 0, NVIDIA RTX PRO 6000 Blackwell Server Edition, 59083 MiB, 100 %, 571.98 W
2026/09/21 01:45:58.652, 0, NVIDIA RTX PRO 6000 Blackwell Server Edition, 59083 MiB, 100 %, 571.53 W
2026/09/21 01:45:59.653, 0, NVIDIA RTX PRO 6000 Blackwell Server Edition, 59083 MiB, 100 %, 566.03 W
2026/09/21 01:46:00.653, 0, NVIDIA RTX PRO 6000 Blackwell Server Edition, 59083 MiB, 100 %, 572.88 W
2026/09/21 01:46:01.653, 0, NVIDIA RTX PRO 6000 Blackwell Server Edition, 59083 MiB, 100 %, 568.31 W
2026/09/21 01:46:02.653, 0, NVIDIA RTX PRO 6000 Blackwell Server Edition, 59083 MiB, 100 %, 569.39 W
2026/09/21 01:46:03.653, 0, NVIDIA RTX PRO 6000 Blackwell Server Edition, 59083 MiB, 100 %, 571.25 W
2026/09/21 01:46:04.653, 0, NVIDIA RTX PRO 6000 Blackwell Server Edition, 39281 MiB, 0 %, 268.81 W
2026/09/21 01:46:05.654, 0, NVIDIA RTX PRO 6000 Blackwell Server Edition, 45855 MiB, 19 %, 98.13 W
2026/09/21 01:46:06.654, 0, NVIDIA RTX PRO 6000 Blackwell Server Edition, 56323 MiB, 20 %, 98.41 W
2026/09/21 01:46:07.654, 0, NVIDIA RTX PRO 6000 Blackwell Server Edition, 61809 MiB, 11 %, 133.80 W
2026/09/21 01:46:08.654, 0, NVIDIA RTX PRO 6000 Blackwell Server Edition, 42511 MiB, 0 %, 97.75 W
2026/09/21 01:46:09.654, 0, NVIDIA RTX PRO 6000 Blackwell Server Edition, 39057 MiB, 14 %, 110.06 W
2026/09/21 01:46:10.654, 0, NVIDIA RTX PRO 6000 Blackwell Server Edition, 39411 MiB, 100 %, 315.14 W
2026/09/21 01:46:11.654, 0, NVIDIA RTX PRO 6000 Blackwell Server Edition, 39413 MiB, 100 %, 572.13 W
2026/09/21 01:46:12.655, 0, NVIDIA RTX PRO 6000 Blackwell Server Edition, 39413 MiB, 98 %, 571.34 W
2026/09/21 01:46:13.655, 0, NVIDIA RTX PRO 6000 Blackwell Server Edition, 39413 MiB, 98 %, 572.52 W
2026/09/21 01:46:14.655, 0, NVIDIA RTX PRO 6000 Blackwell Server Edition, 39381 MiB, 0 %, 303.62 W
2026/09/21 01:46:15.655, 0, NVIDIA RTX PRO 6000 Blackwell Server Edition, 42843 MiB, 100 %, 390.35 W
2026/09/21 01:46:16.655, 0, NVIDIA RTX PRO 6000 Blackwell Server Edition, 42843 MiB, 100 %, 599.83 W
2026/09/21 01:46:17.655, 0, NVIDIA RTX PRO 6000 Blackwell Server Edition, 42843 MiB, 100 %, 599.13 W
2026/09/21 01:46:18.656, 0, NVIDIA RTX PRO 6000 Blackwell Server Edition, 42843 MiB, 100 %, 600.32 W
2026/09/21 01:46:19.656, 0, NVIDIA RTX PRO 6000 Blackwell Server Edition, 42843 MiB, 100 %, 600.58 W
2026/09/21 01:46:20.656, 0, NVIDIA RTX PRO 6000 Blackwell Server Edition, 42843 MiB, 100 %, 599.59 W
2026/09/21 01:46:21.656, 0, NVIDIA RTX PRO 6000 Blackwell Server Edition, 42843 MiB, 100 %, 601.14 W
2026/09/21 01:46:22.656, 0, NVIDIA RTX PRO 6000 Blackwell Server Edition, 39337 MiB, 0 %, 273.15 W
2026/09/21 01:46:23.656, 0, NVIDIA RTX PRO 6000 Blackwell Server Edition, 59083 MiB, 100 %, 499.28 W
2026/09/21 01:46:24.657, 0, NVIDIA RTX PRO 6000 Blackwell Server Edition, 59083 MiB, 100 %, 571.75 W
2026/09/21 01:46:25.657, 0, NVIDIA RTX PRO 6000 Blackwell Server Edition, 59083 MiB, 100 %, 563.87 W
2026/09/21 01:46:26.657, 0, NVIDIA RTX PRO 6000 Blackwell Server Edition, 59083 MiB, 100 %, 570.26 W
2026/09/21 01:46:27.657, 0, NVIDIA RTX PRO 6000 Blackwell Server Edition, 59083 MiB, 100 %, 566.59 W
2026/09/21 01:46:28.657, 0, NVIDIA RTX PRO 6000 Blackwell Server Edition, 59083 MiB, 100 %, 569.84 W
2026/09/21 01:46:29.657, 0, NVIDIA RTX PRO 6000 Blackwell Server Edition, 59083 MiB, 100 %, 571.42 W
2026/09/21 01:46:30.657, 0, NVIDIA RTX PRO 6000 Blackwell Server Edition, 59083 MiB, 100 %, 566.78 W
2026/09/21 01:46:31.657, 0, NVIDIA RTX PRO 6000 Blackwell Server Edition, 39281 MiB, 68 %, 478.22 W
2026/09/21 01:46:32.658, 0, NVIDIA RTX PRO 6000 Blackwell Server Edition, 41921 MiB, 0 %, 100.25 W
2026/09/21 01:46:33.658, 0, NVIDIA RTX PRO 6000 Blackwell Server Edition, 52101 MiB, 17 %, 98.41 W
2026/09/21 01:46:34.658, 0, NVIDIA RTX PRO 6000 Blackwell Server Edition, 61313 MiB, 19 %, 97.86 W
2026/09/21 01:46:35.658, 0, NVIDIA RTX PRO 6000 Blackwell Server Edition, 40461 MiB, 0 %, 133.29 W
2026/09/21 01:46:36.658, 0, NVIDIA RTX PRO 6000 Blackwell Server Edition, 43249 MiB, 0 %, 94.81 W
2026/09/21 01:46:37.658, 0, NVIDIA RTX PRO 6000 Blackwell Server Edition, 39411 MiB, 11 %, 111.60 W
2026/09/21 01:46:38.658, 0, NVIDIA RTX PRO 6000 Blackwell Server Edition, 39413 MiB, 100 %, 537.16 W
2026/09/21 01:46:39.659, 0, NVIDIA RTX PRO 6000 Blackwell Server Edition, 39413 MiB, 100 %, 575.27 W
2026/09/21 01:46:40.659, 0, NVIDIA RTX PRO 6000 Blackwell Server Edition, 39413 MiB, 100 %, 570.26 W
2026/09/21 01:46:41.659, 0, NVIDIA RTX PRO 6000 Blackwell Server Edition, 39683 MiB, 100 %, 538.04 W
2026/09/21 01:46:42.659, 0, NVIDIA RTX PRO 6000 Blackwell Server Edition, 42843 MiB, 1 %, 112.33 W
2026/09/21 01:46:43.659, 0, NVIDIA RTX PRO 6000 Blackwell Server Edition, 42843 MiB, 100 %, 599.29 W
2026/09/21 01:46:44.659, 0, NVIDIA RTX PRO 6000 Blackwell Server Edition, 42843 MiB, 100 %, 601.40 W
2026/09/21 01:46:45.659, 0, NVIDIA RTX PRO 6000 Blackwell Server Edition, 42843 MiB, 100 %, 598.85 W
2026/09/21 01:46:46.659, 0, NVIDIA RTX PRO 6000 Blackwell Server Edition, 42843 MiB, 100 %, 601.08 W
2026/09/21 01:46:47.660, 0, NVIDIA RTX PRO 6000 Blackwell Server Edition, 42843 MiB, 100 %, 598.01 W
2026/09/21 01:46:48.660, 0, NVIDIA RTX PRO 6000 Blackwell Server Edition, 42843 MiB, 100 %, 599.88 W
2026/09/21 01:46:49.660, 0, NVIDIA RTX PRO 6000 Blackwell Server Edition, 42899 MiB, 100 %, 539.91 W
2026/09/21 01:46:50.660, 0, NVIDIA RTX PRO 6000 Blackwell Server Edition, 59083 MiB, 100 %, 265.53 W
2026/09/21 01:46:51.660, 0, NVIDIA RTX PRO 6000 Blackwell Server Edition, 59083 MiB, 100 %, 538.42 W
2026/09/21 01:46:52.660, 0, NVIDIA RTX PRO 6000 Blackwell Server Edition, 59083 MiB, 100 %, 568.28 W
2026/09/21 01:46:53.660, 0, NVIDIA RTX PRO 6000 Blackwell Server Edition, 59083 MiB, 100 %, 567.19 W
2026/09/21 01:46:54.660, 0, NVIDIA RTX PRO 6000 Blackwell Server Edition, 59083 MiB, 100 %, 567.65 W
2026/09/21 01:46:55.661, 0, NVIDIA RTX PRO 6000 Blackwell Server Edition, 59083 MiB, 100 %, 571.52 W
2026/09/21 01:46:56.661, 0, NVIDIA RTX PRO 6000 Blackwell Server Edition, 59083 MiB, 100 %, 569.20 W
2026/09/21 01:46:57.661, 0, NVIDIA RTX PRO 6000 Blackwell Server Edition, 59083 MiB, 100 %, 571.41 W
2026/09/21 01:46:58.661, 0, NVIDIA RTX PRO 6000 Blackwell Server Edition, 59083 MiB, 100 %, 572.94 W
2026/09/21 01:46:59.661, 0, NVIDIA RTX PRO 6000 Blackwell Server Edition, 39281 MiB, 0 %, 245.14 W
2026/09/21 01:47:00.661, 0, NVIDIA RTX PRO 6000 Blackwell Server Edition, 46517 MiB, 19 %, 98.14 W
2026/09/21 01:47:01.661, 0, NVIDIA RTX PRO 6000 Blackwell Server Edition, 56741 MiB, 19 %, 98.14 W
2026/09/21 01:47:02.662, 0, NVIDIA RTX PRO 6000 Blackwell Server Edition, 61809 MiB, 86 %, 132.59 W
2026/09/21 01:47:03.662, 0, NVIDIA RTX PRO 6000 Blackwell Server Edition, 42511 MiB, 7 %, 98.16 W
2026/09/21 01:47:04.662, 0, NVIDIA RTX PRO 6000 Blackwell Server Edition, 39057 MiB, 0 %, 110.41 W
2026/09/21 01:47:05.679, 0, NVIDIA RTX PRO 6000 Blackwell Server Edition, 39413 MiB, 100 %, 312.46 W
2026/09/21 01:47:06.679, 0, NVIDIA RTX PRO 6000 Blackwell Server Edition, 39413 MiB, 100 %, 575.56 W
2026/09/21 01:47:07.679, 0, NVIDIA RTX PRO 6000 Blackwell Server Edition, 39413 MiB, 100 %, 572.67 W
2026/09/21 01:47:08.680, 0, NVIDIA RTX PRO 6000 Blackwell Server Edition, 39413 MiB, 98 %, 572.93 W
2026/09/21 01:47:09.680, 0, NVIDIA RTX PRO 6000 Blackwell Server Edition, 39381 MiB, 2 %, 296.91 W
2026/09/21 01:47:10.680, 0, NVIDIA RTX PRO 6000 Blackwell Server Edition, 42843 MiB, 100 %, 379.93 W
2026/09/21 01:47:11.680, 0, NVIDIA RTX PRO 6000 Blackwell Server Edition, 42843 MiB, 100 %, 600.19 W
2026/09/21 01:47:12.680, 0, NVIDIA RTX PRO 6000 Blackwell Server Edition, 42843 MiB, 100 %, 600.27 W
2026/09/21 01:47:13.680, 0, NVIDIA RTX PRO 6000 Blackwell Server Edition, 42843 MiB, 100 %, 599.26 W
2026/09/21 01:47:14.681, 0, NVIDIA RTX PRO 6000 Blackwell Server Edition, 42843 MiB, 100 %, 602.05 W
2026/09/21 01:47:15.681, 0, NVIDIA RTX PRO 6000 Blackwell Server Edition, 42843 MiB, 100 %, 599.09 W
2026/09/21 01:47:16.681, 0, NVIDIA RTX PRO 6000 Blackwell Server Edition, 42843 MiB, 100 %, 600.96 W
2026/09/21 01:47:17.681, 0, NVIDIA RTX PRO 6000 Blackwell Server Edition, 40589 MiB, 7 %, 276.22 W
2026/09/21 01:47:18.681, 0, NVIDIA RTX PRO 6000 Blackwell Server Edition, 59083 MiB, 100 %, 512.23 W
2026/09/21 01:47:19.681, 0, NVIDIA RTX PRO 6000 Blackwell Server Edition, 59083 MiB, 100 %, 568.98 W
2026/09/21 01:47:20.682, 0, NVIDIA RTX PRO 6000 Blackwell Server Edition, 59083 MiB, 100 %, 567.14 W
2026/09/21 01:47:21.682, 0, NVIDIA RTX PRO 6000 Blackwell Server Edition, 59083 MiB, 100 %, 573.36 W
2026/09/21 01:47:22.682, 0, NVIDIA RTX PRO 6000 Blackwell Server Edition, 59083 MiB, 100 %, 568.28 W
2026/09/21 01:47:23.682, 0, NVIDIA RTX PRO 6000 Blackwell Server Edition, 59083 MiB, 100 %, 569.61 W
2026/09/21 01:47:24.682, 0, NVIDIA RTX PRO 6000 Blackwell Server Edition, 59083 MiB, 100 %, 571.68 W
2026/09/21 01:47:25.682, 0, NVIDIA RTX PRO 6000 Blackwell Server Edition, 59083 MiB, 100 %, 567.96 W
2026/09/21 01:47:26.683, 0, NVIDIA RTX PRO 6000 Blackwell Server Edition, 39281 MiB, 0 %, 441.20 W
2026/09/21 01:47:27.683, 0, NVIDIA RTX PRO 6000 Blackwell Server Edition, 42149 MiB, 40 %, 97.26 W
2026/09/21 01:47:28.683, 0, NVIDIA RTX PRO 6000 Blackwell Server Edition, 52215 MiB, 18 %, 98.47 W
2026/09/21 01:47:29.683, 0, NVIDIA RTX PRO 6000 Blackwell Server Edition, 61313 MiB, 18 %, 97.38 W
2026/09/21 01:47:30.683, 0, NVIDIA RTX PRO 6000 Blackwell Server Edition, 40589 MiB, 6 %, 134.84 W
2026/09/21 01:47:31.683, 0, NVIDIA RTX PRO 6000 Blackwell Server Edition, 44719 MiB, 0 %, 94.36 W
2026/09/21 01:47:32.683, 0, NVIDIA RTX PRO 6000 Blackwell Server Edition, 39411 MiB, 0 %, 122.99 W
2026/09/21 01:47:33.684, 0, NVIDIA RTX PRO 6000 Blackwell Server Edition, 39413 MiB, 100 %, 571.13 W
2026/09/21 01:47:34.684, 0, NVIDIA RTX PRO 6000 Blackwell Server Edition, 39413 MiB, 100 %, 575.78 W
2026/09/21 01:47:35.684, 0, NVIDIA RTX PRO 6000 Blackwell Server Edition, 39413 MiB, 98 %, 573.43 W
2026/09/21 01:47:36.684, 0, NVIDIA RTX PRO 6000 Blackwell Server Edition, 39917 MiB, 54 %, 490.65 W
2026/09/21 01:47:37.684, 0, NVIDIA RTX PRO 6000 Blackwell Server Edition, 42843 MiB, 0 %, 160.05 W
2026/09/21 01:47:38.684, 0, NVIDIA RTX PRO 6000 Blackwell Server Edition, 42843 MiB, 100 %, 598.26 W
2026/09/21 01:47:39.685, 0, NVIDIA RTX PRO 6000 Blackwell Server Edition, 42843 MiB, 100 %, 600.74 W
2026/09/21 01:47:40.685, 0, NVIDIA RTX PRO 6000 Blackwell Server Edition, 42843 MiB, 100 %, 595.76 W
2026/09/21 01:47:41.685, 0, NVIDIA RTX PRO 6000 Blackwell Server Edition, 42843 MiB, 100 %, 601.66 W
2026/09/21 01:47:42.685, 0, NVIDIA RTX PRO 6000 Blackwell Server Edition, 42843 MiB, 100 %, 601.69 W
2026/09/21 01:47:43.685, 0, NVIDIA RTX PRO 6000 Blackwell Server Edition, 42843 MiB, 100 %, 602.29 W
2026/09/21 01:47:44.685, 0, NVIDIA RTX PRO 6000 Blackwell Server Edition, 42903 MiB, 33 %, 498.01 W
2026/09/21 01:47:45.685, 0, NVIDIA RTX PRO 6000 Blackwell Server Edition, 59083 MiB, 100 %, 299.75 W
2026/09/21 01:47:46.686, 0, NVIDIA RTX PRO 6000 Blackwell Server Edition, 59083 MiB, 100 %, 563.47 W
2026/09/21 01:47:47.686, 0, NVIDIA RTX PRO 6000 Blackwell Server Edition, 59083 MiB, 100 %, 569.36 W
2026/09/21 01:47:48.686, 0, NVIDIA RTX PRO 6000 Blackwell Server Edition, 59083 MiB, 100 %, 569.44 W
2026/09/21 01:47:49.686, 0, NVIDIA RTX PRO 6000 Blackwell Server Edition, 59083 MiB, 100 %, 567.91 W
2026/09/21 01:47:50.686, 0, NVIDIA RTX PRO 6000 Blackwell Server Edition, 59083 MiB, 100 %, 569.97 W
2026/09/21 01:47:51.686, 0, NVIDIA RTX PRO 6000 Blackwell Server Edition, 59083 MiB, 100 %, 569.08 W
2026/09/21 01:47:52.686, 0, NVIDIA RTX PRO 6000 Blackwell Server Edition, 59083 MiB, 100 %, 567.93 W
2026/09/21 01:47:53.687, 0, NVIDIA RTX PRO 6000 Blackwell Server Edition, 59083 MiB, 100 %, 569.98 W
2026/09/21 01:47:54.687, 0, NVIDIA RTX PRO 6000 Blackwell Server Edition, 39281 MiB, 0 %, 198.46 W
2026/09/21 01:47:55.687, 0, NVIDIA RTX PRO 6000 Blackwell Server Edition, 46951 MiB, 19 %, 98.38 W
2026/09/21 01:47:56.687, 0, NVIDIA RTX PRO 6000 Blackwell Server Edition, 56817 MiB, 19 %, 97.97 W
2026/09/21 01:47:57.687, 0, NVIDIA RTX PRO 6000 Blackwell Server Edition, 61313 MiB, 0 %, 95.46 W
2026/09/21 01:47:58.687, 0, NVIDIA RTX PRO 6000 Blackwell Server Edition, 41615 MiB, 12 %, 133.83 W
2026/09/21 01:47:59.688, 0, NVIDIA RTX PRO 6000 Blackwell Server Edition, 46191 MiB, 4 %, 95.93 W
2026/09/21 01:48:00.688, 0, NVIDIA RTX PRO 6000 Blackwell Server Edition, 39411 MiB, 0 %, 162.30 W
2026/09/21 01:48:01.688, 0, NVIDIA RTX PRO 6000 Blackwell Server Edition, 39413 MiB, 99 %, 569.75 W
2026/09/21 01:48:02.688, 0, NVIDIA RTX PRO 6000 Blackwell Server Edition, 39413 MiB, 98 %, 572.95 W
2026/09/21 01:48:03.688, 0, NVIDIA RTX PRO 6000 Blackwell Server Edition, 39413 MiB, 98 %, 575.59 W
2026/09/21 01:48:04.688, 0, NVIDIA RTX PRO 6000 Blackwell Server Edition, 40615 MiB, 14 %, 460.37 W
2026/09/21 01:48:05.688, 0, NVIDIA RTX PRO 6000 Blackwell Server Edition, 42843 MiB, 49 %, 204.25 W
2026/09/21 01:48:06.689, 0, NVIDIA RTX PRO 6000 Blackwell Server Edition, 42843 MiB, 100 %, 599.21 W
2026/09/21 01:48:07.689, 0, NVIDIA RTX PRO 6000 Blackwell Server Edition, 42843 MiB, 100 %, 600.54 W
2026/09/21 01:48:08.689, 0, NVIDIA RTX PRO 6000 Blackwell Server Edition, 42843 MiB, 100 %, 596.31 W
2026/09/21 01:48:09.689, 0, NVIDIA RTX PRO 6000 Blackwell Server Edition, 42843 MiB, 100 %, 602.95 W
2026/09/21 01:48:10.689, 0, NVIDIA RTX PRO 6000 Blackwell Server Edition, 42843 MiB, 100 %, 599.87 W
2026/09/21 01:48:11.690, 0, NVIDIA RTX PRO 6000 Blackwell Server Edition, 42843 MiB, 100 %, 601.30 W
2026/09/21 01:48:12.690, 0, NVIDIA RTX PRO 6000 Blackwell Server Edition, 42903 MiB, 9 %, 450.82 W
2026/09/21 01:48:13.690, 0, NVIDIA RTX PRO 6000 Blackwell Server Edition, 59083 MiB, 100 %, 335.41 W
2026/09/21 01:48:14.690, 0, NVIDIA RTX PRO 6000 Blackwell Server Edition, 59083 MiB, 100 %, 570.66 W
2026/09/21 01:48:15.690, 0, NVIDIA RTX PRO 6000 Blackwell Server Edition, 59083 MiB, 100 %, 568.51 W
2026/09/21 01:48:16.690, 0, NVIDIA RTX PRO 6000 Blackwell Server Edition, 59083 MiB, 100 %, 569.17 W
2026/09/21 01:48:17.691, 0, NVIDIA RTX PRO 6000 Blackwell Server Edition, 59083 MiB, 100 %, 569.19 W
2026/09/21 01:48:18.691, 0, NVIDIA RTX PRO 6000 Blackwell Server Edition, 59083 MiB, 100 %, 569.29 W
2026/09/21 01:48:19.691, 0, NVIDIA RTX PRO 6000 Blackwell Server Edition, 59083 MiB, 100 %, 568.74 W
2026/09/21 01:48:20.691, 0, NVIDIA RTX PRO 6000 Blackwell Server Edition, 59083 MiB, 100 %, 569.08 W
2026/09/21 01:48:21.691, 0, NVIDIA RTX PRO 6000 Blackwell Server Edition, 62895 MiB, 100 %, 569.27 W
2026/09/21 01:48:22.691, 0, NVIDIA RTX PRO 6000 Blackwell Server Edition, 39281 MiB, 0 %, 122.41 W
2026/09/21 01:48:23.692, 0, NVIDIA RTX PRO 6000 Blackwell Server Edition, 48487 MiB, 20 %, 98.42 W
2026/09/21 01:48:24.692, 0, NVIDIA RTX PRO 6000 Blackwell Server Edition, 58667 MiB, 20 %, 97.74 W
2026/09/21 01:48:25.692, 0, NVIDIA RTX PRO 6000 Blackwell Server Edition, 38685 MiB, 0 %, 133.81 W
2026/09/21 01:48:26.692, 0, NVIDIA RTX PRO 6000 Blackwell Server Edition, 43247 MiB, 0 %, 95.74 W
2026/09/21 01:48:27.692, 0, NVIDIA RTX PRO 6000 Blackwell Server Edition, 39061 MiB, 6 %, 111.02 W
2026/09/21 01:48:28.692, 0, NVIDIA RTX PRO 6000 Blackwell Server Edition, 39413 MiB, 98 %, 374.47 W
2026/09/21 01:48:29.693, 0, NVIDIA RTX PRO 6000 Blackwell Server Edition, 39413 MiB, 98 %, 571.22 W
2026/09/21 01:48:30.693, 0, NVIDIA RTX PRO 6000 Blackwell Server Edition, 39413 MiB, 98 %, 571.05 W
2026/09/21 01:48:31.693, 0, NVIDIA RTX PRO 6000 Blackwell Server Edition, 39413 MiB, 100 %, 573.03 W
2026/09/21 01:48:32.693, 0, NVIDIA RTX PRO 6000 Blackwell Server Edition, 38847 MiB, 0 %, 241.64 W
2026/09/21 01:48:33.693, 0, NVIDIA RTX PRO 6000 Blackwell Server Edition, 42843 MiB, 100 %, 452.74 W
2026/09/21 01:48:34.693, 0, NVIDIA RTX PRO 6000 Blackwell Server Edition, 42843 MiB, 100 %, 601.89 W
2026/09/21 01:48:35.694, 0, NVIDIA RTX PRO 6000 Blackwell Server Edition, 42843 MiB, 100 %, 597.99 W
2026/09/21 01:48:36.694, 0, NVIDIA RTX PRO 6000 Blackwell Server Edition, 42843 MiB, 100 %, 601.62 W
2026/09/21 01:48:37.694, 0, NVIDIA RTX PRO 6000 Blackwell Server Edition, 42843 MiB, 100 %, 599.42 W
2026/09/21 01:48:38.694, 0, NVIDIA RTX PRO 6000 Blackwell Server Edition, 42843 MiB, 100 %, 600.35 W
2026/09/21 01:48:39.694, 0, NVIDIA RTX PRO 6000 Blackwell Server Edition, 42843 MiB, 100 %, 600.80 W
2026/09/21 01:48:40.695, 0, NVIDIA RTX PRO 6000 Blackwell Server Edition, 40731 MiB, 61 %, 242.07 W
2026/09/21 01:48:41.695, 0, NVIDIA RTX PRO 6000 Blackwell Server Edition, 59083 MiB, 100 %, 529.38 W
2026/09/21 01:48:42.695, 0, NVIDIA RTX PRO 6000 Blackwell Server Edition, 59083 MiB, 100 %, 566.99 W
2026/09/21 01:48:43.695, 0, NVIDIA RTX PRO 6000 Blackwell Server Edition, 59083 MiB, 100 %, 574.22 W
2026/09/21 01:48:44.695, 0, NVIDIA RTX PRO 6000 Blackwell Server Edition, 59083 MiB, 100 %, 565.62 W
2026/09/21 01:48:45.696, 0, NVIDIA RTX PRO 6000 Blackwell Server Edition, 59083 MiB, 100 %, 573.24 W
2026/09/21 01:48:46.696, 0, NVIDIA RTX PRO 6000 Blackwell Server Edition, 59083 MiB, 100 %, 569.07 W
2026/09/21 01:48:47.696, 0, NVIDIA RTX PRO 6000 Blackwell Server Edition, 59083 MiB, 100 %, 565.60 W
2026/09/21 01:48:48.696, 0, NVIDIA RTX PRO 6000 Blackwell Server Edition, 59083 MiB, 100 %, 571.58 W
2026/09/21 01:48:49.696, 0, NVIDIA RTX PRO 6000 Blackwell Server Edition, 39281 MiB, 0 %, 379.77 W
2026/09/21 01:48:50.696, 0, NVIDIA RTX PRO 6000 Blackwell Server Edition, 42697 MiB, 18 %, 96.79 W
2026/09/21 01:48:51.697, 0, NVIDIA RTX PRO 6000 Blackwell Server Edition, 52421 MiB, 19 %, 98.34 W
2026/09/21 01:48:52.697, 0, NVIDIA RTX PRO 6000 Blackwell Server Edition, 61313 MiB, 14 %, 97.32 W
2026/09/21 01:48:53.697, 0, NVIDIA RTX PRO 6000 Blackwell Server Edition, 40653 MiB, 12 %, 134.24 W
2026/09/21 01:48:54.697, 0, NVIDIA RTX PRO 6000 Blackwell Server Edition, 44719 MiB, 4 %, 94.31 W
2026/09/21 01:48:55.697, 0, NVIDIA RTX PRO 6000 Blackwell Server Edition, 39411 MiB, 1 %, 110.21 W
2026/09/21 01:48:56.697, 0, NVIDIA RTX PRO 6000 Blackwell Server Edition, 39413 MiB, 98 %, 557.74 W
2026/09/21 01:48:57.697, 0, NVIDIA RTX PRO 6000 Blackwell Server Edition, 39413 MiB, 98 %, 574.23 W
2026/09/21 01:48:58.698, 0, NVIDIA RTX PRO 6000 Blackwell Server Edition, 39413 MiB, 99 %, 573.71 W
2026/09/21 01:48:59.698, 0, NVIDIA RTX PRO 6000 Blackwell Server Edition, 39917 MiB, 15 %, 503.76 W
2026/09/21 01:49:00.698, 0, NVIDIA RTX PRO 6000 Blackwell Server Edition, 42843 MiB, 66 %, 148.70 W
2026/09/21 01:49:01.698, 0, NVIDIA RTX PRO 6000 Blackwell Server Edition, 42843 MiB, 100 %, 601.73 W
2026/09/21 01:49:02.698, 0, NVIDIA RTX PRO 6000 Blackwell Server Edition, 42843 MiB, 100 %, 602.09 W
2026/09/21 01:49:03.698, 0, NVIDIA RTX PRO 6000 Blackwell Server Edition, 42843 MiB, 100 %, 595.30 W
2026/09/21 01:49:04.699, 0, NVIDIA RTX PRO 6000 Blackwell Server Edition, 42843 MiB, 100 %, 602.35 W
2026/09/21 01:49:05.699, 0, NVIDIA RTX PRO 6000 Blackwell Server Edition, 42843 MiB, 100 %, 599.85 W
2026/09/21 01:49:06.699, 0, NVIDIA RTX PRO 6000 Blackwell Server Edition, 42843 MiB, 100 %, 602.01 W
2026/09/21 01:49:07.699, 0, NVIDIA RTX PRO 6000 Blackwell Server Edition, 42903 MiB, 8 %, 497.33 W
2026/09/21 01:49:08.699, 0, NVIDIA RTX PRO 6000 Blackwell Server Edition, 59083 MiB, 100 %, 302.74 W
2026/09/21 01:49:09.699, 0, NVIDIA RTX PRO 6000 Blackwell Server Edition, 59083 MiB, 100 %, 565.26 W
2026/09/21 01:49:10.699, 0, NVIDIA RTX PRO 6000 Blackwell Server Edition, 59083 MiB, 100 %, 568.65 W
2026/09/21 01:49:11.700, 0, NVIDIA RTX PRO 6000 Blackwell Server Edition, 59083 MiB, 100 %, 567.79 W
2026/09/21 01:49:12.700, 0, NVIDIA RTX PRO 6000 Blackwell Server Edition, 59083 MiB, 100 %, 567.85 W
2026/09/21 01:49:13.700, 0, NVIDIA RTX PRO 6000 Blackwell Server Edition, 59083 MiB, 100 %, 570.83 W
2026/09/21 01:49:14.700, 0, NVIDIA RTX PRO 6000 Blackwell Server Edition, 59083 MiB, 100 %, 570.32 W
2026/09/21 01:49:15.700, 0, NVIDIA RTX PRO 6000 Blackwell Server Edition, 59083 MiB, 100 %, 568.69 W
2026/09/21 01:49:16.700, 0, NVIDIA RTX PRO 6000 Blackwell Server Edition, 59083 MiB, 100 %, 571.21 W
2026/09/21 01:49:17.701, 0, NVIDIA RTX PRO 6000 Blackwell Server Edition, 39281 MiB, 0 %, 197.56 W
2026/09/21 01:49:18.701, 0, NVIDIA RTX PRO 6000 Blackwell Server Edition, 48411 MiB, 18 %, 98.35 W
2026/09/21 01:49:19.701, 0, NVIDIA RTX PRO 6000 Blackwell Server Edition, 58553 MiB, 18 %, 97.75 W
2026/09/21 01:49:20.701, 0, NVIDIA RTX PRO 6000 Blackwell Server Edition, 38685 MiB, 8 %, 133.28 W
2026/09/21 01:49:21.708, 0, NVIDIA RTX PRO 6000 Blackwell Server Edition, 43247 MiB, 2 %, 95.88 W
2026/09/21 01:49:22.709, 0, NVIDIA RTX PRO 6000 Blackwell Server Edition, 39061 MiB, 2 %, 110.71 W
2026/09/21 01:49:23.709, 0, NVIDIA RTX PRO 6000 Blackwell Server Edition, 39413 MiB, 98 %, 379.21 W
2026/09/21 01:49:24.709, 0, NVIDIA RTX PRO 6000 Blackwell Server Edition, 39413 MiB, 100 %, 571.80 W
2026/09/21 01:49:25.709, 0, NVIDIA RTX PRO 6000 Blackwell Server Edition, 39413 MiB, 100 %, 573.45 W
2026/09/21 01:49:26.709, 0, NVIDIA RTX PRO 6000 Blackwell Server Edition, 39413 MiB, 100 %, 575.00 W
2026/09/21 01:49:27.709, 0, NVIDIA RTX PRO 6000 Blackwell Server Edition, 38793 MiB, 0 %, 230.03 W
2026/09/21 01:49:28.710, 0, NVIDIA RTX PRO 6000 Blackwell Server Edition, 42843 MiB, 100 %, 440.84 W
2026/09/21 01:49:29.710, 0, NVIDIA RTX PRO 6000 Blackwell Server Edition, 42843 MiB, 100 %, 604.11 W
2026/09/21 01:49:30.710, 0, NVIDIA RTX PRO 6000 Blackwell Server Edition, 42843 MiB, 100 %, 599.01 W
2026/09/21 01:49:31.710, 0, NVIDIA RTX PRO 6000 Blackwell Server Edition, 42843 MiB, 100 %, 599.68 W
2026/09/21 01:49:32.710, 0, NVIDIA RTX PRO 6000 Blackwell Server Edition, 42843 MiB, 99 %, 599.50 W
2026/09/21 01:49:33.710, 0, NVIDIA RTX PRO 6000 Blackwell Server Edition, 42843 MiB, 100 %, 601.10 W
2026/09/21 01:49:34.711, 0, NVIDIA RTX PRO 6000 Blackwell Server Edition, 42843 MiB, 100 %, 598.67 W
2026/09/21 01:49:35.711, 0, NVIDIA RTX PRO 6000 Blackwell Server Edition, 40731 MiB, 7 %, 246.54 W
2026/09/21 01:49:36.711, 0, NVIDIA RTX PRO 6000 Blackwell Server Edition, 59083 MiB, 100 %, 528.17 W
2026/09/21 01:49:37.711, 0, NVIDIA RTX PRO 6000 Blackwell Server Edition, 59083 MiB, 100 %, 570.28 W
2026/09/21 01:49:38.711, 0, NVIDIA RTX PRO 6000 Blackwell Server Edition, 59083 MiB, 100 %, 564.69 W
2026/09/21 01:49:39.711, 0, NVIDIA RTX PRO 6000 Blackwell Server Edition, 59083 MiB, 100 %, 573.63 W
2026/09/21 01:49:40.711, 0, NVIDIA RTX PRO 6000 Blackwell Server Edition, 59083 MiB, 100 %, 568.16 W
2026/09/21 01:49:41.712, 0, NVIDIA RTX PRO 6000 Blackwell Server Edition, 59083 MiB, 100 %, 567.27 W
2026/09/21 01:49:42.712, 0, NVIDIA RTX PRO 6000 Blackwell Server Edition, 59083 MiB, 100 %, 572.70 W
2026/09/21 01:49:43.712, 0, NVIDIA RTX PRO 6000 Blackwell Server Edition, 59083 MiB, 100 %, 566.76 W
2026/09/21 01:49:44.712, 0, NVIDIA RTX PRO 6000 Blackwell Server Edition, 39281 MiB, 38 %, 381.46 W
2026/09/21 01:49:45.712, 0, NVIDIA RTX PRO 6000 Blackwell Server Edition, 42697 MiB, 18 %, 96.86 W
2026/09/21 01:49:46.712, 0, NVIDIA RTX PRO 6000 Blackwell Server Edition, 52779 MiB, 20 %, 98.14 W
2026/09/21 01:49:47.713, 0, NVIDIA RTX PRO 6000 Blackwell Server Edition, 61313 MiB, 10 %, 97.05 W
2026/09/21 01:49:48.713, 0, NVIDIA RTX PRO 6000 Blackwell Server Edition, 41005 MiB, 13 %, 133.86 W
2026/09/21 01:49:49.713, 0, NVIDIA RTX PRO 6000 Blackwell Server Edition, 46191 MiB, 4 %, 94.28 W
2026/09/21 01:49:50.713, 0, NVIDIA RTX PRO 6000 Blackwell Server Edition, 39411 MiB, 8 %, 146.36 W
2026/09/21 01:49:51.713, 0, NVIDIA RTX PRO 6000 Blackwell Server Edition, 39413 MiB, 98 %, 571.41 W
2026/09/21 01:49:52.713, 0, NVIDIA RTX PRO 6000 Blackwell Server Edition, 39413 MiB, 98 %, 574.82 W
2026/09/21 01:49:53.714, 0, NVIDIA RTX PRO 6000 Blackwell Server Edition, 39413 MiB, 100 %, 573.12 W
2026/09/21 01:49:54.714, 0, NVIDIA RTX PRO 6000 Blackwell Server Edition, 40615 MiB, 16 %, 467.81 W
2026/09/21 01:49:55.714, 0, NVIDIA RTX PRO 6000 Blackwell Server Edition, 42843 MiB, 94 %, 195.56 W
2026/09/21 01:49:56.714, 0, NVIDIA RTX PRO 6000 Blackwell Server Edition, 42843 MiB, 100 %, 599.41 W
2026/09/21 01:49:57.714, 0, NVIDIA RTX PRO 6000 Blackwell Server Edition, 42843 MiB, 100 %, 599.78 W
2026/09/21 01:49:58.715, 0, NVIDIA RTX PRO 6000 Blackwell Server Edition, 42843 MiB, 100 %, 598.03 W
2026/09/21 01:49:59.715, 0, NVIDIA RTX PRO 6000 Blackwell Server Edition, 42843 MiB, 100 %, 600.75 W
2026/09/21 01:50:00.715, 0, NVIDIA RTX PRO 6000 Blackwell Server Edition, 42843 MiB, 100 %, 601.07 W
2026/09/21 01:50:01.715, 0, NVIDIA RTX PRO 6000 Blackwell Server Edition, 42843 MiB, 100 %, 601.96 W
2026/09/21 01:50:02.715, 0, NVIDIA RTX PRO 6000 Blackwell Server Edition, 42903 MiB, 58 %, 467.29 W
2026/09/21 01:50:03.715, 0, NVIDIA RTX PRO 6000 Blackwell Server Edition, 59083 MiB, 100 %, 325.58 W
2026/09/21 01:50:04.716, 0, NVIDIA RTX PRO 6000 Blackwell Server Edition, 59083 MiB, 100 %, 568.10 W
2026/09/21 01:50:05.716, 0, NVIDIA RTX PRO 6000 Blackwell Server Edition, 59083 MiB, 100 %, 568.72 W
2026/09/21 01:50:06.716, 0, NVIDIA RTX PRO 6000 Blackwell Server Edition, 59083 MiB, 100 %, 568.65 W
2026/09/21 01:50:07.716, 0, NVIDIA RTX PRO 6000 Blackwell Server Edition, 59083 MiB, 100 %, 569.89 W
2026/09/21 01:50:08.716, 0, NVIDIA RTX PRO 6000 Blackwell Server Edition, 59083 MiB, 100 %, 568.73 W
2026/09/21 01:50:09.717, 0, NVIDIA RTX PRO 6000 Blackwell Server Edition, 59083 MiB, 100 %, 568.01 W
2026/09/21 01:50:10.717, 0, NVIDIA RTX PRO 6000 Blackwell Server Edition, 59083 MiB, 100 %, 569.73 W
2026/09/21 01:50:11.717, 0, NVIDIA RTX PRO 6000 Blackwell Server Edition, 59083 MiB, 100 %, 568.78 W
2026/09/21 01:50:12.717, 0, NVIDIA RTX PRO 6000 Blackwell Server Edition, 39281 MiB, 4 %, 146.43 W
2026/09/21 01:50:13.717, 0, NVIDIA RTX PRO 6000 Blackwell Server Edition, 48281 MiB, 18 %, 98.46 W
2026/09/21 01:50:14.717, 0, NVIDIA RTX PRO 6000 Blackwell Server Edition, 58119 MiB, 16 %, 97.58 W
2026/09/21 01:50:15.718, 0, NVIDIA RTX PRO 6000 Blackwell Server Edition, 38695 MiB, 30 %, 133.54 W
2026/09/21 01:50:16.718, 0, NVIDIA RTX PRO 6000 Blackwell Server Edition, 43247 MiB, 16 %, 95.22 W
2026/09/21 01:50:17.718, 0, NVIDIA RTX PRO 6000 Blackwell Server Edition, 39057 MiB, 2 %, 110.65 W
2026/09/21 01:50:18.718, 0, NVIDIA RTX PRO 6000 Blackwell Server Edition, 39413 MiB, 100 %, 321.06 W
2026/09/21 01:50:19.718, 0, NVIDIA RTX PRO 6000 Blackwell Server Edition, 39413 MiB, 100 %, 571.57 W
2026/09/21 01:50:20.718, 0, NVIDIA RTX PRO 6000 Blackwell Server Edition, 39413 MiB, 100 %, 570.79 W
2026/09/21 01:50:21.719, 0, NVIDIA RTX PRO 6000 Blackwell Server Edition, 39413 MiB, 98 %, 571.64 W
2026/09/21 01:50:22.719, 0, NVIDIA RTX PRO 6000 Blackwell Server Edition, 38685 MiB, 2 %, 289.17 W
2026/09/21 01:50:23.719, 0, NVIDIA RTX PRO 6000 Blackwell Server Edition, 42843 MiB, 100 %, 374.26 W
2026/09/21 01:50:24.719, 0, NVIDIA RTX PRO 6000 Blackwell Server Edition, 42843 MiB, 100 %, 599.48 W
2026/09/21 01:50:25.719, 0, NVIDIA RTX PRO 6000 Blackwell Server Edition, 42843 MiB, 100 %, 598.88 W
2026/09/21 01:50:26.719, 0, NVIDIA RTX PRO 6000 Blackwell Server Edition, 42843 MiB, 100 %, 601.69 W
2026/09/21 01:50:27.720, 0, NVIDIA RTX PRO 6000 Blackwell Server Edition, 42843 MiB, 100 %, 600.64 W
2026/09/21 01:50:28.720, 0, NVIDIA RTX PRO 6000 Blackwell Server Edition, 42843 MiB, 100 %, 599.18 W
2026/09/21 01:50:29.720, 0, NVIDIA RTX PRO 6000 Blackwell Server Edition, 42843 MiB, 100 %, 602.18 W
2026/09/21 01:50:30.720, 0, NVIDIA RTX PRO 6000 Blackwell Server Edition, 39879 MiB, 7 %, 272.17 W
2026/09/21 01:50:31.720, 0, NVIDIA RTX PRO 6000 Blackwell Server Edition, 59083 MiB, 100 %, 484.61 W
2026/09/21 01:50:32.721, 0, NVIDIA RTX PRO 6000 Blackwell Server Edition, 59083 MiB, 100 %, 569.42 W
2026/09/21 01:50:33.721, 0, NVIDIA RTX PRO 6000 Blackwell Server Edition, 59083 MiB, 100 %, 566.74 W
2026/09/21 01:50:34.721, 0, NVIDIA RTX PRO 6000 Blackwell Server Edition, 59083 MiB, 100 %, 571.61 W
2026/09/21 01:50:35.721, 0, NVIDIA RTX PRO 6000 Blackwell Server Edition, 59083 MiB, 100 %, 567.94 W
2026/09/21 01:50:36.721, 0, NVIDIA RTX PRO 6000 Blackwell Server Edition, 59083 MiB, 100 %, 570.73 W
2026/09/21 01:50:37.721, 0, NVIDIA RTX PRO 6000 Blackwell Server Edition, 59083 MiB, 100 %, 574.63 W
2026/09/21 01:50:38.722, 0, NVIDIA RTX PRO 6000 Blackwell Server Edition, 59083 MiB, 100 %, 566.79 W
2026/09/21 01:50:39.722, 0, NVIDIA RTX PRO 6000 Blackwell Server Edition, 39281 MiB, 1 %, 452.59 W
2026/09/21 01:50:40.722, 0, NVIDIA RTX PRO 6000 Blackwell Server Edition, 42263 MiB, 36 %, 100.03 W
2026/09/21 01:50:41.722, 0, NVIDIA RTX PRO 6000 Blackwell Server Edition, 49583 MiB, 12 %, 97.44 W
2026/09/21 01:50:42.722, 0, NVIDIA RTX PRO 6000 Blackwell Server Edition, 59129 MiB, 18 %, 96.96 W
2026/09/21 01:50:43.723, 0, NVIDIA RTX PRO 6000 Blackwell Server Edition, 38685 MiB, 0 %, 134.35 W
2026/09/21 01:50:44.723, 0, NVIDIA RTX PRO 6000 Blackwell Server Edition, 43247 MiB, 0 %, 94.66 W
2026/09/21 01:50:45.723, 0, NVIDIA RTX PRO 6000 Blackwell Server Edition, 39061 MiB, 11 %, 109.68 W
2026/09/21 01:50:46.723, 0, NVIDIA RTX PRO 6000 Blackwell Server Edition, 39413 MiB, 99 %, 392.68 W
2026/09/21 01:50:47.723, 0, NVIDIA RTX PRO 6000 Blackwell Server Edition, 39413 MiB, 98 %, 569.45 W
2026/09/21 01:50:48.723, 0, NVIDIA RTX PRO 6000 Blackwell Server Edition, 39413 MiB, 98 %, 571.86 W
2026/09/21 01:50:49.724, 0, NVIDIA RTX PRO 6000 Blackwell Server Edition, 39413 MiB, 100 %, 572.41 W
2026/09/21 01:50:50.724, 0, NVIDIA RTX PRO 6000 Blackwell Server Edition, 38847 MiB, 0 %, 214.04 W
2026/09/21 01:50:51.724, 0, NVIDIA RTX PRO 6000 Blackwell Server Edition, 42843 MiB, 100 %, 447.80 W
2026/09/21 01:50:52.724, 0, NVIDIA RTX PRO 6000 Blackwell Server Edition, 42843 MiB, 100 %, 601.03 W
2026/09/21 01:50:53.724, 0, NVIDIA RTX PRO 6000 Blackwell Server Edition, 42843 MiB, 100 %, 598.18 W
2026/09/21 01:50:54.726, 0, NVIDIA RTX PRO 6000 Blackwell Server Edition, 42843 MiB, 100 %, 599.28 W
2026/09/21 01:50:55.726, 0, NVIDIA RTX PRO 6000 Blackwell Server Edition, 42843 MiB, 100 %, 599.04 W
2026/09/21 01:50:56.726, 0, NVIDIA RTX PRO 6000 Blackwell Server Edition, 42843 MiB, 100 %, 599.66 W
2026/09/21 01:50:57.726, 0, NVIDIA RTX PRO 6000 Blackwell Server Edition, 42843 MiB, 100 %, 599.05 W
2026/09/21 01:50:58.726, 0, NVIDIA RTX PRO 6000 Blackwell Server Edition, 40731 MiB, 0 %, 242.83 W
2026/09/21 01:50:59.727, 0, NVIDIA RTX PRO 6000 Blackwell Server Edition, 59083 MiB, 100 %, 523.16 W
2026/09/21 01:51:00.727, 0, NVIDIA RTX PRO 6000 Blackwell Server Edition, 59083 MiB, 100 %, 569.17 W
2026/09/21 01:51:01.727, 0, NVIDIA RTX PRO 6000 Blackwell Server Edition, 59083 MiB, 100 %, 571.29 W
2026/09/21 01:51:02.727, 0, NVIDIA RTX PRO 6000 Blackwell Server Edition, 59083 MiB, 100 %, 569.20 W
2026/09/21 01:51:03.727, 0, NVIDIA RTX PRO 6000 Blackwell Server Edition, 59083 MiB, 100 %, 570.50 W
2026/09/21 01:51:04.728, 0, NVIDIA RTX PRO 6000 Blackwell Server Edition, 59083 MiB, 100 %, 570.22 W
2026/09/21 01:51:05.728, 0, NVIDIA RTX PRO 6000 Blackwell Server Edition, 59083 MiB, 100 %, 566.66 W
2026/09/21 01:51:06.728, 0, NVIDIA RTX PRO 6000 Blackwell Server Edition, 59083 MiB, 100 %, 572.68 W
2026/09/21 01:51:07.728, 0, NVIDIA RTX PRO 6000 Blackwell Server Edition, 39281 MiB, 0 %, 373.51 W
2026/09/21 01:51:08.728, 0, NVIDIA RTX PRO 6000 Blackwell Server Edition, 43017 MiB, 16 %, 96.84 W
2026/09/21 01:51:09.728, 0, NVIDIA RTX PRO 6000 Blackwell Server Edition, 52649 MiB, 19 %, 98.04 W
2026/09/21 01:51:10.729, 0, NVIDIA RTX PRO 6000 Blackwell Server Edition, 61313 MiB, 19 %, 96.85 W
2026/09/21 01:51:11.729, 0, NVIDIA RTX PRO 6000 Blackwell Server Edition, 40845 MiB, 4 %, 133.90 W
2026/09/21 01:51:12.729, 0, NVIDIA RTX PRO 6000 Blackwell Server Edition, 44719 MiB, 0 %, 93.94 W
2026/09/21 01:51:13.729, 0, NVIDIA RTX PRO 6000 Blackwell Server Edition, 39411 MiB, 0 %, 127.48 W
2026/09/21 01:51:14.729, 0, NVIDIA RTX PRO 6000 Blackwell Server Edition, 39413 MiB, 100 %, 567.58 W
2026/09/21 01:51:15.729, 0, NVIDIA RTX PRO 6000 Blackwell Server Edition, 39413 MiB, 100 %, 572.94 W
2026/09/21 01:51:16.729, 0, NVIDIA RTX PRO 6000 Blackwell Server Edition, 39413 MiB, 100 %, 574.54 W
2026/09/21 01:51:17.730, 0, NVIDIA RTX PRO 6000 Blackwell Server Edition, 40615 MiB, 80 %, 485.13 W
2026/09/21 01:51:18.730, 0, NVIDIA RTX PRO 6000 Blackwell Server Edition, 42843 MiB, 0 %, 186.27 W
2026/09/21 01:51:19.730, 0, NVIDIA RTX PRO 6000 Blackwell Server Edition, 42843 MiB, 100 %, 601.17 W
2026/09/21 01:51:20.730, 0, NVIDIA RTX PRO 6000 Blackwell Server Edition, 42843 MiB, 100 %, 598.08 W
2026/09/21 01:51:21.730, 0, NVIDIA RTX PRO 6000 Blackwell Server Edition, 42843 MiB, 100 %, 598.89 W
2026/09/21 01:51:22.731, 0, NVIDIA RTX PRO 6000 Blackwell Server Edition, 42843 MiB, 100 %, 601.32 W
2026/09/21 01:51:23.731, 0, NVIDIA RTX PRO 6000 Blackwell Server Edition, 42843 MiB, 100 %, 598.18 W
2026/09/21 01:51:24.731, 0, NVIDIA RTX PRO 6000 Blackwell Server Edition, 42843 MiB, 100 %, 601.26 W
2026/09/21 01:51:25.731, 0, NVIDIA RTX PRO 6000 Blackwell Server Edition, 42903 MiB, 8 %, 477.21 W
2026/09/21 01:51:26.731, 0, NVIDIA RTX PRO 6000 Blackwell Server Edition, 59083 MiB, 100 %, 328.66 W
2026/09/21 01:51:27.731, 0, NVIDIA RTX PRO 6000 Blackwell Server Edition, 59083 MiB, 100 %, 567.40 W
2026/09/21 01:51:28.732, 0, NVIDIA RTX PRO 6000 Blackwell Server Edition, 59083 MiB, 100 %, 569.65 W
2026/09/21 01:51:29.732, 0, NVIDIA RTX PRO 6000 Blackwell Server Edition, 59083 MiB, 100 %, 569.53 W
2026/09/21 01:51:30.732, 0, NVIDIA RTX PRO 6000 Blackwell Server Edition, 59083 MiB, 100 %, 567.52 W
2026/09/21 01:51:31.733, 0, NVIDIA RTX PRO 6000 Blackwell Server Edition, 59083 MiB, 100 %, 568.64 W
2026/09/21 01:51:32.733, 0, NVIDIA RTX PRO 6000 Blackwell Server Edition, 59083 MiB, 100 %, 569.25 W
2026/09/21 01:51:33.733, 0, NVIDIA RTX PRO 6000 Blackwell Server Edition, 59083 MiB, 100 %, 568.44 W
2026/09/21 01:51:34.734, 0, NVIDIA RTX PRO 6000 Blackwell Server Edition, 59083 MiB, 100 %, 570.48 W
2026/09/21 01:51:35.734, 0, NVIDIA RTX PRO 6000 Blackwell Server Edition, 39281 MiB, 0 %, 143.81 W
2026/09/21 01:51:36.734, 0, NVIDIA RTX PRO 6000 Blackwell Server Edition, 47961 MiB, 18 %, 98.35 W
2026/09/21 01:51:37.734, 0, NVIDIA RTX PRO 6000 Blackwell Server Edition, 58119 MiB, 20 %, 97.93 W
2026/09/21 01:51:38.734, 0, NVIDIA RTX PRO 6000 Blackwell Server Edition, 38685 MiB, 0 %, 135.49 W
2026/09/21 01:51:39.758, 0, NVIDIA RTX PRO 6000 Blackwell Server Edition, 43247 MiB, 2 %, 95.44 W
2026/09/21 01:51:40.758, 0, NVIDIA RTX PRO 6000 Blackwell Server Edition, 39061 MiB, 1 %, 110.64 W
2026/09/21 01:51:41.758, 0, NVIDIA RTX PRO 6000 Blackwell Server Edition, 39413 MiB, 98 %, 391.46 W
2026/09/21 01:51:42.758, 0, NVIDIA RTX PRO 6000 Blackwell Server Edition, 39413 MiB, 98 %, 573.59 W
2026/09/21 01:51:43.758, 0, NVIDIA RTX PRO 6000 Blackwell Server Edition, 39413 MiB, 100 %, 572.53 W
2026/09/21 01:51:44.758, 0, NVIDIA RTX PRO 6000 Blackwell Server Edition, 39413 MiB, 100 %, 571.00 W
2026/09/21 01:51:45.759, 0, NVIDIA RTX PRO 6000 Blackwell Server Edition, 38847 MiB, 0 %, 230.61 W
2026/09/21 01:51:46.759, 0, NVIDIA RTX PRO 6000 Blackwell Server Edition, 42843 MiB, 100 %, 450.36 W
2026/09/21 01:51:47.759, 0, NVIDIA RTX PRO 6000 Blackwell Server Edition, 42843 MiB, 100 %, 599.73 W
2026/09/21 01:51:48.759, 0, NVIDIA RTX PRO 6000 Blackwell Server Edition, 42843 MiB, 100 %, 601.58 W
2026/09/21 01:51:49.759, 0, NVIDIA RTX PRO 6000 Blackwell Server Edition, 42843 MiB, 100 %, 600.94 W
2026/09/21 01:51:50.759, 0, NVIDIA RTX PRO 6000 Blackwell Server Edition, 42843 MiB, 99 %, 600.92 W
2026/09/21 01:51:51.760, 0, NVIDIA RTX PRO 6000 Blackwell Server Edition, 42843 MiB, 100 %, 597.78 W
2026/09/21 01:51:52.760, 0, NVIDIA RTX PRO 6000 Blackwell Server Edition, 42843 MiB, 100 %, 601.54 W
2026/09/21 01:51:53.760, 0, NVIDIA RTX PRO 6000 Blackwell Server Edition, 40731 MiB, 0 %, 252.96 W
2026/09/21 01:51:54.760, 0, NVIDIA RTX PRO 6000 Blackwell Server Edition, 59083 MiB, 100 %, 521.26 W
2026/09/21 01:51:55.760, 0, NVIDIA RTX PRO 6000 Blackwell Server Edition, 59083 MiB, 100 %, 570.76 W
2026/09/21 01:51:56.761, 0, NVIDIA RTX PRO 6000 Blackwell Server Edition, 59083 MiB, 100 %, 564.07 W
2026/09/21 01:51:57.761, 0, NVIDIA RTX PRO 6000 Blackwell Server Edition, 59083 MiB, 100 %, 574.14 W
2026/09/21 01:51:58.761, 0, NVIDIA RTX PRO 6000 Blackwell Server Edition, 59083 MiB, 100 %, 571.69 W
2026/09/21 01:51:59.761, 0, NVIDIA RTX PRO 6000 Blackwell Server Edition, 59083 MiB, 100 %, 565.57 W
2026/09/21 01:52:00.761, 0, NVIDIA RTX PRO 6000 Blackwell Server Edition, 59083 MiB, 100 %, 570.33 W
2026/09/21 01:52:01.761, 0, NVIDIA RTX PRO 6000 Blackwell Server Edition, 59083 MiB, 100 %, 571.10 W
2026/09/21 01:52:02.762, 0, NVIDIA RTX PRO 6000 Blackwell Server Edition, 39281 MiB, 44 %, 359.41 W
2026/09/21 01:52:03.762, 0, NVIDIA RTX PRO 6000 Blackwell Server Edition, 43885 MiB, 15 %, 97.49 W
2026/09/21 01:52:04.762, 0, NVIDIA RTX PRO 6000 Blackwell Server Edition, 54109 MiB, 18 %, 98.25 W
2026/09/21 01:52:05.762, 0, NVIDIA RTX PRO 6000 Blackwell Server Edition, 61527 MiB, 0 %, 96.52 W
2026/09/21 01:52:06.762, 0, NVIDIA RTX PRO 6000 Blackwell Server Edition, 42511 MiB, 19 %, 134.52 W
2026/09/21 01:52:07.763, 0, NVIDIA RTX PRO 6000 Blackwell Server Edition, 46191 MiB, 28 %, 109.47 W
2026/09/21 01:52:08.763, 0, NVIDIA RTX PRO 6000 Blackwell Server Edition, 39411 MiB, 98 %, 208.24 W
2026/09/21 01:52:09.763, 0, NVIDIA RTX PRO 6000 Blackwell Server Edition, 39413 MiB, 100 %, 570.02 W
2026/09/21 01:52:10.763, 0, NVIDIA RTX PRO 6000 Blackwell Server Edition, 39413 MiB, 100 %, 573.49 W
2026/09/21 01:52:11.763, 0, NVIDIA RTX PRO 6000 Blackwell Server Edition, 39413 MiB, 100 %, 575.94 W
2026/09/21 01:52:12.764, 0, NVIDIA RTX PRO 6000 Blackwell Server Edition, 40615 MiB, 16 %, 404.50 W
2026/09/21 01:52:13.764, 0, NVIDIA RTX PRO 6000 Blackwell Server Edition, 42843 MiB, 100 %, 268.07 W
2026/09/21 01:52:14.764, 0, NVIDIA RTX PRO 6000 Blackwell Server Edition, 42843 MiB, 100 %, 597.73 W
2026/09/21 01:52:15.764, 0, NVIDIA RTX PRO 6000 Blackwell Server Edition, 42843 MiB, 100 %, 602.97 W
2026/09/21 01:52:16.764, 0, NVIDIA RTX PRO 6000 Blackwell Server Edition, 42843 MiB, 100 %, 600.90 W
2026/09/21 01:52:17.764, 0, NVIDIA RTX PRO 6000 Blackwell Server Edition, 42843 MiB, 100 %, 598.86 W
2026/09/21 01:52:18.764, 0, NVIDIA RTX PRO 6000 Blackwell Server Edition, 42843 MiB, 100 %, 598.77 W
2026/09/21 01:52:19.765, 0, NVIDIA RTX PRO 6000 Blackwell Server Edition, 42843 MiB, 100 %, 601.44 W
2026/09/21 01:52:20.765, 0, NVIDIA RTX PRO 6000 Blackwell Server Edition, 42903 MiB, 58 %, 389.52 W
2026/09/21 01:52:21.765, 0, NVIDIA RTX PRO 6000 Blackwell Server Edition, 59083 MiB, 100 %, 394.70 W
2026/09/21 01:52:22.765, 0, NVIDIA RTX PRO 6000 Blackwell Server Edition, 59083 MiB, 100 %, 566.26 W
2026/09/21 01:52:23.765, 0, NVIDIA RTX PRO 6000 Blackwell Server Edition, 59083 MiB, 100 %, 571.30 W
2026/09/21 01:52:24.766, 0, NVIDIA RTX PRO 6000 Blackwell Server Edition, 59083 MiB, 100 %, 571.85 W
2026/09/21 01:52:25.766, 0, NVIDIA RTX PRO 6000 Blackwell Server Edition, 59083 MiB, 100 %, 567.28 W
2026/09/21 01:52:26.766, 0, NVIDIA RTX PRO 6000 Blackwell Server Edition, 59083 MiB, 100 %, 568.29 W
2026/09/21 01:52:27.766, 0, NVIDIA RTX PRO 6000 Blackwell Server Edition, 59083 MiB, 100 %, 571.23 W
2026/09/21 01:52:28.766, 0, NVIDIA RTX PRO 6000 Blackwell Server Edition, 59083 MiB, 100 %, 569.10 W
2026/09/21 01:52:29.766, 0, NVIDIA RTX PRO 6000 Blackwell Server Edition, 62895 MiB, 100 %, 568.04 W
2026/09/21 01:52:30.767, 0, NVIDIA RTX PRO 6000 Blackwell Server Edition, 39281 MiB, 0 %, 116.85 W
2026/09/21 01:52:31.767, 0, NVIDIA RTX PRO 6000 Blackwell Server Edition, 49469 MiB, 19 %, 98.64 W
2026/09/21 01:52:32.767, 0, NVIDIA RTX PRO 6000 Blackwell Server Edition, 59705 MiB, 18 %, 97.67 W
2026/09/21 01:52:33.767, 0, NVIDIA RTX PRO 6000 Blackwell Server Edition, 38685 MiB, 45 %, 134.23 W
2026/09/21 01:52:34.767, 0, NVIDIA RTX PRO 6000 Blackwell Server Edition, 43247 MiB, 14 %, 94.82 W
2026/09/21 01:52:35.768, 0, NVIDIA RTX PRO 6000 Blackwell Server Edition, 39169 MiB, 0 %, 110.66 W
2026/09/21 01:52:36.768, 0, NVIDIA RTX PRO 6000 Blackwell Server Edition, 39413 MiB, 100 %, 443.35 W
2026/09/21 01:52:37.768, 0, NVIDIA RTX PRO 6000 Blackwell Server Edition, 39413 MiB, 100 %, 571.90 W
2026/09/21 01:52:38.768, 0, NVIDIA RTX PRO 6000 Blackwell Server Edition, 39413 MiB, 100 %, 573.21 W
2026/09/21 01:52:39.768, 0, NVIDIA RTX PRO 6000 Blackwell Server Edition, 39413 MiB, 100 %, 573.47 W
2026/09/21 01:52:40.768, 0, NVIDIA RTX PRO 6000 Blackwell Server Edition, 38847 MiB, 12 %, 169.20 W
2026/09/21 01:52:41.769, 0, NVIDIA RTX PRO 6000 Blackwell Server Edition, 42843 MiB, 100 %, 519.49 W
2026/09/21 01:52:42.769, 0, NVIDIA RTX PRO 6000 Blackwell Server Edition, 42843 MiB, 100 %, 601.42 W
2026/09/21 01:52:43.769, 0, NVIDIA RTX PRO 6000 Blackwell Server Edition, 42843 MiB, 100 %, 598.03 W
2026/09/21 01:52:44.769, 0, NVIDIA RTX PRO 6000 Blackwell Server Edition, 42843 MiB, 100 %, 603.10 W
2026/09/21 01:52:45.769, 0, NVIDIA RTX PRO 6000 Blackwell Server Edition, 42843 MiB, 100 %, 599.18 W
2026/09/21 01:52:46.769, 0, NVIDIA RTX PRO 6000 Blackwell Server Edition, 42843 MiB, 100 %, 600.84 W
2026/09/21 01:52:47.769, 0, NVIDIA RTX PRO 6000 Blackwell Server Edition, 42843 MiB, 100 %, 599.40 W
2026/09/21 01:52:48.770, 0, NVIDIA RTX PRO 6000 Blackwell Server Edition, 58283 MiB, 100 %, 240.35 W
2026/09/21 01:52:49.770, 0, NVIDIA RTX PRO 6000 Blackwell Server Edition, 59083 MiB, 100 %, 534.03 W
2026/09/21 01:52:50.770, 0, NVIDIA RTX PRO 6000 Blackwell Server Edition, 59083 MiB, 100 %, 568.84 W
2026/09/21 01:52:51.770, 0, NVIDIA RTX PRO 6000 Blackwell Server Edition, 59083 MiB, 100 %, 567.07 W
2026/09/21 01:52:52.770, 0, NVIDIA RTX PRO 6000 Blackwell Server Edition, 59083 MiB, 100 %, 572.78 W
2026/09/21 01:52:53.771, 0, NVIDIA RTX PRO 6000 Blackwell Server Edition, 59083 MiB, 100 %, 564.55 W
2026/09/21 01:52:54.771, 0, NVIDIA RTX PRO 6000 Blackwell Server Edition, 59083 MiB, 100 %, 570.79 W
2026/09/21 01:52:55.771, 0, NVIDIA RTX PRO 6000 Blackwell Server Edition, 59083 MiB, 100 %, 568.73 W
2026/09/21 01:52:56.772, 0, NVIDIA RTX PRO 6000 Blackwell Server Edition, 59083 MiB, 100 %, 568.20 W
2026/09/21 01:52:57.772, 0, NVIDIA RTX PRO 6000 Blackwell Server Edition, 39281 MiB, 0 %, 337.74 W
2026/09/21 01:52:58.772, 0, NVIDIA RTX PRO 6000 Blackwell Server Edition, 44493 MiB, 19 %, 97.55 W
2026/09/21 01:52:59.772, 0, NVIDIA RTX PRO 6000 Blackwell Server Edition, 54299 MiB, 18 %, 98.10 W
2026/09/21 01:53:00.772, 0, NVIDIA RTX PRO 6000 Blackwell Server Edition, 61457 MiB, 0 %, 96.54 W
2026/09/21 01:53:01.772, 0, NVIDIA RTX PRO 6000 Blackwell Server Edition, 41999 MiB, 18 %, 133.67 W
2026/09/21 01:53:02.773, 0, NVIDIA RTX PRO 6000 Blackwell Server Edition, 46191 MiB, 62 %, 103.41 W
2026/09/21 01:53:03.773, 0, NVIDIA RTX PRO 6000 Blackwell Server Edition, 39411 MiB, 100 %, 171.73 W
2026/09/21 01:53:04.773, 0, NVIDIA RTX PRO 6000 Blackwell Server Edition, 39413 MiB, 100 %, 570.17 W
2026/09/21 01:53:05.773, 0, NVIDIA RTX PRO 6000 Blackwell Server Edition, 39413 MiB, 100 %, 571.12 W
2026/09/21 01:53:06.773, 0, NVIDIA RTX PRO 6000 Blackwell Server Edition, 39413 MiB, 100 %, 574.40 W
2026/09/21 01:53:07.773, 0, NVIDIA RTX PRO 6000 Blackwell Server Edition, 40615 MiB, 38 %, 452.67 W
2026/09/21 01:53:08.774, 0, NVIDIA RTX PRO 6000 Blackwell Server Edition, 42843 MiB, 100 %, 204.34 W
2026/09/21 01:53:09.774, 0, NVIDIA RTX PRO 6000 Blackwell Server Edition, 42843 MiB, 100 %, 602.21 W
2026/09/21 01:53:10.774, 0, NVIDIA RTX PRO 6000 Blackwell Server Edition, 42843 MiB, 100 %, 599.14 W
2026/09/21 01:53:11.774, 0, NVIDIA RTX PRO 6000 Blackwell Server Edition, 42843 MiB, 100 %, 598.55 W
2026/09/21 01:53:12.774, 0, NVIDIA RTX PRO 6000 Blackwell Server Edition, 42843 MiB, 100 %, 603.44 W
2026/09/21 01:53:13.774, 0, NVIDIA RTX PRO 6000 Blackwell Server Edition, 42843 MiB, 100 %, 598.50 W
2026/09/21 01:53:14.775, 0, NVIDIA RTX PRO 6000 Blackwell Server Edition, 42843 MiB, 100 %, 600.31 W
2026/09/21 01:53:15.775, 0, NVIDIA RTX PRO 6000 Blackwell Server Edition, 42903 MiB, 46 %, 450.05 W
2026/09/21 01:53:16.775, 0, NVIDIA RTX PRO 6000 Blackwell Server Edition, 59083 MiB, 100 %, 320.58 W
2026/09/21 01:53:17.775, 0, NVIDIA RTX PRO 6000 Blackwell Server Edition, 59083 MiB, 100 %, 568.26 W
2026/09/21 01:53:18.775, 0, NVIDIA RTX PRO 6000 Blackwell Server Edition, 59083 MiB, 100 %, 568.20 W
2026/09/21 01:53:19.775, 0, NVIDIA RTX PRO 6000 Blackwell Server Edition, 59083 MiB, 100 %, 568.23 W
2026/09/21 01:53:20.776, 0, NVIDIA RTX PRO 6000 Blackwell Server Edition, 59083 MiB, 100 %, 569.20 W
2026/09/21 01:53:21.776, 0, NVIDIA RTX PRO 6000 Blackwell Server Edition, 59083 MiB, 100 %, 568.82 W
2026/09/21 01:53:22.776, 0, NVIDIA RTX PRO 6000 Blackwell Server Edition, 59083 MiB, 100 %, 568.35 W
2026/09/21 01:53:23.776, 0, NVIDIA RTX PRO 6000 Blackwell Server Edition, 59083 MiB, 100 %, 570.43 W
2026/09/21 01:53:24.776, 0, NVIDIA RTX PRO 6000 Blackwell Server Edition, 59083 MiB, 100 %, 569.23 W
2026/09/21 01:53:25.776, 0, NVIDIA RTX PRO 6000 Blackwell Server Edition, 39281 MiB, 0 %, 161.33 W
2026/09/21 01:53:26.777, 0, NVIDIA RTX PRO 6000 Blackwell Server Edition, 48167 MiB, 20 %, 98.48 W
2026/09/21 01:53:27.777, 0, NVIDIA RTX PRO 6000 Blackwell Server Edition, 57685 MiB, 19 %, 97.75 W
2026/09/21 01:53:28.777, 0, NVIDIA RTX PRO 6000 Blackwell Server Edition, 50267 MiB, 0 %, 133.55 W
2026/09/21 01:53:29.777, 0, NVIDIA RTX PRO 6000 Blackwell Server Edition, 43247 MiB, 2 %, 97.70 W
2026/09/21 01:53:30.777, 0, NVIDIA RTX PRO 6000 Blackwell Server Edition, 39057 MiB, 1 %, 110.02 W
2026/09/21 01:53:31.778, 0, NVIDIA RTX PRO 6000 Blackwell Server Edition, 39413 MiB, 98 %, 354.87 W
2026/09/21 01:53:32.778, 0, NVIDIA RTX PRO 6000 Blackwell Server Edition, 39413 MiB, 98 %, 570.57 W
2026/09/21 01:53:33.778, 0, NVIDIA RTX PRO 6000 Blackwell Server Edition, 39413 MiB, 100 %, 571.69 W
2026/09/21 01:53:34.778, 0, NVIDIA RTX PRO 6000 Blackwell Server Edition, 39413 MiB, 100 %, 571.66 W
2026/09/21 01:53:35.778, 0, NVIDIA RTX PRO 6000 Blackwell Server Edition, 38685 MiB, 0 %, 258.55 W
2026/09/21 01:53:36.778, 0, NVIDIA RTX PRO 6000 Blackwell Server Edition, 42843 MiB, 100 %, 415.55 W
2026/09/21 01:53:37.779, 0, NVIDIA RTX PRO 6000 Blackwell Server Edition, 42843 MiB, 100 %, 601.07 W
2026/09/21 01:53:38.779, 0, NVIDIA RTX PRO 6000 Blackwell Server Edition, 42843 MiB, 100 %, 598.06 W
2026/09/21 01:53:39.779, 0, NVIDIA RTX PRO 6000 Blackwell Server Edition, 42843 MiB, 100 %, 600.72 W
2026/09/21 01:53:40.779, 0, NVIDIA RTX PRO 6000 Blackwell Server Edition, 42843 MiB, 99 %, 600.47 W
2026/09/21 01:53:41.779, 0, NVIDIA RTX PRO 6000 Blackwell Server Edition, 42843 MiB, 100 %, 600.25 W
2026/09/21 01:53:42.779, 0, NVIDIA RTX PRO 6000 Blackwell Server Edition, 42843 MiB, 100 %, 601.03 W
2026/09/21 01:53:43.780, 0, NVIDIA RTX PRO 6000 Blackwell Server Edition, 40589 MiB, 0 %, 243.48 W
2026/09/21 01:53:44.780, 0, NVIDIA RTX PRO 6000 Blackwell Server Edition, 59083 MiB, 100 %, 538.35 W
2026/09/21 01:53:45.780, 0, NVIDIA RTX PRO 6000 Blackwell Server Edition, 59083 MiB, 100 %, 565.88 W
2026/09/21 01:53:46.780, 0, NVIDIA RTX PRO 6000 Blackwell Server Edition, 59083 MiB, 100 %, 572.58 W
2026/09/21 01:53:47.780, 0, NVIDIA RTX PRO 6000 Blackwell Server Edition, 59083 MiB, 100 %, 566.28 W
2026/09/21 01:53:48.781, 0, NVIDIA RTX PRO 6000 Blackwell Server Edition, 59083 MiB, 100 %, 564.76 W
2026/09/21 01:53:49.781, 0, NVIDIA RTX PRO 6000 Blackwell Server Edition, 59083 MiB, 100 %, 573.47 W
2026/09/21 01:53:50.781, 0, NVIDIA RTX PRO 6000 Blackwell Server Edition, 59083 MiB, 100 %, 565.61 W
2026/09/21 01:53:51.781, 0, NVIDIA RTX PRO 6000 Blackwell Server Edition, 59083 MiB, 100 %, 564.51 W
2026/09/21 01:53:52.781, 0, NVIDIA RTX PRO 6000 Blackwell Server Edition, 39281 MiB, 30 %, 430.56 W
2026/09/21 01:53:53.781, 0, NVIDIA RTX PRO 6000 Blackwell Server Edition, 42355 MiB, 20 %, 97.04 W
2026/09/21 01:53:54.782, 0, NVIDIA RTX PRO 6000 Blackwell Server Edition, 52649 MiB, 20 %, 98.24 W
2026/09/21 01:53:55.782, 0, NVIDIA RTX PRO 6000 Blackwell Server Edition, 61313 MiB, 10 %, 97.10 W
2026/09/21 01:53:56.782, 0, NVIDIA RTX PRO 6000 Blackwell Server Edition, 40685 MiB, 12 %, 133.05 W
2026/09/21 01:53:57.782, 0, NVIDIA RTX PRO 6000 Blackwell Server Edition, 44719 MiB, 4 %, 94.34 W
2026/09/21 01:53:58.782, 0, NVIDIA RTX PRO 6000 Blackwell Server Edition, 39169 MiB, 0 %, 109.57 W
2026/09/21 01:53:59.782, 0, NVIDIA RTX PRO 6000 Blackwell Server Edition, 39413 MiB, 100 %, 530.77 W
2026/09/21 01:54:00.783, 0, NVIDIA RTX PRO 6000 Blackwell Server Edition, 39413 MiB, 100 %, 574.64 W
2026/09/21 01:54:01.783, 0, NVIDIA RTX PRO 6000 Blackwell Server Edition, 39413 MiB, 100 %, 574.21 W
2026/09/21 01:54:02.783, 0, NVIDIA RTX PRO 6000 Blackwell Server Edition, 39413 MiB, 81 %, 529.81 W
2026/09/21 01:54:03.783, 0, NVIDIA RTX PRO 6000 Blackwell Server Edition, 42843 MiB, 0 %, 118.45 W
2026/09/21 01:54:04.783, 0, NVIDIA RTX PRO 6000 Blackwell Server Edition, 42843 MiB, 100 %, 597.49 W
2026/09/21 01:54:05.783, 0, NVIDIA RTX PRO 6000 Blackwell Server Edition, 42843 MiB, 100 %, 602.00 W
2026/09/21 01:54:06.784, 0, NVIDIA RTX PRO 6000 Blackwell Server Edition, 42843 MiB, 100 %, 597.33 W
2026/09/21 01:54:07.784, 0, NVIDIA RTX PRO 6000 Blackwell Server Edition, 42843 MiB, 100 %, 600.62 W
2026/09/21 01:54:08.784, 0, NVIDIA RTX PRO 6000 Blackwell Server Edition, 42843 MiB, 100 %, 599.78 W
2026/09/21 01:54:09.784, 0, NVIDIA RTX PRO 6000 Blackwell Server Edition, 42843 MiB, 100 %, 600.49 W
2026/09/21 01:54:10.784, 0, NVIDIA RTX PRO 6000 Blackwell Server Edition, 42865 MiB, 100 %, 584.34 W
2026/09/21 01:54:11.784, 0, NVIDIA RTX PRO 6000 Blackwell Server Edition, 59083 MiB, 100 %, 243.96 W
2026/09/21 01:54:12.784, 0, NVIDIA RTX PRO 6000 Blackwell Server Edition, 59083 MiB, 100 %, 534.44 W
2026/09/21 01:54:13.785, 0, NVIDIA RTX PRO 6000 Blackwell Server Edition, 59083 MiB, 100 %, 567.22 W
2026/09/21 01:54:14.785, 0, NVIDIA RTX PRO 6000 Blackwell Server Edition, 59083 MiB, 100 %, 570.95 W
2026/09/21 01:54:15.785, 0, NVIDIA RTX PRO 6000 Blackwell Server Edition, 59083 MiB, 100 %, 569.43 W
2026/09/21 01:54:16.785, 0, NVIDIA RTX PRO 6000 Blackwell Server Edition, 59083 MiB, 100 %, 566.11 W
2026/09/21 01:54:17.785, 0, NVIDIA RTX PRO 6000 Blackwell Server Edition, 59083 MiB, 100 %, 570.84 W
2026/09/21 01:54:18.786, 0, NVIDIA RTX PRO 6000 Blackwell Server Edition, 59083 MiB, 100 %, 571.67 W
2026/09/21 01:54:19.786, 0, NVIDIA RTX PRO 6000 Blackwell Server Edition, 59083 MiB, 100 %, 566.42 W
2026/09/21 01:54:20.786, 0, NVIDIA RTX PRO 6000 Blackwell Server Edition, 39281 MiB, 0 %, 278.58 W
2026/09/21 01:54:21.786, 0, NVIDIA RTX PRO 6000 Blackwell Server Edition, 45969 MiB, 17 %, 97.61 W
2026/09/21 01:54:22.786, 0, NVIDIA RTX PRO 6000 Blackwell Server Edition, 55905 MiB, 17 %, 98.04 W
2026/09/21 01:54:23.786, 0, NVIDIA RTX PRO 6000 Blackwell Server Edition, 61809 MiB, 0 %, 122.15 W
2026/09/21 01:54:24.787, 0, NVIDIA RTX PRO 6000 Blackwell Server Edition, 42511 MiB, 20 %, 115.64 W
2026/09/21 01:54:25.787, 0, NVIDIA RTX PRO 6000 Blackwell Server Edition, 46191 MiB, 62 %, 109.10 W
2026/09/21 01:54:26.787, 0, NVIDIA RTX PRO 6000 Blackwell Server Edition, 39411 MiB, 99 %, 186.19 W
2026/09/21 01:54:27.787, 0, NVIDIA RTX PRO 6000 Blackwell Server Edition, 39413 MiB, 100 %, 573.38 W
2026/09/21 01:54:28.787, 0, NVIDIA RTX PRO 6000 Blackwell Server Edition, 39413 MiB, 100 %, 574.02 W
2026/09/21 01:54:29.787, 0, NVIDIA RTX PRO 6000 Blackwell Server Edition, 39413 MiB, 100 %, 573.14 W
2026/09/21 01:54:30.788, 0, NVIDIA RTX PRO 6000 Blackwell Server Edition, 40615 MiB, 33 %, 426.15 W
2026/09/21 01:54:31.788, 0, NVIDIA RTX PRO 6000 Blackwell Server Edition, 42843 MiB, 100 %, 221.21 W
2026/09/21 01:54:32.788, 0, NVIDIA RTX PRO 6000 Blackwell Server Edition, 42843 MiB, 100 %, 600.59 W
2026/09/21 01:54:33.788, 0, NVIDIA RTX PRO 6000 Blackwell Server Edition, 42843 MiB, 100 %, 600.18 W
2026/09/21 01:54:34.788, 0, NVIDIA RTX PRO 6000 Blackwell Server Edition, 42843 MiB, 100 %, 597.28 W
2026/09/21 01:54:35.788, 0, NVIDIA RTX PRO 6000 Blackwell Server Edition, 42843 MiB, 100 %, 600.96 W
2026/09/21 01:54:36.789, 0, NVIDIA RTX PRO 6000 Blackwell Server Edition, 42843 MiB, 100 %, 597.82 W
2026/09/21 01:54:37.789, 0, NVIDIA RTX PRO 6000 Blackwell Server Edition, 42843 MiB, 100 %, 599.75 W
2026/09/21 01:54:38.789, 0, NVIDIA RTX PRO 6000 Blackwell Server Edition, 42903 MiB, 48 %, 427.02 W
2026/09/21 01:54:39.789, 0, NVIDIA RTX PRO 6000 Blackwell Server Edition, 59083 MiB, 100 %, 345.63 W
2026/09/21 01:54:40.789, 0, NVIDIA RTX PRO 6000 Blackwell Server Edition, 59083 MiB, 100 %, 570.96 W
2026/09/21 01:54:41.789, 0, NVIDIA RTX PRO 6000 Blackwell Server Edition, 59083 MiB, 100 %, 567.81 W
2026/09/21 01:54:42.790, 0, NVIDIA RTX PRO 6000 Blackwell Server Edition, 59083 MiB, 100 %, 567.90 W
2026/09/21 01:54:43.790, 0, NVIDIA RTX PRO 6000 Blackwell Server Edition, 59083 MiB, 100 %, 570.87 W
2026/09/21 01:54:44.790, 0, NVIDIA RTX PRO 6000 Blackwell Server Edition, 59083 MiB, 100 %, 570.07 W
2026/09/21 01:54:45.790, 0, NVIDIA RTX PRO 6000 Blackwell Server Edition, 59083 MiB, 100 %, 568.64 W
2026/09/21 01:54:46.790, 0, NVIDIA RTX PRO 6000 Blackwell Server Edition, 59083 MiB, 100 %, 569.42 W
2026/09/21 01:54:47.791, 0, NVIDIA RTX PRO 6000 Blackwell Server Edition, 62895 MiB, 100 %, 568.47 W
2026/09/21 01:54:48.791, 0, NVIDIA RTX PRO 6000 Blackwell Server Edition, 39281 MiB, 0 %, 120.53 W
2026/09/21 01:54:49.791, 0, NVIDIA RTX PRO 6000 Blackwell Server Edition, 48487 MiB, 18 %, 97.96 W
2026/09/21 01:54:50.791, 0, NVIDIA RTX PRO 6000 Blackwell Server Edition, 58553 MiB, 20 %, 97.40 W
2026/09/21 01:54:51.791, 0, NVIDIA RTX PRO 6000 Blackwell Server Edition, 38685 MiB, 0 %, 133.91 W
2026/09/21 01:54:52.792, 0, NVIDIA RTX PRO 6000 Blackwell Server Edition, 43247 MiB, 0 %, 95.37 W
2026/09/21 01:54:53.792, 0, NVIDIA RTX PRO 6000 Blackwell Server Edition, 39057 MiB, 13 %, 110.13 W
2026/09/21 01:54:54.792, 0, NVIDIA RTX PRO 6000 Blackwell Server Edition, 39413 MiB, 100 %, 342.34 W
2026/09/21 01:54:55.792, 0, NVIDIA RTX PRO 6000 Blackwell Server Edition, 39413 MiB, 100 %, 573.18 W
2026/09/21 01:54:56.792, 0, NVIDIA RTX PRO 6000 Blackwell Server Edition, 39413 MiB, 99 %, 572.96 W
2026/09/21 01:54:57.793, 0, NVIDIA RTX PRO 6000 Blackwell Server Edition, 39413 MiB, 98 %, 572.28 W
2026/09/21 01:54:58.793, 0, NVIDIA RTX PRO 6000 Blackwell Server Edition, 38685 MiB, 2 %, 262.09 W
2026/09/21 01:54:59.793, 0, NVIDIA RTX PRO 6000 Blackwell Server Edition, 42843 MiB, 100 %, 414.65 W
2026/09/21 01:55:00.793, 0, NVIDIA RTX PRO 6000 Blackwell Server Edition, 42843 MiB, 100 %, 600.99 W
2026/09/21 01:55:01.793, 0, NVIDIA RTX PRO 6000 Blackwell Server Edition, 42843 MiB, 100 %, 598.96 W
2026/09/21 01:55:02.793, 0, NVIDIA RTX PRO 6000 Blackwell Server Edition, 42843 MiB, 100 %, 599.72 W
2026/09/21 01:55:03.793, 0, NVIDIA RTX PRO 6000 Blackwell Server Edition, 42843 MiB, 100 %, 601.33 W
2026/09/21 01:55:04.794, 0, NVIDIA RTX PRO 6000 Blackwell Server Edition, 42843 MiB, 100 %, 598.62 W
2026/09/21 01:55:05.794, 0, NVIDIA RTX PRO 6000 Blackwell Server Edition, 42843 MiB, 100 %, 601.44 W
2026/09/21 01:55:06.794, 0, NVIDIA RTX PRO 6000 Blackwell Server Edition, 40731 MiB, 0 %, 248.24 W
2026/09/21 01:55:07.794, 0, NVIDIA RTX PRO 6000 Blackwell Server Edition, 59083 MiB, 100 %, 530.29 W
2026/09/21 01:55:08.794, 0, NVIDIA RTX PRO 6000 Blackwell Server Edition, 59083 MiB, 100 %, 571.41 W
2026/09/21 01:55:09.794, 0, NVIDIA RTX PRO 6000 Blackwell Server Edition, 59083 MiB, 100 %, 566.61 W
2026/09/21 01:55:10.795, 0, NVIDIA RTX PRO 6000 Blackwell Server Edition, 59083 MiB, 100 %, 570.17 W
2026/09/21 01:55:11.795, 0, NVIDIA RTX PRO 6000 Blackwell Server Edition, 59083 MiB, 100 %, 570.76 W
2026/09/21 01:55:12.795, 0, NVIDIA RTX PRO 6000 Blackwell Server Edition, 59083 MiB, 100 %, 565.27 W
2026/09/21 01:55:13.795, 0, NVIDIA RTX PRO 6000 Blackwell Server Edition, 59083 MiB, 100 %, 573.71 W
2026/09/21 01:55:14.795, 0, NVIDIA RTX PRO 6000 Blackwell Server Edition, 59083 MiB, 100 %, 568.89 W
2026/09/21 01:55:15.795, 0, NVIDIA RTX PRO 6000 Blackwell Server Edition, 39281 MiB, 0 %, 406.08 W
2026/09/21 01:55:16.795, 0, NVIDIA RTX PRO 6000 Blackwell Server Edition, 43131 MiB, 16 %, 96.93 W
2026/09/21 01:55:17.796, 0, NVIDIA RTX PRO 6000 Blackwell Server Edition, 53317 MiB, 19 %, 98.08 W
2026/09/21 01:55:18.796, 0, NVIDIA RTX PRO 6000 Blackwell Server Edition, 61313 MiB, 17 %, 96.88 W
2026/09/21 01:55:19.796, 0, NVIDIA RTX PRO 6000 Blackwell Server Edition, 41229 MiB, 15 %, 131.67 W
2026/09/21 01:55:20.796, 0, NVIDIA RTX PRO 6000 Blackwell Server Edition, 46191 MiB, 0 %, 94.05 W
2026/09/21 01:55:21.796, 0, NVIDIA RTX PRO 6000 Blackwell Server Edition, 39411 MiB, 0 %, 139.08 W
2026/09/21 01:55:22.797, 0, NVIDIA RTX PRO 6000 Blackwell Server Edition, 39413 MiB, 100 %, 569.32 W
2026/09/21 01:55:23.797, 0, NVIDIA RTX PRO 6000 Blackwell Server Edition, 39413 MiB, 100 %, 570.73 W
2026/09/21 01:55:24.797, 0, NVIDIA RTX PRO 6000 Blackwell Server Edition, 39413 MiB, 98 %, 571.15 W
2026/09/21 01:55:25.797, 0, NVIDIA RTX PRO 6000 Blackwell Server Edition, 40615 MiB, 41 %, 461.51 W
2026/09/21 01:55:26.797, 0, NVIDIA RTX PRO 6000 Blackwell Server Edition, 42843 MiB, 1 %, 198.27 W
2026/09/21 01:55:27.797, 0, NVIDIA RTX PRO 6000 Blackwell Server Edition, 42843 MiB, 100 %, 602.11 W
2026/09/21 01:55:28.797, 0, NVIDIA RTX PRO 6000 Blackwell Server Edition, 42843 MiB, 100 %, 600.49 W
2026/09/21 01:55:29.798, 0, NVIDIA RTX PRO 6000 Blackwell Server Edition, 42843 MiB, 100 %, 596.92 W
2026/09/21 01:55:30.798, 0, NVIDIA RTX PRO 6000 Blackwell Server Edition, 42843 MiB, 100 %, 602.27 W
2026/09/21 01:55:31.798, 0, NVIDIA RTX PRO 6000 Blackwell Server Edition, 42843 MiB, 100 %, 598.92 W
2026/09/21 01:55:32.798, 0, NVIDIA RTX PRO 6000 Blackwell Server Edition, 42843 MiB, 100 %, 601.30 W
2026/09/21 01:55:33.798, 0, NVIDIA RTX PRO 6000 Blackwell Server Edition, 42903 MiB, 16 %, 469.82 W
2026/09/21 01:55:34.798, 0, NVIDIA RTX PRO 6000 Blackwell Server Edition, 59083 MiB, 100 %, 321.28 W
2026/09/21 01:55:35.799, 0, NVIDIA RTX PRO 6000 Blackwell Server Edition, 59083 MiB, 100 %, 567.21 W
2026/09/21 01:55:36.799, 0, NVIDIA RTX PRO 6000 Blackwell Server Edition, 59083 MiB, 100 %, 567.35 W
2026/09/21 01:55:37.799, 0, NVIDIA RTX PRO 6000 Blackwell Server Edition, 59083 MiB, 100 %, 568.99 W
2026/09/21 01:55:38.799, 0, NVIDIA RTX PRO 6000 Blackwell Server Edition, 59083 MiB, 100 %, 569.15 W
2026/09/21 01:55:39.799, 0, NVIDIA RTX PRO 6000 Blackwell Server Edition, 59083 MiB, 100 %, 569.27 W
2026/09/21 01:55:40.799, 0, NVIDIA RTX PRO 6000 Blackwell Server Edition, 59083 MiB, 100 %, 569.44 W
2026/09/21 01:55:41.799, 0, NVIDIA RTX PRO 6000 Blackwell Server Edition, 59083 MiB, 100 %, 568.51 W
2026/09/21 01:55:42.800, 0, NVIDIA RTX PRO 6000 Blackwell Server Edition, 59083 MiB, 100 %, 570.11 W
2026/09/21 01:55:43.800, 0, NVIDIA RTX PRO 6000 Blackwell Server Edition, 39281 MiB, 0 %, 165.50 W
2026/09/21 01:55:44.800, 0, NVIDIA RTX PRO 6000 Blackwell Server Edition, 47847 MiB, 19 %, 98.07 W
2026/09/21 01:55:45.800, 0, NVIDIA RTX PRO 6000 Blackwell Server Edition, 58073 MiB, 19 %, 97.66 W
2026/09/21 01:55:46.800, 0, NVIDIA RTX PRO 6000 Blackwell Server Edition, 38687 MiB, 0 %, 134.32 W
2026/09/21 01:55:47.801, 0, NVIDIA RTX PRO 6000 Blackwell Server Edition, 43247 MiB, 0 %, 95.31 W
2026/09/21 01:55:48.801, 0, NVIDIA RTX PRO 6000 Blackwell Server Edition, 39057 MiB, 1 %, 110.20 W
2026/09/21 01:55:49.801, 0, NVIDIA RTX PRO 6000 Blackwell Server Edition, 39413 MiB, 98 %, 336.97 W
2026/09/21 01:55:50.801, 0, NVIDIA RTX PRO 6000 Blackwell Server Edition, 39413 MiB, 98 %, 574.32 W
2026/09/21 01:55:51.801, 0, NVIDIA RTX PRO 6000 Blackwell Server Edition, 39413 MiB, 100 %, 573.36 W
2026/09/21 01:55:52.801, 0, NVIDIA RTX PRO 6000 Blackwell Server Edition, 39413 MiB, 100 %, 574.12 W
2026/09/21 01:55:53.802, 0, NVIDIA RTX PRO 6000 Blackwell Server Edition, 38793 MiB, 0 %, 275.73 W
2026/09/21 01:55:54.802, 0, NVIDIA RTX PRO 6000 Blackwell Server Edition, 42843 MiB, 100 %, 418.52 W
2026/09/21 01:55:55.802, 0, NVIDIA RTX PRO 6000 Blackwell Server Edition, 42843 MiB, 100 %, 600.32 W
2026/09/21 01:55:56.802, 0, NVIDIA RTX PRO 6000 Blackwell Server Edition, 42843 MiB, 100 %, 597.27 W
2026/09/21 01:55:57.802, 0, NVIDIA RTX PRO 6000 Blackwell Server Edition, 42843 MiB, 100 %, 600.96 W
2026/09/21 01:55:58.802, 0, NVIDIA RTX PRO 6000 Blackwell Server Edition, 42843 MiB, 99 %, 598.98 W
2026/09/21 01:55:59.802, 0, NVIDIA RTX PRO 6000 Blackwell Server Edition, 42843 MiB, 100 %, 601.25 W
2026/09/21 01:56:00.803, 0, NVIDIA RTX PRO 6000 Blackwell Server Edition, 42843 MiB, 100 %, 601.54 W
2026/09/21 01:56:01.803, 0, NVIDIA RTX PRO 6000 Blackwell Server Edition, 40731 MiB, 39 %, 247.19 W
2026/09/21 01:56:02.803, 0, NVIDIA RTX PRO 6000 Blackwell Server Edition, 59083 MiB, 100 %, 532.81 W
2026/09/21 01:56:03.803, 0, NVIDIA RTX PRO 6000 Blackwell Server Edition, 59083 MiB, 100 %, 567.47 W
2026/09/21 01:56:04.803, 0, NVIDIA RTX PRO 6000 Blackwell Server Edition, 59083 MiB, 100 %, 571.10 W
2026/09/21 01:56:05.803, 0, NVIDIA RTX PRO 6000 Blackwell Server Edition, 59083 MiB, 100 %, 567.63 W
2026/09/21 01:56:06.804, 0, NVIDIA RTX PRO 6000 Blackwell Server Edition, 59083 MiB, 100 %, 569.91 W
2026/09/21 01:56:07.804, 0, NVIDIA RTX PRO 6000 Blackwell Server Edition, 59083 MiB, 100 %, 571.95 W
2026/09/21 01:56:08.804, 0, NVIDIA RTX PRO 6000 Blackwell Server Edition, 59083 MiB, 100 %, 564.19 W
2026/09/21 01:56:09.804, 0, NVIDIA RTX PRO 6000 Blackwell Server Edition, 59083 MiB, 100 %, 570.05 W
2026/09/21 01:56:10.804, 0, NVIDIA RTX PRO 6000 Blackwell Server Edition, 39281 MiB, 26 %, 400.05 W
2026/09/21 01:56:11.804, 0, NVIDIA RTX PRO 6000 Blackwell Server Edition, 41201 MiB, 0 %, 95.47 W
2026/09/21 01:56:12.805, 0, NVIDIA RTX PRO 6000 Blackwell Server Edition, 47271 MiB, 17 %, 97.01 W
2026/09/21 01:56:13.805, 0, NVIDIA RTX PRO 6000 Blackwell Server Edition, 57479 MiB, 18 %, 97.46 W
2026/09/21 01:56:14.805, 0, NVIDIA RTX PRO 6000 Blackwell Server Edition, 49241 MiB, 0 %, 131.48 W
2026/09/21 01:56:15.805, 0, NVIDIA RTX PRO 6000 Blackwell Server Edition, 43247 MiB, 0 %, 97.22 W
2026/09/21 01:56:16.805, 0, NVIDIA RTX PRO 6000 Blackwell Server Edition, 39057 MiB, 14 %, 110.01 W
2026/09/21 01:56:17.805, 0, NVIDIA RTX PRO 6000 Blackwell Server Edition, 39413 MiB, 98 %, 327.49 W
2026/09/21 01:56:18.806, 0, NVIDIA RTX PRO 6000 Blackwell Server Edition, 39413 MiB, 98 %, 570.23 W
2026/09/21 01:56:19.806, 0, NVIDIA RTX PRO 6000 Blackwell Server Edition, 39413 MiB, 98 %, 571.88 W
2026/09/21 01:56:20.806, 0, NVIDIA RTX PRO 6000 Blackwell Server Edition, 39413 MiB, 100 %, 575.95 W
2026/09/21 01:56:21.806, 0, NVIDIA RTX PRO 6000 Blackwell Server Edition, 38685 MiB, 0 %, 275.41 W
2026/09/21 01:56:22.806, 0, NVIDIA RTX PRO 6000 Blackwell Server Edition, 42843 MiB, 100 %, 413.13 W
2026/09/21 01:56:23.806, 0, NVIDIA RTX PRO 6000 Blackwell Server Edition, 42843 MiB, 100 %, 601.84 W
2026/09/21 01:56:24.807, 0, NVIDIA RTX PRO 6000 Blackwell Server Edition, 42843 MiB, 100 %, 598.79 W
2026/09/21 01:56:25.807, 0, NVIDIA RTX PRO 6000 Blackwell Server Edition, 42843 MiB, 100 %, 599.21 W
2026/09/21 01:56:26.807, 0, NVIDIA RTX PRO 6000 Blackwell Server Edition, 42843 MiB, 100 %, 602.32 W
2026/09/21 01:56:27.807, 0, NVIDIA RTX PRO 6000 Blackwell Server Edition, 42843 MiB, 100 %, 598.88 W
2026/09/21 01:56:28.807, 0, NVIDIA RTX PRO 6000 Blackwell Server Edition, 42843 MiB, 100 %, 601.21 W
2026/09/21 01:56:29.807, 0, NVIDIA RTX PRO 6000 Blackwell Server Edition, 40731 MiB, 0 %, 249.36 W
2026/09/21 01:56:30.807, 0, NVIDIA RTX PRO 6000 Blackwell Server Edition, 59083 MiB, 100 %, 538.09 W
2026/09/21 01:56:31.808, 0, NVIDIA RTX PRO 6000 Blackwell Server Edition, 59083 MiB, 100 %, 567.54 W
2026/09/21 01:56:32.808, 0, NVIDIA RTX PRO 6000 Blackwell Server Edition, 59083 MiB, 100 %, 565.12 W
2026/09/21 01:56:33.808, 0, NVIDIA RTX PRO 6000 Blackwell Server Edition, 59083 MiB, 100 %, 570.94 W
2026/09/21 01:56:34.808, 0, NVIDIA RTX PRO 6000 Blackwell Server Edition, 59083 MiB, 100 %, 563.95 W
2026/09/21 01:56:35.808, 0, NVIDIA RTX PRO 6000 Blackwell Server Edition, 59083 MiB, 100 %, 570.42 W
2026/09/21 01:56:36.809, 0, NVIDIA RTX PRO 6000 Blackwell Server Edition, 59083 MiB, 100 %, 573.46 W
2026/09/21 01:56:37.809, 0, NVIDIA RTX PRO 6000 Blackwell Server Edition, 59083 MiB, 100 %, 563.17 W
2026/09/21 01:56:38.809, 0, NVIDIA RTX PRO 6000 Blackwell Server Edition, 39281 MiB, 44 %, 418.86 W
2026/09/21 01:56:39.809, 0, NVIDIA RTX PRO 6000 Blackwell Server Edition, 42583 MiB, 18 %, 96.77 W
2026/09/21 01:56:40.809, 0, NVIDIA RTX PRO 6000 Blackwell Server Edition, 52809 MiB, 19 %, 98.05 W
2026/09/21 01:56:41.809, 0, NVIDIA RTX PRO 6000 Blackwell Server Edition, 61313 MiB, 14 %, 96.93 W
2026/09/21 01:56:42.810, 0, NVIDIA RTX PRO 6000 Blackwell Server Edition, 40717 MiB, 14 %, 131.98 W
2026/09/21 01:56:43.810, 0, NVIDIA RTX PRO 6000 Blackwell Server Edition, 44719 MiB, 4 %, 93.96 W
2026/09/21 01:56:44.810, 0, NVIDIA RTX PRO 6000 Blackwell Server Edition, 39411 MiB, 1 %, 126.51 W
2026/09/21 01:56:45.810, 0, NVIDIA RTX PRO 6000 Blackwell Server Edition, 39413 MiB, 98 %, 568.44 W
2026/09/21 01:56:46.810, 0, NVIDIA RTX PRO 6000 Blackwell Server Edition, 39413 MiB, 98 %, 574.91 W
2026/09/21 01:56:47.810, 0, NVIDIA RTX PRO 6000 Blackwell Server Edition, 39413 MiB, 99 %, 574.20 W
2026/09/21 01:56:48.810, 0, NVIDIA RTX PRO 6000 Blackwell Server Edition, 40615 MiB, 16 %, 486.95 W
2026/09/21 01:56:49.811, 0, NVIDIA RTX PRO 6000 Blackwell Server Edition, 42843 MiB, 92 %, 185.45 W
2026/09/21 01:56:50.811, 0, NVIDIA RTX PRO 6000 Blackwell Server Edition, 42843 MiB, 100 %, 600.57 W
2026/09/21 01:56:51.811, 0, NVIDIA RTX PRO 6000 Blackwell Server Edition, 42843 MiB, 100 %, 600.15 W
2026/09/21 01:56:52.811, 0, NVIDIA RTX PRO 6000 Blackwell Server Edition, 42843 MiB, 100 %, 597.57 W
2026/09/21 01:56:53.811, 0, NVIDIA RTX PRO 6000 Blackwell Server Edition, 42843 MiB, 100 %, 600.14 W
2026/09/21 01:56:54.811, 0, NVIDIA RTX PRO 6000 Blackwell Server Edition, 42843 MiB, 100 %, 600.68 W
2026/09/21 01:56:55.811, 0, NVIDIA RTX PRO 6000 Blackwell Server Edition, 42843 MiB, 100 %, 600.08 W
2026/09/21 01:56:56.811, 0, NVIDIA RTX PRO 6000 Blackwell Server Edition, 42903 MiB, 8 %, 472.09 W
2026/09/21 01:56:57.812, 0, NVIDIA RTX PRO 6000 Blackwell Server Edition, 59083 MiB, 100 %, 324.66 W
2026/09/21 01:56:58.812, 0, NVIDIA RTX PRO 6000 Blackwell Server Edition, 59083 MiB, 100 %, 567.40 W
2026/09/21 01:56:59.812, 0, NVIDIA RTX PRO 6000 Blackwell Server Edition, 59083 MiB, 100 %, 568.03 W
2026/09/21 01:57:00.812, 0, NVIDIA RTX PRO 6000 Blackwell Server Edition, 59083 MiB, 100 %, 568.49 W
2026/09/21 01:57:01.812, 0, NVIDIA RTX PRO 6000 Blackwell Server Edition, 59083 MiB, 100 %, 568.61 W
2026/09/21 01:57:02.812, 0, NVIDIA RTX PRO 6000 Blackwell Server Edition, 59083 MiB, 100 %, 568.44 W
2026/09/21 01:57:03.813, 0, NVIDIA RTX PRO 6000 Blackwell Server Edition, 59083 MiB, 100 %, 568.28 W
2026/09/21 01:57:04.813, 0, NVIDIA RTX PRO 6000 Blackwell Server Edition, 59083 MiB, 100 %, 569.04 W
2026/09/21 01:57:05.813, 0, NVIDIA RTX PRO 6000 Blackwell Server Edition, 59083 MiB, 100 %, 567.23 W
2026/09/21 01:57:06.813, 0, NVIDIA RTX PRO 6000 Blackwell Server Edition, 39281 MiB, 0 %, 166.29 W
2026/09/21 01:57:07.813, 0, NVIDIA RTX PRO 6000 Blackwell Server Edition, 48281 MiB, 20 %, 98.26 W
2026/09/21 01:57:08.813, 0, NVIDIA RTX PRO 6000 Blackwell Server Edition, 58507 MiB, 19 %, 97.42 W
2026/09/21 01:57:09.813, 0, NVIDIA RTX PRO 6000 Blackwell Server Edition, 38685 MiB, 14 %, 134.24 W
2026/09/21 01:57:10.813, 0, NVIDIA RTX PRO 6000 Blackwell Server Edition, 43247 MiB, 14 %, 94.63 W
2026/09/21 01:57:11.814, 0, NVIDIA RTX PRO 6000 Blackwell Server Edition, 39061 MiB, 1 %, 109.72 W
2026/09/21 01:57:12.814, 0, NVIDIA RTX PRO 6000 Blackwell Server Edition, 39413 MiB, 100 %, 415.91 W
2026/09/21 01:57:13.814, 0, NVIDIA RTX PRO 6000 Blackwell Server Edition, 39413 MiB, 100 %, 572.56 W
2026/09/21 01:57:14.814, 0, NVIDIA RTX PRO 6000 Blackwell Server Edition, 39413 MiB, 100 %, 572.38 W
2026/09/21 01:57:15.814, 0, NVIDIA RTX PRO 6000 Blackwell Server Edition, 39413 MiB, 100 %, 572.63 W
2026/09/21 01:57:16.814, 0, NVIDIA RTX PRO 6000 Blackwell Server Edition, 38847 MiB, 7 %, 194.87 W
2026/09/21 01:57:17.814, 0, NVIDIA RTX PRO 6000 Blackwell Server Edition, 42843 MiB, 100 %, 485.97 W
2026/09/21 01:57:18.815, 0, NVIDIA RTX PRO 6000 Blackwell Server Edition, 42843 MiB, 100 %, 600.52 W
2026/09/21 01:57:19.815, 0, NVIDIA RTX PRO 6000 Blackwell Server Edition, 42843 MiB, 100 %, 598.72 W
2026/09/21 01:57:20.815, 0, NVIDIA RTX PRO 6000 Blackwell Server Edition, 42843 MiB, 100 %, 601.71 W
2026/09/21 01:57:21.815, 0, NVIDIA RTX PRO 6000 Blackwell Server Edition, 42843 MiB, 100 %, 599.93 W
2026/09/21 01:57:22.815, 0, NVIDIA RTX PRO 6000 Blackwell Server Edition, 42843 MiB, 100 %, 600.65 W
2026/09/21 01:57:23.815, 0, NVIDIA RTX PRO 6000 Blackwell Server Edition, 42843 MiB, 100 %, 599.64 W
2026/09/21 01:57:24.816, 0, NVIDIA RTX PRO 6000 Blackwell Server Edition, 40731 MiB, 100 %, 249.77 W
2026/09/21 01:57:25.816, 0, NVIDIA RTX PRO 6000 Blackwell Server Edition, 59083 MiB, 100 %, 523.23 W
2026/09/21 01:57:26.816, 0, NVIDIA RTX PRO 6000 Blackwell Server Edition, 59083 MiB, 100 %, 568.64 W
2026/09/21 01:57:27.816, 0, NVIDIA RTX PRO 6000 Blackwell Server Edition, 59083 MiB, 100 %, 566.65 W
2026/09/21 01:57:28.816, 0, NVIDIA RTX PRO 6000 Blackwell Server Edition, 59083 MiB, 100 %, 572.95 W
2026/09/21 01:57:29.816, 0, NVIDIA RTX PRO 6000 Blackwell Server Edition, 59083 MiB, 100 %, 567.75 W
2026/09/21 01:57:30.816, 0, NVIDIA RTX PRO 6000 Blackwell Server Edition, 59083 MiB, 100 %, 572.87 W
2026/09/21 01:57:31.816, 0, NVIDIA RTX PRO 6000 Blackwell Server Edition, 59083 MiB, 100 %, 567.23 W
2026/09/21 01:57:32.817, 0, NVIDIA RTX PRO 6000 Blackwell Server Edition, 59083 MiB, 100 %, 565.90 W
2026/09/21 01:57:33.817, 0, NVIDIA RTX PRO 6000 Blackwell Server Edition, 39281 MiB, 44 %, 386.52 W
2026/09/21 01:57:34.817, 0, NVIDIA RTX PRO 6000 Blackwell Server Edition, 43657 MiB, 17 %, 97.04 W
2026/09/21 01:57:35.817, 0, NVIDIA RTX PRO 6000 Blackwell Server Edition, 53865 MiB, 19 %, 98.19 W
2026/09/21 01:57:36.817, 0, NVIDIA RTX PRO 6000 Blackwell Server Edition, 61313 MiB, 10 %, 96.91 W
2026/09/21 01:57:37.817, 0, NVIDIA RTX PRO 6000 Blackwell Server Edition, 41871 MiB, 11 %, 133.05 W
2026/09/21 01:57:38.818, 0, NVIDIA RTX PRO 6000 Blackwell Server Edition, 46191 MiB, 4 %, 94.13 W
2026/09/21 01:57:39.818, 0, NVIDIA RTX PRO 6000 Blackwell Server Edition, 39411 MiB, 1 %, 156.13 W
2026/09/21 01:57:40.818, 0, NVIDIA RTX PRO 6000 Blackwell Server Edition, 39413 MiB, 98 %, 568.73 W
2026/09/21 01:57:41.818, 0, NVIDIA RTX PRO 6000 Blackwell Server Edition, 39413 MiB, 98 %, 571.65 W
2026/09/21 01:57:42.818, 0, NVIDIA RTX PRO 6000 Blackwell Server Edition, 39413 MiB, 99 %, 576.13 W
2026/09/21 01:57:43.818, 0, NVIDIA RTX PRO 6000 Blackwell Server Edition, 40615 MiB, 14 %, 456.77 W
2026/09/21 01:57:44.818, 0, NVIDIA RTX PRO 6000 Blackwell Server Edition, 42843 MiB, 18 %, 177.23 W
2026/09/21 01:57:45.818, 0, NVIDIA RTX PRO 6000 Blackwell Server Edition, 42843 MiB, 100 %, 598.28 W
2026/09/21 01:57:46.819, 0, NVIDIA RTX PRO 6000 Blackwell Server Edition, 42843 MiB, 100 %, 601.09 W
2026/09/21 01:57:47.819, 0, NVIDIA RTX PRO 6000 Blackwell Server Edition, 42843 MiB, 100 %, 599.77 W
2026/09/21 01:57:48.819, 0, NVIDIA RTX PRO 6000 Blackwell Server Edition, 42843 MiB, 100 %, 601.63 W
2026/09/21 01:57:49.819, 0, NVIDIA RTX PRO 6000 Blackwell Server Edition, 42843 MiB, 100 %, 599.02 W
2026/09/21 01:57:50.819, 0, NVIDIA RTX PRO 6000 Blackwell Server Edition, 42843 MiB, 100 %, 600.72 W
2026/09/21 01:57:51.819, 0, NVIDIA RTX PRO 6000 Blackwell Server Edition, 42903 MiB, 13 %, 478.27 W
2026/09/21 01:57:52.819, 0, NVIDIA RTX PRO 6000 Blackwell Server Edition, 59083 MiB, 100 %, 320.25 W
2026/09/21 01:57:53.820, 0, NVIDIA RTX PRO 6000 Blackwell Server Edition, 59083 MiB, 100 %, 568.21 W
2026/09/21 01:57:54.820, 0, NVIDIA RTX PRO 6000 Blackwell Server Edition, 59083 MiB, 100 %, 569.04 W
2026/09/21 01:57:55.821, 0, NVIDIA RTX PRO 6000 Blackwell Server Edition, 59083 MiB, 100 %, 568.68 W
2026/09/21 01:57:56.821, 0, NVIDIA RTX PRO 6000 Blackwell Server Edition, 59083 MiB, 100 %, 569.69 W
2026/09/21 01:57:57.821, 0, NVIDIA RTX PRO 6000 Blackwell Server Edition, 59083 MiB, 100 %, 569.25 W
2026/09/21 01:57:58.821, 0, NVIDIA RTX PRO 6000 Blackwell Server Edition, 59083 MiB, 100 %, 569.47 W
2026/09/21 01:57:59.821, 0, NVIDIA RTX PRO 6000 Blackwell Server Edition, 59083 MiB, 100 %, 568.04 W
2026/09/21 01:58:00.821, 0, NVIDIA RTX PRO 6000 Blackwell Server Edition, 59083 MiB, 100 %, 569.50 W
2026/09/21 01:58:01.822, 0, NVIDIA RTX PRO 6000 Blackwell Server Edition, 39281 MiB, 0 %, 175.59 W
2026/09/21 01:58:02.822, 0, NVIDIA RTX PRO 6000 Blackwell Server Edition, 48829 MiB, 20 %, 98.37 W
2026/09/21 01:58:03.822, 0, NVIDIA RTX PRO 6000 Blackwell Server Edition, 59129 MiB, 19 %, 97.72 W
2026/09/21 01:58:04.822, 0, NVIDIA RTX PRO 6000 Blackwell Server Edition, 38685 MiB, 0 %, 133.56 W
2026/09/21 01:58:05.822, 0, NVIDIA RTX PRO 6000 Blackwell Server Edition, 43247 MiB, 2 %, 94.72 W
2026/09/21 01:58:06.822, 0, NVIDIA RTX PRO 6000 Blackwell Server Edition, 39061 MiB, 0 %, 109.41 W
2026/09/21 01:58:07.822, 0, NVIDIA RTX PRO 6000 Blackwell Server Edition, 39413 MiB, 98 %, 405.79 W
2026/09/21 01:58:08.823, 0, NVIDIA RTX PRO 6000 Blackwell Server Edition, 39413 MiB, 98 %, 571.77 W
2026/09/21 01:58:09.823, 0, NVIDIA RTX PRO 6000 Blackwell Server Edition, 39413 MiB, 100 %, 572.04 W
2026/09/21 01:58:10.823, 0, NVIDIA RTX PRO 6000 Blackwell Server Edition, 39413 MiB, 100 %, 571.81 W
2026/09/21 01:58:11.823, 0, NVIDIA RTX PRO 6000 Blackwell Server Edition, 38847 MiB, 0 %, 201.84 W
2026/09/21 01:58:12.823, 0, NVIDIA RTX PRO 6000 Blackwell Server Edition, 42843 MiB, 100 %, 487.06 W
2026/09/21 01:58:13.823, 0, NVIDIA RTX PRO 6000 Blackwell Server Edition, 42843 MiB, 100 %, 601.95 W
2026/09/21 01:58:14.823, 0, NVIDIA RTX PRO 6000 Blackwell Server Edition, 42843 MiB, 100 %, 599.13 W
2026/09/21 01:58:15.824, 0, NVIDIA RTX PRO 6000 Blackwell Server Edition, 42843 MiB, 100 %, 601.40 W
2026/09/21 01:58:16.824, 0, NVIDIA RTX PRO 6000 Blackwell Server Edition, 42843 MiB, 99 %, 601.13 W
2026/09/21 01:58:17.824, 0, NVIDIA RTX PRO 6000 Blackwell Server Edition, 42843 MiB, 100 %, 601.22 W
2026/09/21 01:58:18.824, 0, NVIDIA RTX PRO 6000 Blackwell Server Edition, 42843 MiB, 100 %, 600.13 W
2026/09/21 01:58:19.824, 0, NVIDIA RTX PRO 6000 Blackwell Server Edition, 51271 MiB, 12 %, 255.86 W
2026/09/21 01:58:20.824, 0, NVIDIA RTX PRO 6000 Blackwell Server Edition, 59083 MiB, 100 %, 526.47 W
2026/09/21 01:58:21.824, 0, NVIDIA RTX PRO 6000 Blackwell Server Edition, 59083 MiB, 100 %, 569.43 W
2026/09/21 01:58:22.825, 0, NVIDIA RTX PRO 6000 Blackwell Server Edition, 59083 MiB, 100 %, 563.51 W
2026/09/21 01:58:23.825, 0, NVIDIA RTX PRO 6000 Blackwell Server Edition, 59083 MiB, 100 %, 567.28 W
2026/09/21 01:58:24.825, 0, NVIDIA RTX PRO 6000 Blackwell Server Edition, 59083 MiB, 100 %, 568.05 W
2026/09/21 01:58:25.825, 0, NVIDIA RTX PRO 6000 Blackwell Server Edition, 59083 MiB, 100 %, 566.87 W
2026/09/21 01:58:26.826, 0, NVIDIA RTX PRO 6000 Blackwell Server Edition, 59083 MiB, 100 %, 569.84 W
2026/09/21 01:58:27.826, 0, NVIDIA RTX PRO 6000 Blackwell Server Edition, 59083 MiB, 100 %, 567.07 W
2026/09/21 01:58:28.826, 0, NVIDIA RTX PRO 6000 Blackwell Server Edition, 39281 MiB, 44 %, 341.27 W
2026/09/21 01:58:29.826, 0, NVIDIA RTX PRO 6000 Blackwell Server Edition, 44205 MiB, 17 %, 97.28 W
2026/09/21 01:58:30.826, 0, NVIDIA RTX PRO 6000 Blackwell Server Edition, 54603 MiB, 19 %, 98.17 W
2026/09/21 01:58:31.826, 0, NVIDIA RTX PRO 6000 Blackwell Server Edition, 61715 MiB, 0 %, 102.62 W
2026/09/21 01:58:32.826, 0, NVIDIA RTX PRO 6000 Blackwell Server Edition, 42511 MiB, 17 %, 127.63 W
2026/09/21 01:58:33.826, 0, NVIDIA RTX PRO 6000 Blackwell Server Edition, 46191 MiB, 28 %, 109.79 W
2026/09/21 01:58:34.827, 0, NVIDIA RTX PRO 6000 Blackwell Server Edition, 39411 MiB, 99 %, 220.45 W
2026/09/21 01:58:35.827, 0, NVIDIA RTX PRO 6000 Blackwell Server Edition, 39413 MiB, 100 %, 571.38 W
2026/09/21 01:58:36.827, 0, NVIDIA RTX PRO 6000 Blackwell Server Edition, 39413 MiB, 100 %, 571.06 W
2026/09/21 01:58:37.827, 0, NVIDIA RTX PRO 6000 Blackwell Server Edition, 39413 MiB, 100 %, 571.78 W
2026/09/21 01:58:38.827, 0, NVIDIA RTX PRO 6000 Blackwell Server Edition, 40615 MiB, 22 %, 387.13 W
2026/09/21 01:58:39.828, 0, NVIDIA RTX PRO 6000 Blackwell Server Edition, 42843 MiB, 100 %, 279.69 W
2026/09/21 01:58:40.828, 0, NVIDIA RTX PRO 6000 Blackwell Server Edition, 42843 MiB, 100 %, 600.82 W
2026/09/21 01:58:41.828, 0, NVIDIA RTX PRO 6000 Blackwell Server Edition, 42843 MiB, 100 %, 601.96 W
2026/09/21 01:58:42.828, 0, NVIDIA RTX PRO 6000 Blackwell Server Edition, 42843 MiB, 100 %, 597.62 W
2026/09/21 01:58:43.828, 0, NVIDIA RTX PRO 6000 Blackwell Server Edition, 42843 MiB, 100 %, 601.60 W
2026/09/21 01:58:44.828, 0, NVIDIA RTX PRO 6000 Blackwell Server Edition, 42843 MiB, 100 %, 597.76 W
2026/09/21 01:58:45.828, 0, NVIDIA RTX PRO 6000 Blackwell Server Edition, 42843 MiB, 100 %, 603.52 W
2026/09/21 01:58:46.828, 0, NVIDIA RTX PRO 6000 Blackwell Server Edition, 39337 MiB, 58 %, 365.83 W
2026/09/21 01:58:47.829, 0, NVIDIA RTX PRO 6000 Blackwell Server Edition, 59083 MiB, 100 %, 422.05 W
2026/09/21 01:58:48.829, 0, NVIDIA RTX PRO 6000 Blackwell Server Edition, 59083 MiB, 100 %, 566.54 W
2026/09/21 01:58:49.829, 0, NVIDIA RTX PRO 6000 Blackwell Server Edition, 59083 MiB, 100 %, 570.04 W
2026/09/21 01:58:50.829, 0, NVIDIA RTX PRO 6000 Blackwell Server Edition, 59083 MiB, 100 %, 571.59 W
2026/09/21 01:58:51.829, 0, NVIDIA RTX PRO 6000 Blackwell Server Edition, 59083 MiB, 100 %, 564.61 W
2026/09/21 01:58:52.829, 0, NVIDIA RTX PRO 6000 Blackwell Server Edition, 59083 MiB, 100 %, 571.63 W
2026/09/21 01:58:53.829, 0, NVIDIA RTX PRO 6000 Blackwell Server Edition, 59083 MiB, 100 %, 567.79 W
2026/09/21 01:58:54.829, 0, NVIDIA RTX PRO 6000 Blackwell Server Edition, 59083 MiB, 100 %, 568.45 W
2026/09/21 01:58:55.830, 0, NVIDIA RTX PRO 6000 Blackwell Server Edition, 62895 MiB, 100 %, 529.44 W
2026/09/21 01:58:56.830, 0, NVIDIA RTX PRO 6000 Blackwell Server Edition, 41201 MiB, 4 %, 99.14 W
2026/09/21 01:58:57.830, 0, NVIDIA RTX PRO 6000 Blackwell Server Edition, 49469 MiB, 19 %, 98.90 W
2026/09/21 01:58:58.830, 0, NVIDIA RTX PRO 6000 Blackwell Server Edition, 59705 MiB, 17 %, 97.51 W
2026/09/21 01:58:59.830, 0, NVIDIA RTX PRO 6000 Blackwell Server Edition, 38685 MiB, 30 %, 135.06 W
2026/09/21 01:59:00.830, 0, NVIDIA RTX PRO 6000 Blackwell Server Edition, 43247 MiB, 14 %, 94.60 W
2026/09/21 01:59:01.830, 0, NVIDIA RTX PRO 6000 Blackwell Server Edition, 39169 MiB, 0 %, 110.83 W
2026/09/21 01:59:02.831, 0, NVIDIA RTX PRO 6000 Blackwell Server Edition, 39413 MiB, 100 %, 468.81 W
2026/09/21 01:59:03.831, 0, NVIDIA RTX PRO 6000 Blackwell Server Edition, 39413 MiB, 100 %, 574.58 W
2026/09/21 01:59:04.831, 0, NVIDIA RTX PRO 6000 Blackwell Server Edition, 39413 MiB, 100 %, 572.26 W
2026/09/21 01:59:05.831, 0, NVIDIA RTX PRO 6000 Blackwell Server Edition, 39413 MiB, 100 %, 572.52 W
2026/09/21 01:59:06.831, 0, NVIDIA RTX PRO 6000 Blackwell Server Edition, 38847 MiB, 12 %, 152.85 W
2026/09/21 01:59:07.831, 0, NVIDIA RTX PRO 6000 Blackwell Server Edition, 42843 MiB, 100 %, 544.66 W
2026/09/21 01:59:08.832, 0, NVIDIA RTX PRO 6000 Blackwell Server Edition, 42843 MiB, 100 %, 601.79 W
2026/09/21 01:59:09.832, 0, NVIDIA RTX PRO 6000 Blackwell Server Edition, 42843 MiB, 100 %, 599.61 W
2026/09/21 01:59:10.832, 0, NVIDIA RTX PRO 6000 Blackwell Server Edition, 42843 MiB, 100 %, 601.87 W
2026/09/21 01:59:11.832, 0, NVIDIA RTX PRO 6000 Blackwell Server Edition, 42843 MiB, 100 %, 598.50 W
2026/09/21 01:59:12.832, 0, NVIDIA RTX PRO 6000 Blackwell Server Edition, 42843 MiB, 100 %, 600.76 W
2026/09/21 01:59:13.832, 0, NVIDIA RTX PRO 6000 Blackwell Server Edition, 42843 MiB, 100 %, 597.53 W
2026/09/21 01:59:14.832, 0, NVIDIA RTX PRO 6000 Blackwell Server Edition, 59083 MiB, 100 %, 238.74 W
2026/09/21 01:59:15.833, 0, NVIDIA RTX PRO 6000 Blackwell Server Edition, 59083 MiB, 100 %, 539.80 W
2026/09/21 01:59:16.833, 0, NVIDIA RTX PRO 6000 Blackwell Server Edition, 59083 MiB, 100 %, 568.92 W
2026/09/21 01:59:17.833, 0, NVIDIA RTX PRO 6000 Blackwell Server Edition, 59083 MiB, 100 %, 567.91 W
2026/09/21 01:59:18.833, 0, NVIDIA RTX PRO 6000 Blackwell Server Edition, 59083 MiB, 100 %, 565.95 W
2026/09/21 01:59:19.833, 0, NVIDIA RTX PRO 6000 Blackwell Server Edition, 59083 MiB, 100 %, 569.81 W
2026/09/21 01:59:20.833, 0, NVIDIA RTX PRO 6000 Blackwell Server Edition, 59083 MiB, 100 %, 567.18 W
2026/09/21 01:59:21.833, 0, NVIDIA RTX PRO 6000 Blackwell Server Edition, 59083 MiB, 100 %, 568.95 W
2026/09/21 01:59:22.834, 0, NVIDIA RTX PRO 6000 Blackwell Server Edition, 59083 MiB, 100 %, 570.62 W
2026/09/21 01:59:23.834, 0, NVIDIA RTX PRO 6000 Blackwell Server Edition, 39281 MiB, 0 %, 335.60 W
2026/09/21 01:59:24.834, 0, NVIDIA RTX PRO 6000 Blackwell Server Edition, 44781 MiB, 18 %, 97.43 W
2026/09/21 01:59:25.834, 0, NVIDIA RTX PRO 6000 Blackwell Server Edition, 55053 MiB, 19 %, 98.21 W
2026/09/21 01:59:26.834, 0, NVIDIA RTX PRO 6000 Blackwell Server Edition, 61809 MiB, 0 %, 102.23 W
2026/09/21 01:59:27.834, 0, NVIDIA RTX PRO 6000 Blackwell Server Edition, 42511 MiB, 20 %, 134.39 W
2026/09/21 01:59:28.835, 0, NVIDIA RTX PRO 6000 Blackwell Server Edition, 46191 MiB, 66 %, 109.57 W
2026/09/21 01:59:29.835, 0, NVIDIA RTX PRO 6000 Blackwell Server Edition, 39411 MiB, 1 %, 106.70 W
2026/09/21 01:59:30.835, 0, NVIDIA RTX PRO 6000 Blackwell Server Edition, 39413 MiB, 98 %, 571.40 W
2026/09/21 01:59:31.835, 0, NVIDIA RTX PRO 6000 Blackwell Server Edition, 39413 MiB, 98 %, 574.41 W
2026/09/21 01:59:32.835, 0, NVIDIA RTX PRO 6000 Blackwell Server Edition, 39413 MiB, 100 %, 570.84 W
2026/09/21 01:59:33.835, 0, NVIDIA RTX PRO 6000 Blackwell Server Edition, 40615 MiB, 16 %, 489.89 W
2026/09/21 01:59:34.836, 0, NVIDIA RTX PRO 6000 Blackwell Server Edition, 42843 MiB, 87 %, 181.67 W
2026/09/21 01:59:35.836, 0, NVIDIA RTX PRO 6000 Blackwell Server Edition, 42843 MiB, 100 %, 599.36 W
2026/09/21 01:59:36.836, 0, NVIDIA RTX PRO 6000 Blackwell Server Edition, 42843 MiB, 100 %, 602.73 W
2026/09/21 01:59:37.836, 0, NVIDIA RTX PRO 6000 Blackwell Server Edition, 42843 MiB, 100 %, 597.82 W
2026/09/21 01:59:38.836, 0, NVIDIA RTX PRO 6000 Blackwell Server Edition, 42843 MiB, 100 %, 602.00 W
2026/09/21 01:59:39.836, 0, NVIDIA RTX PRO 6000 Blackwell Server Edition, 42843 MiB, 100 %, 600.00 W
2026/09/21 01:59:40.836, 0, NVIDIA RTX PRO 6000 Blackwell Server Edition, 42843 MiB, 100 %, 601.65 W
2026/09/21 01:59:41.837, 0, NVIDIA RTX PRO 6000 Blackwell Server Edition, 42903 MiB, 8 %, 480.81 W
2026/09/21 01:59:42.837, 0, NVIDIA RTX PRO 6000 Blackwell Server Edition, 59083 MiB, 100 %, 322.47 W
2026/09/21 01:59:43.837, 0, NVIDIA RTX PRO 6000 Blackwell Server Edition, 59083 MiB, 100 %, 566.95 W
2026/09/21 01:59:44.837, 0, NVIDIA RTX PRO 6000 Blackwell Server Edition, 59083 MiB, 100 %, 568.69 W
2026/09/21 01:59:45.837, 0, NVIDIA RTX PRO 6000 Blackwell Server Edition, 59083 MiB, 100 %, 568.67 W
2026/09/21 01:59:46.837, 0, NVIDIA RTX PRO 6000 Blackwell Server Edition, 59083 MiB, 100 %, 569.42 W
2026/09/21 01:59:47.838, 0, NVIDIA RTX PRO 6000 Blackwell Server Edition, 59083 MiB, 100 %, 568.55 W
2026/09/21 01:59:48.838, 0, NVIDIA RTX PRO 6000 Blackwell Server Edition, 59083 MiB, 100 %, 569.61 W
2026/09/21 01:59:49.838, 0, NVIDIA RTX PRO 6000 Blackwell Server Edition, 59083 MiB, 100 %, 569.95 W
2026/09/21 01:59:50.838, 0, NVIDIA RTX PRO 6000 Blackwell Server Edition, 59083 MiB, 100 %, 569.72 W
2026/09/21 01:59:51.838, 0, NVIDIA RTX PRO 6000 Blackwell Server Edition, 39281 MiB, 0 %, 167.70 W
2026/09/21 01:59:52.838, 0, NVIDIA RTX PRO 6000 Blackwell Server Edition, 47619 MiB, 18 %, 98.14 W
2026/09/21 01:59:53.839, 0, NVIDIA RTX PRO 6000 Blackwell Server Edition, 57799 MiB, 18 %, 97.98 W
2026/09/21 01:59:54.839, 0, NVIDIA RTX PRO 6000 Blackwell Server Edition, 38709 MiB, 0 %, 130.25 W
2026/09/21 01:59:55.839, 0, NVIDIA RTX PRO 6000 Blackwell Server Edition, 43247 MiB, 0 %, 97.70 W
2026/09/21 01:59:56.839, 0, NVIDIA RTX PRO 6000 Blackwell Server Edition, 39057 MiB, 14 %, 110.66 W
2026/09/21 01:59:57.839, 0, NVIDIA RTX PRO 6000 Blackwell Server Edition, 39413 MiB, 100 %, 337.56 W
2026/09/21 01:59:58.839, 0, NVIDIA RTX PRO 6000 Blackwell Server Edition, 39413 MiB, 100 %, 570.44 W
2026/09/21 01:59:59.839, 0, NVIDIA RTX PRO 6000 Blackwell Server Edition, 39413 MiB, 98 %, 572.43 W
2026/09/21 02:00:00.839, 0, NVIDIA RTX PRO 6000 Blackwell Server Edition, 39413 MiB, 98 %, 571.21 W
2026/09/21 02:00:01.840, 0, NVIDIA RTX PRO 6000 Blackwell Server Edition, 39381 MiB, 2 %, 278.89 W
2026/09/21 02:00:02.840, 0, NVIDIA RTX PRO 6000 Blackwell Server Edition, 42843 MiB, 100 %, 344.48 W
2026/09/21 02:00:03.851, 0, NVIDIA RTX PRO 6000 Blackwell Server Edition, 43404 MiB, 100 %, 601.58 W
2026/09/21 02:00:04.852, 0, NVIDIA RTX PRO 6000 Blackwell Server Edition, 42843 MiB, 100 %, 598.67 W
2026/09/21 02:00:06.130, 0, NVIDIA RTX PRO 6000 Blackwell Server Edition, 42843 MiB, 100 %, 602.00 W
2026/09/21 02:00:07.130, 0, NVIDIA RTX PRO 6000 Blackwell Server Edition, 42843 MiB, 99 %, 599.75 W
2026/09/21 02:00:08.133, 0, NVIDIA RTX PRO 6000 Blackwell Server Edition, 42843 MiB, 100 %, 600.63 W
2026/09/21 02:00:09.133, 0, NVIDIA RTX PRO 6000 Blackwell Server Edition, 42843 MiB, 100 %, 600.38 W
2026/09/21 02:00:10.133, 0, NVIDIA RTX PRO 6000 Blackwell Server Edition, 51271 MiB, 0 %, 237.60 W
2026/09/21 02:00:11.133, 0, NVIDIA RTX PRO 6000 Blackwell Server Edition, 59083 MiB, 100 %, 528.58 W
2026/09/21 02:00:12.133, 0, NVIDIA RTX PRO 6000 Blackwell Server Edition, 59083 MiB, 100 %, 569.58 W
2026/09/21 02:00:13.133, 0, NVIDIA RTX PRO 6000 Blackwell Server Edition, 59083 MiB, 100 %, 563.84 W
2026/09/21 02:00:14.133, 0, NVIDIA RTX PRO 6000 Blackwell Server Edition, 59083 MiB, 100 %, 571.16 W
2026/09/21 02:00:15.134, 0, NVIDIA RTX PRO 6000 Blackwell Server Edition, 59083 MiB, 100 %, 570.66 W
2026/09/21 02:00:16.134, 0, NVIDIA RTX PRO 6000 Blackwell Server Edition, 59083 MiB, 100 %, 568.12 W
2026/09/21 02:00:17.134, 0, NVIDIA RTX PRO 6000 Blackwell Server Edition, 59083 MiB, 100 %, 570.79 W
2026/09/21 02:00:18.134, 0, NVIDIA RTX PRO 6000 Blackwell Server Edition, 59083 MiB, 100 %, 564.32 W
2026/09/21 02:00:19.134, 0, NVIDIA RTX PRO 6000 Blackwell Server Edition, 39279 MiB, 3 %, 341.67 W
2026/09/21 02:00:20.134, 0, NVIDIA RTX PRO 6000 Blackwell Server Edition, 44779 MiB, 20 %, 97.84 W
2026/09/21 02:00:21.135, 0, NVIDIA RTX PRO 6000 Blackwell Server Edition, 55035 MiB, 19 %, 98.05 W
2026/09/21 02:00:22.135, 0, NVIDIA RTX PRO 6000 Blackwell Server Edition, 61807 MiB, 0 %, 121.34 W
2026/09/21 02:00:23.135, 0, NVIDIA RTX PRO 6000 Blackwell Server Edition, 42511 MiB, 19 %, 110.71 W
2026/09/21 02:00:24.135, 0, NVIDIA RTX PRO 6000 Blackwell Server Edition, 46191 MiB, 61 %, 110.32 W
2026/09/21 02:00:25.135, 0, NVIDIA RTX PRO 6000 Blackwell Server Edition, 39411 MiB, 100 %, 225.64 W
2026/09/21 02:00:26.136, 0, NVIDIA RTX PRO 6000 Blackwell Server Edition, 39413 MiB, 100 %, 570.41 W
2026/09/21 02:00:27.136, 0, NVIDIA RTX PRO 6000 Blackwell Server Edition, 39413 MiB, 100 %, 572.03 W
2026/09/21 02:00:28.136, 0, NVIDIA RTX PRO 6000 Blackwell Server Edition, 39413 MiB, 100 %, 573.60 W
2026/09/21 02:00:29.136, 0, NVIDIA RTX PRO 6000 Blackwell Server Edition, 40615 MiB, 36 %, 385.16 W
2026/09/21 02:00:30.136, 0, NVIDIA RTX PRO 6000 Blackwell Server Edition, 42843 MiB, 100 %, 286.63 W
2026/09/21 02:00:31.136, 0, NVIDIA RTX PRO 6000 Blackwell Server Edition, 42843 MiB, 100 %, 603.11 W
2026/09/21 02:00:32.136, 0, NVIDIA RTX PRO 6000 Blackwell Server Edition, 42843 MiB, 100 %, 601.45 W
2026/09/21 02:00:33.136, 0, NVIDIA RTX PRO 6000 Blackwell Server Edition, 42843 MiB, 100 %, 599.12 W
2026/09/21 02:00:34.137, 0, NVIDIA RTX PRO 6000 Blackwell Server Edition, 42843 MiB, 100 %, 602.15 W
2026/09/21 02:00:35.137, 0, NVIDIA RTX PRO 6000 Blackwell Server Edition, 42843 MiB, 100 %, 598.67 W
2026/09/21 02:00:36.137, 0, NVIDIA RTX PRO 6000 Blackwell Server Edition, 42843 MiB, 100 %, 602.82 W
2026/09/21 02:00:37.137, 0, NVIDIA RTX PRO 6000 Blackwell Server Edition, 39337 MiB, 0 %, 372.12 W
2026/09/21 02:00:38.137, 0, NVIDIA RTX PRO 6000 Blackwell Server Edition, 59083 MiB, 100 %, 427.54 W
2026/09/21 02:00:39.138, 0, NVIDIA RTX PRO 6000 Blackwell Server Edition, 59083 MiB, 100 %, 568.23 W
2026/09/21 02:00:40.138, 0, NVIDIA RTX PRO 6000 Blackwell Server Edition, 59083 MiB, 100 %, 568.27 W
2026/09/21 02:00:41.138, 0, NVIDIA RTX PRO 6000 Blackwell Server Edition, 59083 MiB, 100 %, 565.50 W
2026/09/21 02:00:42.138, 0, NVIDIA RTX PRO 6000 Blackwell Server Edition, 59083 MiB, 100 %, 572.45 W
2026/09/21 02:00:43.138, 0, NVIDIA RTX PRO 6000 Blackwell Server Edition, 59083 MiB, 100 %, 573.05 W
2026/09/21 02:00:44.138, 0, NVIDIA RTX PRO 6000 Blackwell Server Edition, 59083 MiB, 100 %, 567.25 W
2026/09/21 02:00:45.138, 0, NVIDIA RTX PRO 6000 Blackwell Server Edition, 59083 MiB, 100 %, 571.65 W
2026/09/21 02:00:46.139, 0, NVIDIA RTX PRO 6000 Blackwell Server Edition, 62895 MiB, 100 %, 560.07 W
2026/09/21 02:00:47.139, 0, NVIDIA RTX PRO 6000 Blackwell Server Edition, 41201 MiB, 4 %, 102.26 W
2026/09/21 02:00:48.139, 0, NVIDIA RTX PRO 6000 Blackwell Server Edition, 49697 MiB, 19 %, 98.72 W
2026/09/21 02:00:49.139, 0, NVIDIA RTX PRO 6000 Blackwell Server Edition, 59705 MiB, 18 %, 97.88 W
2026/09/21 02:00:50.139, 0, NVIDIA RTX PRO 6000 Blackwell Server Edition, 38685 MiB, 40 %, 134.87 W
2026/09/21 02:00:51.139, 0, NVIDIA RTX PRO 6000 Blackwell Server Edition, 43247 MiB, 14 %, 94.95 W
2026/09/21 02:00:52.139, 0, NVIDIA RTX PRO 6000 Blackwell Server Edition, 39115 MiB, 0 %, 109.93 W
2026/09/21 02:00:53.140, 0, NVIDIA RTX PRO 6000 Blackwell Server Edition, 39413 MiB, 100 %, 388.78 W
2026/09/21 02:00:54.140, 0, NVIDIA RTX PRO 6000 Blackwell Server Edition, 39413 MiB, 100 %, 571.08 W
2026/09/21 02:00:55.140, 0, NVIDIA RTX PRO 6000 Blackwell Server Edition, 39413 MiB, 100 %, 575.18 W
2026/09/21 02:00:56.140, 0, NVIDIA RTX PRO 6000 Blackwell Server Edition, 39413 MiB, 100 %, 575.14 W
2026/09/21 02:00:57.140, 0, NVIDIA RTX PRO 6000 Blackwell Server Edition, 38847 MiB, 3 %, 216.17 W
2026/09/21 02:00:58.140, 0, NVIDIA RTX PRO 6000 Blackwell Server Edition, 42843 MiB, 100 %, 461.08 W
2026/09/21 02:00:59.140, 0, NVIDIA RTX PRO 6000 Blackwell Server Edition, 42843 MiB, 100 %, 601.63 W
2026/09/21 02:01:00.141, 0, NVIDIA RTX PRO 6000 Blackwell Server Edition, 42843 MiB, 100 %, 598.38 W
2026/09/21 02:01:01.141, 0, NVIDIA RTX PRO 6000 Blackwell Server Edition, 42843 MiB, 100 %, 601.80 W
2026/09/21 02:01:02.141, 0, NVIDIA RTX PRO 6000 Blackwell Server Edition, 42843 MiB, 99 %, 599.71 W
2026/09/21 02:01:03.141, 0, NVIDIA RTX PRO 6000 Blackwell Server Edition, 42843 MiB, 100 %, 600.62 W
2026/09/21 02:01:04.141, 0, NVIDIA RTX PRO 6000 Blackwell Server Edition, 42843 MiB, 100 %, 602.58 W
2026/09/21 02:01:05.141, 0, NVIDIA RTX PRO 6000 Blackwell Server Edition, 40731 MiB, 18 %, 226.43 W
2026/09/21 02:01:06.142, 0, NVIDIA RTX PRO 6000 Blackwell Server Edition, 59083 MiB, 100 %, 531.18 W
2026/09/21 02:01:07.142, 0, NVIDIA RTX PRO 6000 Blackwell Server Edition, 59083 MiB, 100 %, 568.27 W
2026/09/21 02:01:08.142, 0, NVIDIA RTX PRO 6000 Blackwell Server Edition, 59083 MiB, 100 %, 569.88 W
2026/09/21 02:01:09.142, 0, NVIDIA RTX PRO 6000 Blackwell Server Edition, 59083 MiB, 100 %, 569.52 W
2026/09/21 02:01:10.142, 0, NVIDIA RTX PRO 6000 Blackwell Server Edition, 59083 MiB, 100 %, 567.89 W
2026/09/21 02:01:11.142, 0, NVIDIA RTX PRO 6000 Blackwell Server Edition, 59083 MiB, 100 %, 572.15 W
2026/09/21 02:01:12.143, 0, NVIDIA RTX PRO 6000 Blackwell Server Edition, 59083 MiB, 100 %, 566.99 W
2026/09/21 02:01:13.143, 0, NVIDIA RTX PRO 6000 Blackwell Server Edition, 59083 MiB, 100 %, 570.07 W
2026/09/21 02:01:14.143, 0, NVIDIA RTX PRO 6000 Blackwell Server Edition, 39281 MiB, 37 %, 378.16 W
2026/09/21 02:01:15.143, 0, NVIDIA RTX PRO 6000 Blackwell Server Edition, 43565 MiB, 17 %, 97.26 W
2026/09/21 02:01:16.143, 0, NVIDIA RTX PRO 6000 Blackwell Server Edition, 53751 MiB, 20 %, 98.33 W
2026/09/21 02:01:17.143, 0, NVIDIA RTX PRO 6000 Blackwell Server Edition, 61313 MiB, 0 %, 96.84 W
2026/09/21 02:01:18.144, 0, NVIDIA RTX PRO 6000 Blackwell Server Edition, 41871 MiB, 15 %, 134.24 W
2026/09/21 02:01:19.144, 0, NVIDIA RTX PRO 6000 Blackwell Server Edition, 46191 MiB, 1 %, 94.22 W
2026/09/21 02:01:20.144, 0, NVIDIA RTX PRO 6000 Blackwell Server Edition, 39411 MiB, 28 %, 155.16 W
2026/09/21 02:01:21.144, 0, NVIDIA RTX PRO 6000 Blackwell Server Edition, 39413 MiB, 98 %, 571.83 W
2026/09/21 02:01:22.144, 0, NVIDIA RTX PRO 6000 Blackwell Server Edition, 39413 MiB, 99 %, 575.96 W
2026/09/21 02:01:23.145, 0, NVIDIA RTX PRO 6000 Blackwell Server Edition, 39413 MiB, 100 %, 574.42 W
2026/09/21 02:01:24.145, 0, NVIDIA RTX PRO 6000 Blackwell Server Edition, 40615 MiB, 14 %, 455.86 W
2026/09/21 02:01:25.145, 0, NVIDIA RTX PRO 6000 Blackwell Server Edition, 42843 MiB, 99 %, 205.11 W
2026/09/21 02:01:26.145, 0, NVIDIA RTX PRO 6000 Blackwell Server Edition, 42843 MiB, 100 %, 600.75 W
2026/09/21 02:01:27.145, 0, NVIDIA RTX PRO 6000 Blackwell Server Edition, 42843 MiB, 100 %, 601.01 W
2026/09/21 02:01:28.145, 0, NVIDIA RTX PRO 6000 Blackwell Server Edition, 42843 MiB, 100 %, 598.15 W
2026/09/21 02:01:29.145, 0, NVIDIA RTX PRO 6000 Blackwell Server Edition, 42843 MiB, 100 %, 602.11 W
2026/09/21 02:01:30.146, 0, NVIDIA RTX PRO 6000 Blackwell Server Edition, 42843 MiB, 100 %, 599.77 W
2026/09/21 02:01:31.146, 0, NVIDIA RTX PRO 6000 Blackwell Server Edition, 42843 MiB, 100 %, 603.48 W
2026/09/21 02:01:32.146, 0, NVIDIA RTX PRO 6000 Blackwell Server Edition, 42903 MiB, 8 %, 461.48 W
2026/09/21 02:01:33.146, 0, NVIDIA RTX PRO 6000 Blackwell Server Edition, 59083 MiB, 100 %, 331.48 W
2026/09/21 02:01:34.146, 0, NVIDIA RTX PRO 6000 Blackwell Server Edition, 59083 MiB, 100 %, 570.26 W
2026/09/21 02:01:35.146, 0, NVIDIA RTX PRO 6000 Blackwell Server Edition, 59083 MiB, 100 %, 568.31 W
2026/09/21 02:01:36.147, 0, NVIDIA RTX PRO 6000 Blackwell Server Edition, 59083 MiB, 100 %, 568.90 W
2026/09/21 02:01:37.147, 0, NVIDIA RTX PRO 6000 Blackwell Server Edition, 59083 MiB, 100 %, 568.70 W
2026/09/21 02:01:38.147, 0, NVIDIA RTX PRO 6000 Blackwell Server Edition, 59083 MiB, 100 %, 569.00 W
2026/09/21 02:01:39.147, 0, NVIDIA RTX PRO 6000 Blackwell Server Edition, 59083 MiB, 100 %, 569.08 W
2026/09/21 02:01:40.147, 0, NVIDIA RTX PRO 6000 Blackwell Server Edition, 59083 MiB, 100 %, 569.79 W
2026/09/21 02:01:41.147, 0, NVIDIA RTX PRO 6000 Blackwell Server Edition, 62895 MiB, 100 %, 569.87 W
2026/09/21 02:01:42.147, 0, NVIDIA RTX PRO 6000 Blackwell Server Edition, 39281 MiB, 4 %, 148.70 W
2026/09/21 02:01:43.148, 0, NVIDIA RTX PRO 6000 Blackwell Server Edition, 48715 MiB, 19 %, 98.49 W
2026/09/21 02:01:44.148, 0, NVIDIA RTX PRO 6000 Blackwell Server Edition, 58895 MiB, 18 %, 97.95 W
2026/09/21 02:01:45.148, 0, NVIDIA RTX PRO 6000 Blackwell Server Edition, 38685 MiB, 26 %, 134.45 W
2026/09/21 02:01:46.148, 0, NVIDIA RTX PRO 6000 Blackwell Server Edition, 43247 MiB, 14 %, 94.89 W
2026/09/21 02:01:47.148, 0, NVIDIA RTX PRO 6000 Blackwell Server Edition, 39061 MiB, 0 %, 110.06 W
2026/09/21 02:01:48.149, 0, NVIDIA RTX PRO 6000 Blackwell Server Edition, 39413 MiB, 100 %, 405.96 W
2026/09/21 02:01:49.149, 0, NVIDIA RTX PRO 6000 Blackwell Server Edition, 39413 MiB, 100 %, 574.03 W
2026/09/21 02:01:50.149, 0, NVIDIA RTX PRO 6000 Blackwell Server Edition, 39413 MiB, 100 %, 573.35 W
2026/09/21 02:01:51.149, 0, NVIDIA RTX PRO 6000 Blackwell Server Edition, 39413 MiB, 100 %, 572.91 W
2026/09/21 02:01:52.149, 0, NVIDIA RTX PRO 6000 Blackwell Server Edition, 38739 MiB, 5 %, 212.46 W
2026/09/21 02:01:53.150, 0, NVIDIA RTX PRO 6000 Blackwell Server Edition, 42843 MiB, 100 %, 449.39 W
2026/09/21 02:01:54.150, 0, NVIDIA RTX PRO 6000 Blackwell Server Edition, 42843 MiB, 100 %, 603.21 W
2026/09/21 02:01:55.150, 0, NVIDIA RTX PRO 6000 Blackwell Server Edition, 42843 MiB, 100 %, 600.59 W
2026/09/21 02:01:56.150, 0, NVIDIA RTX PRO 6000 Blackwell Server Edition, 42843 MiB, 100 %, 602.31 W
2026/09/21 02:01:57.150, 0, NVIDIA RTX PRO 6000 Blackwell Server Edition, 42843 MiB, 99 %, 601.44 W
2026/09/21 02:01:58.150, 0, NVIDIA RTX PRO 6000 Blackwell Server Edition, 42843 MiB, 100 %, 599.06 W
2026/09/21 02:01:59.150, 0, NVIDIA RTX PRO 6000 Blackwell Server Edition, 42843 MiB, 100 %, 601.04 W
2026/09/21 02:02:00.151, 0, NVIDIA RTX PRO 6000 Blackwell Server Edition, 40731 MiB, 36 %, 234.20 W
2026/09/21 02:02:01.151, 0, NVIDIA RTX PRO 6000 Blackwell Server Edition, 59083 MiB, 100 %, 537.17 W
2026/09/21 02:02:02.151, 0, NVIDIA RTX PRO 6000 Blackwell Server Edition, 59083 MiB, 100 %, 567.84 W
2026/09/21 02:02:03.151, 0, NVIDIA RTX PRO 6000 Blackwell Server Edition, 59083 MiB, 100 %, 569.58 W
2026/09/21 02:02:04.151, 0, NVIDIA RTX PRO 6000 Blackwell Server Edition, 59083 MiB, 100 %, 573.01 W
2026/09/21 02:02:05.152, 0, NVIDIA RTX PRO 6000 Blackwell Server Edition, 59083 MiB, 100 %, 566.51 W
2026/09/21 02:02:06.152, 0, NVIDIA RTX PRO 6000 Blackwell Server Edition, 59083 MiB, 100 %, 571.34 W
2026/09/21 02:02:07.152, 0, NVIDIA RTX PRO 6000 Blackwell Server Edition, 59083 MiB, 100 %, 570.55 W
2026/09/21 02:02:08.154, 0, NVIDIA RTX PRO 6000 Blackwell Server Edition, 59083 MiB, 100 %, 567.72 W
2026/09/21 02:02:09.154, 0, NVIDIA RTX PRO 6000 Blackwell Server Edition, 39281 MiB, 25 %, 388.08 W
2026/09/21 02:02:10.154, 0, NVIDIA RTX PRO 6000 Blackwell Server Edition, 43131 MiB, 17 %, 97.45 W
2026/09/21 02:02:11.154, 0, NVIDIA RTX PRO 6000 Blackwell Server Edition, 53197 MiB, 19 %, 98.43 W
2026/09/21 02:02:12.155, 0, NVIDIA RTX PRO 6000 Blackwell Server Edition, 61313 MiB, 0 %, 96.97 W
2026/09/21 02:02:13.155, 0, NVIDIA RTX PRO 6000 Blackwell Server Edition, 41423 MiB, 19 %, 132.48 W
2026/09/21 02:02:14.155, 0, NVIDIA RTX PRO 6000 Blackwell Server Edition, 43247 MiB, 0 %, 93.87 W
2026/09/21 02:02:15.155, 0, NVIDIA RTX PRO 6000 Blackwell Server Edition, 39057 MiB, 5 %, 109.80 W
2026/09/21 02:02:16.155, 0, NVIDIA RTX PRO 6000 Blackwell Server Edition, 39411 MiB, 100 %, 285.85 W
2026/09/21 02:02:17.156, 0, NVIDIA RTX PRO 6000 Blackwell Server Edition, 39413 MiB, 100 %, 573.57 W
2026/09/21 02:02:18.156, 0, NVIDIA RTX PRO 6000 Blackwell Server Edition, 39413 MiB, 100 %, 575.03 W
2026/09/21 02:02:19.156, 0, NVIDIA RTX PRO 6000 Blackwell Server Edition, 39413 MiB, 98 %, 573.35 W
2026/09/21 02:02:20.156, 0, NVIDIA RTX PRO 6000 Blackwell Server Edition, 39381 MiB, 2 %, 324.87 W
2026/09/21 02:02:21.156, 0, NVIDIA RTX PRO 6000 Blackwell Server Edition, 42843 MiB, 100 %, 328.23 W
2026/09/21 02:02:22.156, 0, NVIDIA RTX PRO 6000 Blackwell Server Edition, 42843 MiB, 100 %, 599.32 W
2026/09/21 02:02:23.157, 0, NVIDIA RTX PRO 6000 Blackwell Server Edition, 42843 MiB, 100 %, 601.07 W
2026/09/21 02:02:24.157, 0, NVIDIA RTX PRO 6000 Blackwell Server Edition, 42843 MiB, 100 %, 600.97 W
2026/09/21 02:02:25.157, 0, NVIDIA RTX PRO 6000 Blackwell Server Edition, 42843 MiB, 100 %, 602.31 W
2026/09/21 02:02:26.157, 0, NVIDIA RTX PRO 6000 Blackwell Server Edition, 42843 MiB, 100 %, 599.52 W
2026/09/21 02:02:27.158, 0, NVIDIA RTX PRO 6000 Blackwell Server Edition, 42843 MiB, 100 %, 603.19 W
2026/09/21 02:02:28.158, 0, NVIDIA RTX PRO 6000 Blackwell Server Edition, 39337 MiB, 48 %, 368.94 W
2026/09/21 02:02:29.158, 0, NVIDIA RTX PRO 6000 Blackwell Server Edition, 59083 MiB, 100 %, 398.12 W
2026/09/21 02:02:30.158, 0, NVIDIA RTX PRO 6000 Blackwell Server Edition, 59083 MiB, 100 %, 570.74 W
2026/09/21 02:02:31.158, 0, NVIDIA RTX PRO 6000 Blackwell Server Edition, 59083 MiB, 100 %, 567.34 W
2026/09/21 02:02:32.158, 0, NVIDIA RTX PRO 6000 Blackwell Server Edition, 59083 MiB, 100 %, 566.77 W
2026/09/21 02:02:33.159, 0, NVIDIA RTX PRO 6000 Blackwell Server Edition, 59083 MiB, 100 %, 570.40 W
2026/09/21 02:02:34.159, 0, NVIDIA RTX PRO 6000 Blackwell Server Edition, 59083 MiB, 100 %, 567.33 W
2026/09/21 02:02:35.159, 0, NVIDIA RTX PRO 6000 Blackwell Server Edition, 59083 MiB, 100 %, 567.60 W
2026/09/21 02:02:36.159, 0, NVIDIA RTX PRO 6000 Blackwell Server Edition, 59083 MiB, 100 %, 572.47 W
2026/09/21 02:02:37.159, 0, NVIDIA RTX PRO 6000 Blackwell Server Edition, 62895 MiB, 100 %, 552.45 W
2026/09/21 02:02:38.159, 0, NVIDIA RTX PRO 6000 Blackwell Server Edition, 41201 MiB, 2 %, 99.39 W
2026/09/21 02:02:39.160, 0, NVIDIA RTX PRO 6000 Blackwell Server Edition, 49903 MiB, 18 %, 98.81 W
2026/09/21 02:02:40.160, 0, NVIDIA RTX PRO 6000 Blackwell Server Edition, 59835 MiB, 17 %, 97.85 W
2026/09/21 02:02:41.160, 0, NVIDIA RTX PRO 6000 Blackwell Server Edition, 38685 MiB, 0 %, 134.72 W
2026/09/21 02:02:42.160, 0, NVIDIA RTX PRO 6000 Blackwell Server Edition, 43247 MiB, 0 %, 94.90 W
2026/09/21 02:02:43.160, 0, NVIDIA RTX PRO 6000 Blackwell Server Edition, 39061 MiB, 13 %, 110.42 W
2026/09/21 02:02:44.161, 0, NVIDIA RTX PRO 6000 Blackwell Server Edition, 39413 MiB, 100 %, 388.42 W
2026/09/21 02:02:45.161, 0, NVIDIA RTX PRO 6000 Blackwell Server Edition, 39413 MiB, 98 %, 574.89 W
2026/09/21 02:02:46.161, 0, NVIDIA RTX PRO 6000 Blackwell Server Edition, 39413 MiB, 98 %, 576.26 W
2026/09/21 02:02:47.161, 0, NVIDIA RTX PRO 6000 Blackwell Server Edition, 39413 MiB, 99 %, 574.56 W
2026/09/21 02:02:48.161, 0, NVIDIA RTX PRO 6000 Blackwell Server Edition, 38685 MiB, 0 %, 221.65 W
2026/09/21 02:02:49.162, 0, NVIDIA RTX PRO 6000 Blackwell Server Edition, 42843 MiB, 100 %, 401.01 W
2026/09/21 02:02:50.162, 0, NVIDIA RTX PRO 6000 Blackwell Server Edition, 42843 MiB, 100 %, 600.63 W
2026/09/21 02:02:51.162, 0, NVIDIA RTX PRO 6000 Blackwell Server Edition, 42843 MiB, 100 %, 598.97 W
2026/09/21 02:02:52.162, 0, NVIDIA RTX PRO 6000 Blackwell Server Edition, 42843 MiB, 100 %, 603.90 W
2026/09/21 02:02:53.162, 0, NVIDIA RTX PRO 6000 Blackwell Server Edition, 42843 MiB, 100 %, 600.73 W
2026/09/21 02:02:54.162, 0, NVIDIA RTX PRO 6000 Blackwell Server Edition, 42843 MiB, 100 %, 600.45 W
2026/09/21 02:02:55.162, 0, NVIDIA RTX PRO 6000 Blackwell Server Edition, 42843 MiB, 100 %, 601.98 W
2026/09/21 02:02:56.163, 0, NVIDIA RTX PRO 6000 Blackwell Server Edition, 40731 MiB, 7 %, 258.30 W
2026/09/21 02:02:57.163, 0, NVIDIA RTX PRO 6000 Blackwell Server Edition, 59083 MiB, 100 %, 513.92 W
2026/09/21 02:02:58.163, 0, NVIDIA RTX PRO 6000 Blackwell Server Edition, 59083 MiB, 100 %, 565.64 W
2026/09/21 02:02:59.163, 0, NVIDIA RTX PRO 6000 Blackwell Server Edition, 59083 MiB, 100 %, 570.61 W
2026/09/21 02:03:00.163, 0, NVIDIA RTX PRO 6000 Blackwell Server Edition, 59083 MiB, 100 %, 563.83 W
2026/09/21 02:03:01.163, 0, NVIDIA RTX PRO 6000 Blackwell Server Edition, 59083 MiB, 100 %, 570.71 W
2026/09/21 02:03:02.164, 0, NVIDIA RTX PRO 6000 Blackwell Server Edition, 59083 MiB, 100 %, 569.73 W
2026/09/21 02:03:03.164, 0, NVIDIA RTX PRO 6000 Blackwell Server Edition, 59083 MiB, 100 %, 566.74 W
2026/09/21 02:03:04.164, 0, NVIDIA RTX PRO 6000 Blackwell Server Edition, 59083 MiB, 100 %, 569.25 W
2026/09/21 02:03:05.164, 0, NVIDIA RTX PRO 6000 Blackwell Server Edition, 39281 MiB, 0 %, 437.37 W
2026/09/21 02:03:06.164, 0, NVIDIA RTX PRO 6000 Blackwell Server Edition, 42355 MiB, 12 %, 97.33 W
2026/09/21 02:03:07.164, 0, NVIDIA RTX PRO 6000 Blackwell Server Edition, 52535 MiB, 19 %, 98.17 W
2026/09/21 02:03:08.165, 0, NVIDIA RTX PRO 6000 Blackwell Server Edition, 61313 MiB, 18 %, 97.31 W
2026/09/21 02:03:09.165, 0, NVIDIA RTX PRO 6000 Blackwell Server Edition, 40717 MiB, 15 %, 134.83 W
2026/09/21 02:03:10.165, 0, NVIDIA RTX PRO 6000 Blackwell Server Edition, 44719 MiB, 2 %, 94.14 W
2026/09/21 02:03:11.165, 0, NVIDIA RTX PRO 6000 Blackwell Server Edition, 39411 MiB, 0 %, 133.11 W
2026/09/21 02:03:12.165, 0, NVIDIA RTX PRO 6000 Blackwell Server Edition, 39413 MiB, 100 %, 570.81 W
2026/09/21 02:03:13.165, 0, NVIDIA RTX PRO 6000 Blackwell Server Edition, 39413 MiB, 98 %, 575.52 W
2026/09/21 02:03:14.165, 0, NVIDIA RTX PRO 6000 Blackwell Server Edition, 39413 MiB, 98 %, 575.89 W
2026/09/21 02:03:15.166, 0, NVIDIA RTX PRO 6000 Blackwell Server Edition, 40615 MiB, 21 %, 481.33 W
2026/09/21 02:03:16.166, 0, NVIDIA RTX PRO 6000 Blackwell Server Edition, 42843 MiB, 13 %, 174.92 W
2026/09/21 02:03:17.166, 0, NVIDIA RTX PRO 6000 Blackwell Server Edition, 42843 MiB, 100 %, 602.45 W
2026/09/21 02:03:18.166, 0, NVIDIA RTX PRO 6000 Blackwell Server Edition, 42843 MiB, 100 %, 601.98 W
2026/09/21 02:03:19.166, 0, NVIDIA RTX PRO 6000 Blackwell Server Edition, 42843 MiB, 100 %, 599.96 W
2026/09/21 02:03:20.166, 0, NVIDIA RTX PRO 6000 Blackwell Server Edition, 42843 MiB, 100 %, 603.36 W
2026/09/21 02:03:21.167, 0, NVIDIA RTX PRO 6000 Blackwell Server Edition, 42843 MiB, 100 %, 599.41 W
2026/09/21 02:03:22.167, 0, NVIDIA RTX PRO 6000 Blackwell Server Edition, 42843 MiB, 100 %, 601.33 W
2026/09/21 02:03:23.167, 0, NVIDIA RTX PRO 6000 Blackwell Server Edition, 42903 MiB, 14 %, 486.29 W
2026/09/21 02:03:24.167, 0, NVIDIA RTX PRO 6000 Blackwell Server Edition, 59083 MiB, 100 %, 309.48 W
2026/09/21 02:03:25.167, 0, NVIDIA RTX PRO 6000 Blackwell Server Edition, 59083 MiB, 100 %, 567.75 W
2026/09/21 02:03:26.168, 0, NVIDIA RTX PRO 6000 Blackwell Server Edition, 59083 MiB, 100 %, 567.75 W
2026/09/21 02:03:27.168, 0, NVIDIA RTX PRO 6000 Blackwell Server Edition, 59083 MiB, 100 %, 569.40 W
2026/09/21 02:03:28.168, 0, NVIDIA RTX PRO 6000 Blackwell Server Edition, 59083 MiB, 100 %, 568.86 W
2026/09/21 02:03:29.168, 0, NVIDIA RTX PRO 6000 Blackwell Server Edition, 59083 MiB, 100 %, 569.81 W
2026/09/21 02:03:30.168, 0, NVIDIA RTX PRO 6000 Blackwell Server Edition, 59083 MiB, 100 %, 569.38 W
2026/09/21 02:03:31.168, 0, NVIDIA RTX PRO 6000 Blackwell Server Edition, 59083 MiB, 100 %, 570.32 W
2026/09/21 02:03:32.169, 0, NVIDIA RTX PRO 6000 Blackwell Server Edition, 59083 MiB, 100 %, 568.13 W
2026/09/21 02:03:33.169, 0, NVIDIA RTX PRO 6000 Blackwell Server Edition, 39281 MiB, 0 %, 190.07 W
2026/09/21 02:03:34.182, 0, NVIDIA RTX PRO 6000 Blackwell Server Edition, 47559 MiB, 18 %, 98.58 W
2026/09/21 02:03:35.182, 0, NVIDIA RTX PRO 6000 Blackwell Server Edition, 57799 MiB, 20 %, 98.25 W
2026/09/21 02:03:36.183, 0, NVIDIA RTX PRO 6000 Blackwell Server Edition, 50153 MiB, 11 %, 133.22 W
2026/09/21 02:03:37.183, 0, NVIDIA RTX PRO 6000 Blackwell Server Edition, 42511 MiB, 0 %, 97.84 W
2026/09/21 02:03:38.183, 0, NVIDIA RTX PRO 6000 Blackwell Server Edition, 39057 MiB, 0 %, 110.91 W
2026/09/21 02:03:39.183, 0, NVIDIA RTX PRO 6000 Blackwell Server Edition, 39413 MiB, 100 %, 303.74 W
2026/09/21 02:03:40.183, 0, NVIDIA RTX PRO 6000 Blackwell Server Edition, 39413 MiB, 100 %, 571.88 W
2026/09/21 02:03:41.183, 0, NVIDIA RTX PRO 6000 Blackwell Server Edition, 39413 MiB, 100 %, 575.17 W
2026/09/21 02:03:42.184, 0, NVIDIA RTX PRO 6000 Blackwell Server Edition, 39413 MiB, 100 %, 574.06 W
2026/09/21 02:03:43.184, 0, NVIDIA RTX PRO 6000 Blackwell Server Edition, 39381 MiB, 0 %, 301.93 W
2026/09/21 02:03:44.184, 0, NVIDIA RTX PRO 6000 Blackwell Server Edition, 42843 MiB, 100 %, 353.02 W
2026/09/21 02:03:45.184, 0, NVIDIA RTX PRO 6000 Blackwell Server Edition, 42843 MiB, 100 %, 602.72 W
2026/09/21 02:03:46.184, 0, NVIDIA RTX PRO 6000 Blackwell Server Edition, 42843 MiB, 99 %, 599.72 W
2026/09/21 02:03:47.184, 0, NVIDIA RTX PRO 6000 Blackwell Server Edition, 42843 MiB, 100 %, 600.08 W
2026/09/21 02:03:48.185, 0, NVIDIA RTX PRO 6000 Blackwell Server Edition, 42843 MiB, 100 %, 601.72 W
2026/09/21 02:03:49.185, 0, NVIDIA RTX PRO 6000 Blackwell Server Edition, 42843 MiB, 100 %, 598.92 W
2026/09/21 02:03:50.185, 0, NVIDIA RTX PRO 6000 Blackwell Server Edition, 42843 MiB, 100 %, 602.43 W
2026/09/21 02:03:51.185, 0, NVIDIA RTX PRO 6000 Blackwell Server Edition, 39337 MiB, 0 %, 295.40 W
2026/09/21 02:03:52.185, 0, NVIDIA RTX PRO 6000 Blackwell Server Edition, 59083 MiB, 100 %, 463.77 W
2026/09/21 02:03:53.185, 0, NVIDIA RTX PRO 6000 Blackwell Server Edition, 59083 MiB, 100 %, 564.55 W
2026/09/21 02:03:54.186, 0, NVIDIA RTX PRO 6000 Blackwell Server Edition, 59083 MiB, 100 %, 569.93 W
2026/09/21 02:03:55.186, 0, NVIDIA RTX PRO 6000 Blackwell Server Edition, 59083 MiB, 100 %, 570.99 W
2026/09/21 02:03:56.186, 0, NVIDIA RTX PRO 6000 Blackwell Server Edition, 59083 MiB, 100 %, 570.64 W
2026/09/21 02:03:57.186, 0, NVIDIA RTX PRO 6000 Blackwell Server Edition, 59083 MiB, 100 %, 574.21 W
2026/09/21 02:03:58.186, 0, NVIDIA RTX PRO 6000 Blackwell Server Edition, 59083 MiB, 100 %, 565.95 W
2026/09/21 02:03:59.186, 0, NVIDIA RTX PRO 6000 Blackwell Server Edition, 59083 MiB, 100 %, 568.10 W
2026/09/21 02:04:00.187, 0, NVIDIA RTX PRO 6000 Blackwell Server Edition, 62895 MiB, 39 %, 458.21 W
2026/09/21 02:04:01.187, 0, NVIDIA RTX PRO 6000 Blackwell Server Edition, 41201 MiB, 4 %, 99.20 W
2026/09/21 02:04:02.187, 0, NVIDIA RTX PRO 6000 Blackwell Server Edition, 49789 MiB, 19 %, 98.61 W
2026/09/21 02:04:03.187, 0, NVIDIA RTX PRO 6000 Blackwell Server Edition, 60025 MiB, 17 %, 97.78 W
2026/09/21 02:04:04.187, 0, NVIDIA RTX PRO 6000 Blackwell Server Edition, 38685 MiB, 44 %, 133.04 W
2026/09/21 02:04:05.187, 0, NVIDIA RTX PRO 6000 Blackwell Server Edition, 43247 MiB, 14 %, 94.68 W
2026/09/21 02:04:06.187, 0, NVIDIA RTX PRO 6000 Blackwell Server Edition, 39169 MiB, 1 %, 110.61 W
2026/09/21 02:04:07.188, 0, NVIDIA RTX PRO 6000 Blackwell Server Edition, 39413 MiB, 100 %, 467.19 W
2026/09/21 02:04:08.188, 0, NVIDIA RTX PRO 6000 Blackwell Server Edition, 39413 MiB, 100 %, 572.29 W
2026/09/21 02:04:09.188, 0, NVIDIA RTX PRO 6000 Blackwell Server Edition, 39413 MiB, 100 %, 570.82 W
2026/09/21 02:04:10.188, 0, NVIDIA RTX PRO 6000 Blackwell Server Edition, 39413 MiB, 100 %, 573.84 W
2026/09/21 02:04:11.188, 0, NVIDIA RTX PRO 6000 Blackwell Server Edition, 38847 MiB, 3 %, 144.19 W
2026/09/21 02:04:12.188, 0, NVIDIA RTX PRO 6000 Blackwell Server Edition, 42843 MiB, 100 %, 524.15 W
2026/09/21 02:04:13.189, 0, NVIDIA RTX PRO 6000 Blackwell Server Edition, 42843 MiB, 100 %, 600.90 W
2026/09/21 02:04:14.189, 0, NVIDIA RTX PRO 6000 Blackwell Server Edition, 42843 MiB, 100 %, 599.40 W
2026/09/21 02:04:15.189, 0, NVIDIA RTX PRO 6000 Blackwell Server Edition, 42843 MiB, 100 %, 601.97 W
2026/09/21 02:04:16.189, 0, NVIDIA RTX PRO 6000 Blackwell Server Edition, 42843 MiB, 99 %, 600.78 W
2026/09/21 02:04:17.189, 0, NVIDIA RTX PRO 6000 Blackwell Server Edition, 42843 MiB, 100 %, 600.29 W
2026/09/21 02:04:18.189, 0, NVIDIA RTX PRO 6000 Blackwell Server Edition, 42843 MiB, 100 %, 601.56 W
2026/09/21 02:04:19.189, 0, NVIDIA RTX PRO 6000 Blackwell Server Edition, 51271 MiB, 26 %, 236.52 W
2026/09/21 02:04:20.190, 0, NVIDIA RTX PRO 6000 Blackwell Server Edition, 59083 MiB, 100 %, 520.37 W
2026/09/21 02:04:21.190, 0, NVIDIA RTX PRO 6000 Blackwell Server Edition, 59083 MiB, 100 %, 568.77 W
2026/09/21 02:04:22.190, 0, NVIDIA RTX PRO 6000 Blackwell Server Edition, 59083 MiB, 100 %, 566.92 W
2026/09/21 02:04:23.190, 0, NVIDIA RTX PRO 6000 Blackwell Server Edition, 59083 MiB, 100 %, 566.52 W
2026/09/21 02:04:24.190, 0, NVIDIA RTX PRO 6000 Blackwell Server Edition, 59083 MiB, 100 %, 574.31 W
2026/09/21 02:04:25.191, 0, NVIDIA RTX PRO 6000 Blackwell Server Edition, 59083 MiB, 100 %, 570.77 W
2026/09/21 02:04:26.191, 0, NVIDIA RTX PRO 6000 Blackwell Server Edition, 59083 MiB, 100 %, 566.87 W
2026/09/21 02:04:27.191, 0, NVIDIA RTX PRO 6000 Blackwell Server Edition, 59083 MiB, 100 %, 574.45 W
2026/09/21 02:04:28.191, 0, NVIDIA RTX PRO 6000 Blackwell Server Edition, 39281 MiB, 0 %, 363.78 W
2026/09/21 02:04:29.191, 0, NVIDIA RTX PRO 6000 Blackwell Server Edition, 44205 MiB, 18 %, 97.68 W
2026/09/21 02:04:30.192, 0, NVIDIA RTX PRO 6000 Blackwell Server Edition, 54413 MiB, 19 %, 98.50 W
2026/09/21 02:04:31.192, 0, NVIDIA RTX PRO 6000 Blackwell Server Edition, 61621 MiB, 0 %, 96.97 W
2026/09/21 02:04:32.192, 0, NVIDIA RTX PRO 6000 Blackwell Server Edition, 42255 MiB, 20 %, 135.52 W
2026/09/21 02:04:33.192, 0, NVIDIA RTX PRO 6000 Blackwell Server Edition, 46191 MiB, 37 %, 94.48 W
2026/09/21 02:04:34.192, 0, NVIDIA RTX PRO 6000 Blackwell Server Edition, 39411 MiB, 87 %, 146.31 W
2026/09/21 02:04:35.193, 0, NVIDIA RTX PRO 6000 Blackwell Server Edition, 39413 MiB, 100 %, 571.11 W
2026/09/21 02:04:36.193, 0, NVIDIA RTX PRO 6000 Blackwell Server Edition, 39413 MiB, 100 %, 574.42 W
2026/09/21 02:04:37.193, 0, NVIDIA RTX PRO 6000 Blackwell Server Edition, 39413 MiB, 100 %, 573.53 W
2026/09/21 02:04:38.193, 0, NVIDIA RTX PRO 6000 Blackwell Server Edition, 40615 MiB, 13 %, 456.80 W
2026/09/21 02:04:39.193, 0, NVIDIA RTX PRO 6000 Blackwell Server Edition, 42843 MiB, 100 %, 190.83 W
2026/09/21 02:04:40.193, 0, NVIDIA RTX PRO 6000 Blackwell Server Edition, 42843 MiB, 100 %, 599.19 W
2026/09/21 02:04:41.193, 0, NVIDIA RTX PRO 6000 Blackwell Server Edition, 42843 MiB, 100 %, 601.09 W
2026/09/21 02:04:42.193, 0, NVIDIA RTX PRO 6000 Blackwell Server Edition, 42843 MiB, 100 %, 598.12 W
2026/09/21 02:04:43.194, 0, NVIDIA RTX PRO 6000 Blackwell Server Edition, 42843 MiB, 100 %, 601.74 W
2026/09/21 02:04:44.194, 0, NVIDIA RTX PRO 6000 Blackwell Server Edition, 42843 MiB, 100 %, 599.21 W
2026/09/21 02:04:45.194, 0, NVIDIA RTX PRO 6000 Blackwell Server Edition, 42843 MiB, 100 %, 600.82 W
2026/09/21 02:04:46.194, 0, NVIDIA RTX PRO 6000 Blackwell Server Edition, 42903 MiB, 30 %, 477.23 W
2026/09/21 02:04:47.194, 0, NVIDIA RTX PRO 6000 Blackwell Server Edition, 59083 MiB, 100 %, 318.52 W
2026/09/21 02:04:48.194, 0, NVIDIA RTX PRO 6000 Blackwell Server Edition, 59083 MiB, 100 %, 567.35 W
2026/09/21 02:04:49.194, 0, NVIDIA RTX PRO 6000 Blackwell Server Edition, 59083 MiB, 100 %, 569.03 W
2026/09/21 02:04:50.194, 0, NVIDIA RTX PRO 6000 Blackwell Server Edition, 59083 MiB, 100 %, 567.52 W
2026/09/21 02:04:51.195, 0, NVIDIA RTX PRO 6000 Blackwell Server Edition, 59083 MiB, 100 %, 569.62 W
2026/09/21 02:04:52.195, 0, NVIDIA RTX PRO 6000 Blackwell Server Edition, 59083 MiB, 100 %, 569.40 W
2026/09/21 02:04:53.195, 0, NVIDIA RTX PRO 6000 Blackwell Server Edition, 59083 MiB, 100 %, 568.25 W
2026/09/21 02:04:54.195, 0, NVIDIA RTX PRO 6000 Blackwell Server Edition, 59083 MiB, 100 %, 570.35 W
2026/09/21 02:04:55.195, 0, NVIDIA RTX PRO 6000 Blackwell Server Edition, 59083 MiB, 100 %, 569.47 W
2026/09/21 02:04:56.195, 0, NVIDIA RTX PRO 6000 Blackwell Server Edition, 39281 MiB, 0 %, 172.16 W
2026/09/21 02:04:57.196, 0, NVIDIA RTX PRO 6000 Blackwell Server Edition, 47961 MiB, 18 %, 98.65 W
2026/09/21 02:04:58.196, 0, NVIDIA RTX PRO 6000 Blackwell Server Edition, 57913 MiB, 20 %, 98.15 W
2026/09/21 02:04:59.196, 0, NVIDIA RTX PRO 6000 Blackwell Server Edition, 61809 MiB, 0 %, 132.06 W
2026/09/21 02:05:00.196, 0, NVIDIA RTX PRO 6000 Blackwell Server Edition, 42511 MiB, 12 %, 97.85 W
2026/09/21 02:05:01.196, 0, NVIDIA RTX PRO 6000 Blackwell Server Edition, 46191 MiB, 0 %, 109.50 W
2026/09/21 02:05:02.196, 0, NVIDIA RTX PRO 6000 Blackwell Server Edition, 39411 MiB, 100 %, 223.36 W
2026/09/21 02:05:03.197, 0, NVIDIA RTX PRO 6000 Blackwell Server Edition, 39413 MiB, 100 %, 572.84 W
2026/09/21 02:05:04.197, 0, NVIDIA RTX PRO 6000 Blackwell Server Edition, 39413 MiB, 100 %, 573.85 W
2026/09/21 02:05:05.197, 0, NVIDIA RTX PRO 6000 Blackwell Server Edition, 39413 MiB, 100 %, 576.04 W
2026/09/21 02:05:06.197, 0, NVIDIA RTX PRO 6000 Blackwell Server Edition, 40615 MiB, 0 %, 390.09 W
2026/09/21 02:05:07.197, 0, NVIDIA RTX PRO 6000 Blackwell Server Edition, 42843 MiB, 100 %, 282.17 W
2026/09/21 02:05:08.197, 0, NVIDIA RTX PRO 6000 Blackwell Server Edition, 42843 MiB, 100 %, 600.76 W
2026/09/21 02:05:09.197, 0, NVIDIA RTX PRO 6000 Blackwell Server Edition, 42843 MiB, 99 %, 601.18 W
2026/09/21 02:05:10.198, 0, NVIDIA RTX PRO 6000 Blackwell Server Edition, 42843 MiB, 100 %, 598.68 W
2026/09/21 02:05:11.198, 0, NVIDIA RTX PRO 6000 Blackwell Server Edition, 42843 MiB, 100 %, 602.79 W
2026/09/21 02:05:12.198, 0, NVIDIA RTX PRO 6000 Blackwell Server Edition, 42843 MiB, 100 %, 600.60 W
2026/09/21 02:05:13.198, 0, NVIDIA RTX PRO 6000 Blackwell Server Edition, 42843 MiB, 100 %, 602.68 W
2026/09/21 02:05:14.198, 0, NVIDIA RTX PRO 6000 Blackwell Server Edition, 39337 MiB, 0 %, 374.75 W
2026/09/21 02:05:15.198, 0, NVIDIA RTX PRO 6000 Blackwell Server Edition, 59083 MiB, 100 %, 411.56 W
2026/09/21 02:05:16.198, 0, NVIDIA RTX PRO 6000 Blackwell Server Edition, 59083 MiB, 100 %, 568.53 W
2026/09/21 02:05:17.199, 0, NVIDIA RTX PRO 6000 Blackwell Server Edition, 59083 MiB, 100 %, 566.19 W
2026/09/21 02:05:18.199, 0, NVIDIA RTX PRO 6000 Blackwell Server Edition, 59083 MiB, 100 %, 568.42 W
2026/09/21 02:05:19.199, 0, NVIDIA RTX PRO 6000 Blackwell Server Edition, 59083 MiB, 100 %, 568.77 W
2026/09/21 02:05:20.199, 0, NVIDIA RTX PRO 6000 Blackwell Server Edition, 59083 MiB, 100 %, 569.91 W
2026/09/21 02:05:21.199, 0, NVIDIA RTX PRO 6000 Blackwell Server Edition, 59083 MiB, 100 %, 569.05 W
2026/09/21 02:05:22.199, 0, NVIDIA RTX PRO 6000 Blackwell Server Edition, 59083 MiB, 100 %, 566.70 W
2026/09/21 02:05:23.200, 0, NVIDIA RTX PRO 6000 Blackwell Server Edition, 62895 MiB, 87 %, 549.13 W
2026/09/21 02:05:24.200, 0, NVIDIA RTX PRO 6000 Blackwell Server Edition, 41201 MiB, 13 %, 100.09 W
2026/09/21 02:05:25.200, 0, NVIDIA RTX PRO 6000 Blackwell Server Edition, 50479 MiB, 18 %, 98.36 W
2026/09/21 02:05:26.200, 0, NVIDIA RTX PRO 6000 Blackwell Server Edition, 60459 MiB, 19 %, 97.83 W
2026/09/21 02:05:27.200, 0, NVIDIA RTX PRO 6000 Blackwell Server Edition, 38685 MiB, 0 %, 133.12 W
2026/09/21 02:05:28.200, 0, NVIDIA RTX PRO 6000 Blackwell Server Edition, 43247 MiB, 0 %, 94.82 W
2026/09/21 02:05:29.200, 0, NVIDIA RTX PRO 6000 Blackwell Server Edition, 39169 MiB, 4 %, 110.87 W
2026/09/21 02:05:30.201, 0, NVIDIA RTX PRO 6000 Blackwell Server Edition, 39413 MiB, 100 %, 451.76 W
2026/09/21 02:05:31.201, 0, NVIDIA RTX PRO 6000 Blackwell Server Edition, 39413 MiB, 100 %, 574.49 W
2026/09/21 02:05:32.201, 0, NVIDIA RTX PRO 6000 Blackwell Server Edition, 39413 MiB, 100 %, 574.98 W
2026/09/21 02:05:33.201, 0, NVIDIA RTX PRO 6000 Blackwell Server Edition, 39413 MiB, 100 %, 572.33 W
2026/09/21 02:05:34.201, 0, NVIDIA RTX PRO 6000 Blackwell Server Edition, 38847 MiB, 12 %, 160.46 W
2026/09/21 02:05:35.201, 0, NVIDIA RTX PRO 6000 Blackwell Server Edition, 42843 MiB, 100 %, 516.80 W
2026/09/21 02:05:36.201, 0, NVIDIA RTX PRO 6000 Blackwell Server Edition, 42843 MiB, 100 %, 601.36 W
2026/09/21 02:05:37.202, 0, NVIDIA RTX PRO 6000 Blackwell Server Edition, 42843 MiB, 100 %, 597.83 W
2026/09/21 02:05:38.202, 0, NVIDIA RTX PRO 6000 Blackwell Server Edition, 42843 MiB, 100 %, 601.64 W
2026/09/21 02:05:39.202, 0, NVIDIA RTX PRO 6000 Blackwell Server Edition, 42843 MiB, 100 %, 600.38 W
2026/09/21 02:05:40.202, 0, NVIDIA RTX PRO 6000 Blackwell Server Edition, 42843 MiB, 100 %, 599.71 W
2026/09/21 02:05:41.202, 0, NVIDIA RTX PRO 6000 Blackwell Server Edition, 42843 MiB, 100 %, 601.93 W
2026/09/21 02:05:42.202, 0, NVIDIA RTX PRO 6000 Blackwell Server Edition, 51271 MiB, 100 %, 235.79 W
2026/09/21 02:05:43.202, 0, NVIDIA RTX PRO 6000 Blackwell Server Edition, 59083 MiB, 100 %, 532.07 W
2026/09/21 02:05:44.203, 0, NVIDIA RTX PRO 6000 Blackwell Server Edition, 59083 MiB, 100 %, 570.31 W
2026/09/21 02:05:45.203, 0, NVIDIA RTX PRO 6000 Blackwell Server Edition, 59083 MiB, 100 %, 565.28 W
2026/09/21 02:05:46.203, 0, NVIDIA RTX PRO 6000 Blackwell Server Edition, 59083 MiB, 100 %, 570.06 W
2026/09/21 02:05:47.203, 0, NVIDIA RTX PRO 6000 Blackwell Server Edition, 59083 MiB, 100 %, 572.78 W
2026/09/21 02:05:48.203, 0, NVIDIA RTX PRO 6000 Blackwell Server Edition, 59083 MiB, 100 %, 565.58 W
2026/09/21 02:05:49.204, 0, NVIDIA RTX PRO 6000 Blackwell Server Edition, 59083 MiB, 100 %, 567.55 W
2026/09/21 02:05:50.204, 0, NVIDIA RTX PRO 6000 Blackwell Server Edition, 59083 MiB, 100 %, 574.06 W
2026/09/21 02:05:51.204, 0, NVIDIA RTX PRO 6000 Blackwell Server Edition, 39281 MiB, 44 %, 361.49 W
2026/09/21 02:05:52.204, 0, NVIDIA RTX PRO 6000 Blackwell Server Edition, 43581 MiB, 18 %, 97.05 W
2026/09/21 02:05:53.204, 0, NVIDIA RTX PRO 6000 Blackwell Server Edition, 53675 MiB, 18 %, 98.30 W
2026/09/21 02:05:54.204, 0, NVIDIA RTX PRO 6000 Blackwell Server Edition, 61313 MiB, 14 %, 97.18 W
2026/09/21 02:05:55.205, 0, NVIDIA RTX PRO 6000 Blackwell Server Edition, 41101 MiB, 14 %, 133.46 W
2026/09/21 02:05:56.205, 0, NVIDIA RTX PRO 6000 Blackwell Server Edition, 44719 MiB, 0 %, 94.42 W
2026/09/21 02:05:57.205, 0, NVIDIA RTX PRO 6000 Blackwell Server Edition, 39411 MiB, 0 %, 110.98 W
2026/09/21 02:05:58.205, 0, NVIDIA RTX PRO 6000 Blackwell Server Edition, 39413 MiB, 100 %, 554.84 W
2026/09/21 02:05:59.205, 0, NVIDIA RTX PRO 6000 Blackwell Server Edition, 39413 MiB, 100 %, 570.62 W
2026/09/21 02:06:00.205, 0, NVIDIA RTX PRO 6000 Blackwell Server Edition, 39413 MiB, 100 %, 574.13 W
2026/09/21 02:06:01.205, 0, NVIDIA RTX PRO 6000 Blackwell Server Edition, 39845 MiB, 70 %, 520.60 W
2026/09/21 02:06:02.205, 0, NVIDIA RTX PRO 6000 Blackwell Server Edition, 42843 MiB, 0 %, 122.33 W
2026/09/21 02:06:03.206, 0, NVIDIA RTX PRO 6000 Blackwell Server Edition, 42843 MiB, 100 %, 597.24 W
2026/09/21 02:06:04.206, 0, NVIDIA RTX PRO 6000 Blackwell Server Edition, 42843 MiB, 100 %, 602.59 W
2026/09/21 02:06:05.206, 0, NVIDIA RTX PRO 6000 Blackwell Server Edition, 42843 MiB, 100 %, 599.00 W
2026/09/21 02:06:06.206, 0, NVIDIA RTX PRO 6000 Blackwell Server Edition, 42843 MiB, 100 %, 603.21 W
2026/09/21 02:06:07.206, 0, NVIDIA RTX PRO 6000 Blackwell Server Edition, 42843 MiB, 100 %, 600.40 W
2026/09/21 02:06:08.206, 0, NVIDIA RTX PRO 6000 Blackwell Server Edition, 42843 MiB, 100 %, 600.61 W
2026/09/21 02:06:09.206, 0, NVIDIA RTX PRO 6000 Blackwell Server Edition, 42899 MiB, 63 %, 524.69 W
2026/09/21 02:06:10.206, 0, NVIDIA RTX PRO 6000 Blackwell Server Edition, 59083 MiB, 100 %, 282.30 W
2026/09/21 02:06:11.206, 0, NVIDIA RTX PRO 6000 Blackwell Server Edition, 59083 MiB, 100 %, 549.23 W
2026/09/21 02:06:12.207, 0, NVIDIA RTX PRO 6000 Blackwell Server Edition, 59083 MiB, 100 %, 569.95 W
2026/09/21 02:06:13.207, 0, NVIDIA RTX PRO 6000 Blackwell Server Edition, 59083 MiB, 100 %, 567.17 W
2026/09/21 02:06:14.207, 0, NVIDIA RTX PRO 6000 Blackwell Server Edition, 59083 MiB, 100 %, 569.95 W
2026/09/21 02:06:15.207, 0, NVIDIA RTX PRO 6000 Blackwell Server Edition, 59083 MiB, 100 %, 567.10 W
2026/09/21 02:06:16.207, 0, NVIDIA RTX PRO 6000 Blackwell Server Edition, 59083 MiB, 100 %, 569.23 W
2026/09/21 02:06:17.207, 0, NVIDIA RTX PRO 6000 Blackwell Server Edition, 59083 MiB, 100 %, 570.58 W
2026/09/21 02:06:18.207, 0, NVIDIA RTX PRO 6000 Blackwell Server Edition, 59083 MiB, 100 %, 568.87 W
2026/09/21 02:06:19.207, 0, NVIDIA RTX PRO 6000 Blackwell Server Edition, 39281 MiB, 0 %, 238.65 W
2026/09/21 02:06:20.208, 0, NVIDIA RTX PRO 6000 Blackwell Server Edition, 47081 MiB, 18 %, 97.95 W
2026/09/21 02:06:21.208, 0, NVIDIA RTX PRO 6000 Blackwell Server Edition, 57365 MiB, 18 %, 97.96 W
2026/09/21 02:06:22.208, 0, NVIDIA RTX PRO 6000 Blackwell Server Edition, 59947 MiB, 70 %, 133.59 W
2026/09/21 02:06:23.208, 0, NVIDIA RTX PRO 6000 Blackwell Server Edition, 42511 MiB, 12 %, 97.85 W
2026/09/21 02:06:24.228, 0, NVIDIA RTX PRO 6000 Blackwell Server Edition, 39057 MiB, 13 %, 109.18 W
2026/09/21 02:06:25.228, 0, NVIDIA RTX PRO 6000 Blackwell Server Edition, 39411 MiB, 100 %, 268.87 W
2026/09/21 02:06:26.228, 0, NVIDIA RTX PRO 6000 Blackwell Server Edition, 39413 MiB, 100 %, 573.91 W
2026/09/21 02:06:27.228, 0, NVIDIA RTX PRO 6000 Blackwell Server Edition, 39413 MiB, 100 %, 576.24 W
2026/09/21 02:06:28.229, 0, NVIDIA RTX PRO 6000 Blackwell Server Edition, 39413 MiB, 100 %, 575.14 W
2026/09/21 02:06:29.229, 0, NVIDIA RTX PRO 6000 Blackwell Server Edition, 39381 MiB, 0 %, 348.61 W
2026/09/21 02:06:30.229, 0, NVIDIA RTX PRO 6000 Blackwell Server Edition, 42843 MiB, 100 %, 332.06 W
2026/09/21 02:06:31.229, 0, NVIDIA RTX PRO 6000 Blackwell Server Edition, 42843 MiB, 100 %, 600.80 W
2026/09/21 02:06:32.229, 0, NVIDIA RTX PRO 6000 Blackwell Server Edition, 42843 MiB, 99 %, 602.62 W
2026/09/21 02:06:33.229, 0, NVIDIA RTX PRO 6000 Blackwell Server Edition, 42843 MiB, 100 %, 599.07 W
2026/09/21 02:06:34.229, 0, NVIDIA RTX PRO 6000 Blackwell Server Edition, 42843 MiB, 100 %, 602.08 W
2026/09/21 02:06:35.230, 0, NVIDIA RTX PRO 6000 Blackwell Server Edition, 42843 MiB, 100 %, 599.97 W
2026/09/21 02:06:36.230, 0, NVIDIA RTX PRO 6000 Blackwell Server Edition, 42843 MiB, 100 %, 600.52 W
2026/09/21 02:06:37.230, 0, NVIDIA RTX PRO 6000 Blackwell Server Edition, 39337 MiB, 0 %, 331.71 W
2026/09/21 02:06:38.230, 0, NVIDIA RTX PRO 6000 Blackwell Server Edition, 59083 MiB, 100 %, 448.27 W
2026/09/21 02:06:39.230, 0, NVIDIA RTX PRO 6000 Blackwell Server Edition, 59083 MiB, 100 %, 568.97 W
2026/09/21 02:06:40.230, 0, NVIDIA RTX PRO 6000 Blackwell Server Edition, 59083 MiB, 100 %, 566.64 W
2026/09/21 02:06:41.231, 0, NVIDIA RTX PRO 6000 Blackwell Server Edition, 59083 MiB, 100 %, 569.78 W
2026/09/21 02:06:42.231, 0, NVIDIA RTX PRO 6000 Blackwell Server Edition, 59083 MiB, 100 %, 569.66 W
2026/09/21 02:06:43.231, 0, NVIDIA RTX PRO 6000 Blackwell Server Edition, 59083 MiB, 100 %, 566.63 W
2026/09/21 02:06:44.231, 0, NVIDIA RTX PRO 6000 Blackwell Server Edition, 59083 MiB, 100 %, 571.64 W
2026/09/21 02:06:45.231, 0, NVIDIA RTX PRO 6000 Blackwell Server Edition, 59083 MiB, 100 %, 568.35 W
2026/09/21 02:06:46.231, 0, NVIDIA RTX PRO 6000 Blackwell Server Edition, 62895 MiB, 66 %, 480.55 W
2026/09/21 02:06:47.231, 0, NVIDIA RTX PRO 6000 Blackwell Server Edition, 41921 MiB, 36 %, 100.21 W
2026/09/21 02:06:48.231, 0, NVIDIA RTX PRO 6000 Blackwell Server Edition, 52101 MiB, 19 %, 98.33 W
2026/09/21 02:06:49.232, 0, NVIDIA RTX PRO 6000 Blackwell Server Edition, 61313 MiB, 20 %, 97.81 W
2026/09/21 02:06:50.232, 0, NVIDIA RTX PRO 6000 Blackwell Server Edition, 39821 MiB, 0 %, 131.75 W
2026/09/21 02:06:51.232, 0, NVIDIA RTX PRO 6000 Blackwell Server Edition, 43249 MiB, 0 %, 94.55 W
2026/09/21 02:06:52.232, 0, NVIDIA RTX PRO 6000 Blackwell Server Edition, 39169 MiB, 6 %, 111.26 W
2026/09/21 02:06:53.232, 0, NVIDIA RTX PRO 6000 Blackwell Server Edition, 39413 MiB, 100 %, 497.02 W
2026/09/21 02:06:54.232, 0, NVIDIA RTX PRO 6000 Blackwell Server Edition, 39413 MiB, 100 %, 572.51 W
2026/09/21 02:06:55.232, 0, NVIDIA RTX PRO 6000 Blackwell Server Edition, 39413 MiB, 100 %, 576.47 W
2026/09/21 02:06:56.233, 0, NVIDIA RTX PRO 6000 Blackwell Server Edition, 39413 MiB, 100 %, 565.63 W
2026/09/21 02:06:57.233, 0, NVIDIA RTX PRO 6000 Blackwell Server Edition, 38847 MiB, 12 %, 113.63 W
2026/09/21 02:06:58.234, 0, NVIDIA RTX PRO 6000 Blackwell Server Edition, 42843 MiB, 100 %, 542.55 W
2026/09/21 02:06:59.234, 0, NVIDIA RTX PRO 6000 Blackwell Server Edition, 42843 MiB, 100 %, 600.98 W
2026/09/21 02:07:00.234, 0, NVIDIA RTX PRO 6000 Blackwell Server Edition, 42843 MiB, 100 %, 599.64 W
2026/09/21 02:07:01.235, 0, NVIDIA RTX PRO 6000 Blackwell Server Edition, 42843 MiB, 100 %, 601.51 W
2026/09/21 02:07:02.235, 0, NVIDIA RTX PRO 6000 Blackwell Server Edition, 42843 MiB, 100 %, 599.14 W
2026/09/21 02:07:03.235, 0, NVIDIA RTX PRO 6000 Blackwell Server Edition, 42843 MiB, 100 %, 604.07 W
2026/09/21 02:07:04.235, 0, NVIDIA RTX PRO 6000 Blackwell Server Edition, 42843 MiB, 100 %, 590.17 W
2026/09/21 02:07:05.235, 0, NVIDIA RTX PRO 6000 Blackwell Server Edition, 59083 MiB, 69 %, 229.74 W
2026/09/21 02:07:06.235, 0, NVIDIA RTX PRO 6000 Blackwell Server Edition, 59083 MiB, 100 %, 535.66 W
2026/09/21 02:07:07.235, 0, NVIDIA RTX PRO 6000 Blackwell Server Edition, 59083 MiB, 100 %, 571.58 W
2026/09/21 02:07:08.235, 0, NVIDIA RTX PRO 6000 Blackwell Server Edition, 59083 MiB, 100 %, 566.22 W
2026/09/21 02:07:09.236, 0, NVIDIA RTX PRO 6000 Blackwell Server Edition, 59083 MiB, 100 %, 570.31 W
2026/09/21 02:07:10.236, 0, NVIDIA RTX PRO 6000 Blackwell Server Edition, 59083 MiB, 100 %, 568.70 W
2026/09/21 02:07:11.236, 0, NVIDIA RTX PRO 6000 Blackwell Server Edition, 59083 MiB, 100 %, 568.09 W
2026/09/21 02:07:12.236, 0, NVIDIA RTX PRO 6000 Blackwell Server Edition, 59083 MiB, 100 %, 573.53 W
2026/09/21 02:07:13.236, 0, NVIDIA RTX PRO 6000 Blackwell Server Edition, 59083 MiB, 100 %, 565.27 W
2026/09/21 02:07:14.236, 0, NVIDIA RTX PRO 6000 Blackwell Server Edition, 39281 MiB, 20 %, 315.84 W
2026/09/21 02:07:15.236, 0, NVIDIA RTX PRO 6000 Blackwell Server Edition, 43771 MiB, 17 %, 97.13 W
2026/09/21 02:07:16.237, 0, NVIDIA RTX PRO 6000 Blackwell Server Edition, 53865 MiB, 20 %, 98.03 W
2026/09/21 02:07:17.237, 0, NVIDIA RTX PRO 6000 Blackwell Server Edition, 61313 MiB, 11 %, 96.51 W
2026/09/21 02:07:18.237, 0, NVIDIA RTX PRO 6000 Blackwell Server Edition, 41615 MiB, 16 %, 135.71 W
2026/09/21 02:07:19.237, 0, NVIDIA RTX PRO 6000 Blackwell Server Edition, 46191 MiB, 0 %, 94.11 W
2026/09/21 02:07:20.237, 0, NVIDIA RTX PRO 6000 Blackwell Server Edition, 39411 MiB, 0 %, 146.05 W
2026/09/21 02:07:21.237, 0, NVIDIA RTX PRO 6000 Blackwell Server Edition, 39413 MiB, 100 %, 567.93 W
2026/09/21 02:07:22.237, 0, NVIDIA RTX PRO 6000 Blackwell Server Edition, 39413 MiB, 100 %, 572.59 W
2026/09/21 02:07:23.238, 0, NVIDIA RTX PRO 6000 Blackwell Server Edition, 39413 MiB, 99 %, 576.33 W
2026/09/21 02:07:24.238, 0, NVIDIA RTX PRO 6000 Blackwell Server Edition, 40615 MiB, 61 %, 466.06 W
2026/09/21 02:07:25.238, 0, NVIDIA RTX PRO 6000 Blackwell Server Edition, 42843 MiB, 0 %, 201.40 W
2026/09/21 02:07:26.238, 0, NVIDIA RTX PRO 6000 Blackwell Server Edition, 42843 MiB, 100 %, 601.05 W
2026/09/21 02:07:27.238, 0, NVIDIA RTX PRO 6000 Blackwell Server Edition, 42843 MiB, 100 %, 600.84 W
2026/09/21 02:07:28.244, 0, NVIDIA RTX PRO 6000 Blackwell Server Edition, 42843 MiB, 100 %, 598.15 W
2026/09/21 02:07:29.244, 0, NVIDIA RTX PRO 6000 Blackwell Server Edition, 42843 MiB, 100 %, 601.51 W
2026/09/21 02:07:30.244, 0, NVIDIA RTX PRO 6000 Blackwell Server Edition, 42843 MiB, 100 %, 598.66 W
2026/09/21 02:07:31.244, 0, NVIDIA RTX PRO 6000 Blackwell Server Edition, 42843 MiB, 100 %, 602.73 W
2026/09/21 02:07:32.244, 0, NVIDIA RTX PRO 6000 Blackwell Server Edition, 42903 MiB, 8 %, 467.55 W
2026/09/21 02:07:33.244, 0, NVIDIA RTX PRO 6000 Blackwell Server Edition, 59083 MiB, 100 %, 310.58 W
2026/09/21 02:07:34.244, 0, NVIDIA RTX PRO 6000 Blackwell Server Edition, 59083 MiB, 100 %, 567.79 W
2026/09/21 02:07:35.244, 0, NVIDIA RTX PRO 6000 Blackwell Server Edition, 59083 MiB, 100 %, 569.32 W
2026/09/21 02:07:36.245, 0, NVIDIA RTX PRO 6000 Blackwell Server Edition, 59083 MiB, 100 %, 568.14 W
2026/09/21 02:07:37.245, 0, NVIDIA RTX PRO 6000 Blackwell Server Edition, 59083 MiB, 100 %, 568.63 W
2026/09/21 02:07:38.245, 0, NVIDIA RTX PRO 6000 Blackwell Server Edition, 59083 MiB, 100 %, 569.97 W
2026/09/21 02:07:39.245, 0, NVIDIA RTX PRO 6000 Blackwell Server Edition, 59083 MiB, 100 %, 568.13 W
2026/09/21 02:07:40.245, 0, NVIDIA RTX PRO 6000 Blackwell Server Edition, 59083 MiB, 100 %, 569.79 W
2026/09/21 02:07:41.246, 0, NVIDIA RTX PRO 6000 Blackwell Server Edition, 59083 MiB, 100 %, 569.88 W
2026/09/21 02:07:42.246, 0, NVIDIA RTX PRO 6000 Blackwell Server Edition, 39281 MiB, 0 %, 172.84 W
2026/09/21 02:07:43.262, 0, NVIDIA RTX PRO 6000 Blackwell Server Edition, 47499 MiB, 19 %, 98.38 W
2026/09/21 02:07:44.262, 0, NVIDIA RTX PRO 6000 Blackwell Server Edition, 54847 MiB, 12 %, 97.08 W
2026/09/21 02:07:45.262, 0, NVIDIA RTX PRO 6000 Blackwell Server Edition, 61313 MiB, 11 %, 96.28 W
2026/09/21 02:07:46.262, 0, NVIDIA RTX PRO 6000 Blackwell Server Edition, 41005 MiB, 16 %, 133.55 W
2026/09/21 02:07:47.263, 0, NVIDIA RTX PRO 6000 Blackwell Server Edition, 46191 MiB, 4 %, 93.97 W
2026/09/21 02:07:48.263, 0, NVIDIA RTX PRO 6000 Blackwell Server Edition, 39411 MiB, 0 %, 136.00 W
2026/09/21 02:07:49.263, 0, NVIDIA RTX PRO 6000 Blackwell Server Edition, 39413 MiB, 100 %, 568.08 W
2026/09/21 02:07:50.263, 0, NVIDIA RTX PRO 6000 Blackwell Server Edition, 39413 MiB, 98 %, 574.03 W
2026/09/21 02:07:51.263, 0, NVIDIA RTX PRO 6000 Blackwell Server Edition, 39413 MiB, 98 %, 574.94 W
2026/09/21 02:07:52.264, 0, NVIDIA RTX PRO 6000 Blackwell Server Edition, 40615 MiB, 12 %, 477.32 W
2026/09/21 02:07:53.264, 0, NVIDIA RTX PRO 6000 Blackwell Server Edition, 42843 MiB, 20 %, 181.79 W
2026/09/21 02:07:54.264, 0, NVIDIA RTX PRO 6000 Blackwell Server Edition, 42843 MiB, 100 %, 600.77 W
2026/09/21 02:07:55.264, 0, NVIDIA RTX PRO 6000 Blackwell Server Edition, 42843 MiB, 100 %, 600.19 W
2026/09/21 02:07:56.264, 0, NVIDIA RTX PRO 6000 Blackwell Server Edition, 42843 MiB, 100 %, 600.48 W
2026/09/21 02:07:57.265, 0, NVIDIA RTX PRO 6000 Blackwell Server Edition, 42843 MiB, 100 %, 602.26 W
2026/09/21 02:07:58.265, 0, NVIDIA RTX PRO 6000 Blackwell Server Edition, 42843 MiB, 100 %, 599.94 W
2026/09/21 02:07:59.265, 0, NVIDIA RTX PRO 6000 Blackwell Server Edition, 42843 MiB, 100 %, 602.19 W
2026/09/21 02:08:00.265, 0, NVIDIA RTX PRO 6000 Blackwell Server Edition, 42903 MiB, 13 %, 480.95 W
2026/09/21 02:08:01.265, 0, NVIDIA RTX PRO 6000 Blackwell Server Edition, 59083 MiB, 100 %, 318.52 W
2026/09/21 02:08:02.266, 0, NVIDIA RTX PRO 6000 Blackwell Server Edition, 59083 MiB, 100 %, 566.95 W
2026/09/21 02:08:03.266, 0, NVIDIA RTX PRO 6000 Blackwell Server Edition, 59083 MiB, 100 %, 568.98 W
2026/09/21 02:08:04.266, 0, NVIDIA RTX PRO 6000 Blackwell Server Edition, 59083 MiB, 100 %, 568.06 W
2026/09/21 02:08:05.266, 0, NVIDIA RTX PRO 6000 Blackwell Server Edition, 59083 MiB, 100 %, 568.72 W
2026/09/21 02:08:06.266, 0, NVIDIA RTX PRO 6000 Blackwell Server Edition, 59083 MiB, 100 %, 569.43 W
2026/09/21 02:08:07.267, 0, NVIDIA RTX PRO 6000 Blackwell Server Edition, 59083 MiB, 100 %, 568.06 W
2026/09/21 02:08:08.267, 0, NVIDIA RTX PRO 6000 Blackwell Server Edition, 59083 MiB, 100 %, 569.51 W
2026/09/21 02:08:09.267, 0, NVIDIA RTX PRO 6000 Blackwell Server Edition, 59083 MiB, 100 %, 569.82 W
2026/09/21 02:08:10.267, 0, NVIDIA RTX PRO 6000 Blackwell Server Edition, 39281 MiB, 0 %, 172.53 W
2026/09/21 02:08:11.268, 0, NVIDIA RTX PRO 6000 Blackwell Server Edition, 46403 MiB, 17 %, 97.97 W
2026/09/21 02:08:12.268, 0, NVIDIA RTX PRO 6000 Blackwell Server Edition, 56497 MiB, 18 %, 97.86 W
2026/09/21 02:08:13.269, 0, NVIDIA RTX PRO 6000 Blackwell Server Edition, 61809 MiB, 68 %, 132.05 W
2026/09/21 02:08:14.269, 0, NVIDIA RTX PRO 6000 Blackwell Server Edition, 42511 MiB, 13 %, 97.56 W
2026/09/21 02:08:15.269, 0, NVIDIA RTX PRO 6000 Blackwell Server Edition, 39057 MiB, 0 %, 110.79 W
2026/09/21 02:08:16.276, 0, NVIDIA RTX PRO 6000 Blackwell Server Edition, 39411 MiB, 100 %, 286.61 W
2026/09/21 02:08:17.276, 0, NVIDIA RTX PRO 6000 Blackwell Server Edition, 39413 MiB, 100 %, 571.40 W
2026/09/21 02:08:18.276, 0, NVIDIA RTX PRO 6000 Blackwell Server Edition, 39413 MiB, 100 %, 572.17 W
2026/09/21 02:08:19.277, 0, NVIDIA RTX PRO 6000 Blackwell Server Edition, 39413 MiB, 100 %, 576.98 W
2026/09/21 02:08:20.277, 0, NVIDIA RTX PRO 6000 Blackwell Server Edition, 39381 MiB, 0 %, 321.79 W
2026/09/21 02:08:21.277, 0, NVIDIA RTX PRO 6000 Blackwell Server Edition, 42843 MiB, 100 %, 329.08 W
2026/09/21 02:08:22.277, 0, NVIDIA RTX PRO 6000 Blackwell Server Edition, 42843 MiB, 100 %, 600.16 W
2026/09/21 02:08:23.277, 0, NVIDIA RTX PRO 6000 Blackwell Server Edition, 42843 MiB, 100 %, 600.67 W
2026/09/21 02:08:24.278, 0, NVIDIA RTX PRO 6000 Blackwell Server Edition, 42843 MiB, 100 %, 601.92 W
2026/09/21 02:08:25.278, 0, NVIDIA RTX PRO 6000 Blackwell Server Edition, 42843 MiB, 100 %, 598.93 W
2026/09/21 02:08:26.278, 0, NVIDIA RTX PRO 6000 Blackwell Server Edition, 42843 MiB, 100 %, 600.73 W
2026/09/21 02:08:27.278, 0, NVIDIA RTX PRO 6000 Blackwell Server Edition, 42843 MiB, 100 %, 603.42 W
2026/09/21 02:08:28.278, 0, NVIDIA RTX PRO 6000 Blackwell Server Edition, 39337 MiB, 0 %, 333.86 W
2026/09/21 02:08:29.278, 0, NVIDIA RTX PRO 6000 Blackwell Server Edition, 59083 MiB, 100 %, 444.35 W
2026/09/21 02:08:30.278, 0, NVIDIA RTX PRO 6000 Blackwell Server Edition, 59083 MiB, 100 %, 565.19 W
2026/09/21 02:08:31.279, 0, NVIDIA RTX PRO 6000 Blackwell Server Edition, 59083 MiB, 100 %, 573.74 W
2026/09/21 02:08:32.279, 0, NVIDIA RTX PRO 6000 Blackwell Server Edition, 59083 MiB, 100 %, 564.43 W
2026/09/21 02:08:33.279, 0, NVIDIA RTX PRO 6000 Blackwell Server Edition, 59083 MiB, 100 %, 567.73 W
2026/09/21 02:08:34.279, 0, NVIDIA RTX PRO 6000 Blackwell Server Edition, 59083 MiB, 100 %, 570.88 W
2026/09/21 02:08:35.279, 0, NVIDIA RTX PRO 6000 Blackwell Server Edition, 59083 MiB, 100 %, 564.47 W
2026/09/21 02:08:36.279, 0, NVIDIA RTX PRO 6000 Blackwell Server Edition, 59083 MiB, 100 %, 570.97 W
2026/09/21 02:08:37.279, 0, NVIDIA RTX PRO 6000 Blackwell Server Edition, 62895 MiB, 95 %, 545.59 W
2026/09/21 02:08:38.279, 0, NVIDIA RTX PRO 6000 Blackwell Server Edition, 41201 MiB, 4 %, 99.29 W
2026/09/21 02:08:39.280, 0, NVIDIA RTX PRO 6000 Blackwell Server Edition, 49583 MiB, 19 %, 98.67 W
2026/09/21 02:08:40.280, 0, NVIDIA RTX PRO 6000 Blackwell Server Edition, 59591 MiB, 18 %, 97.88 W
2026/09/21 02:08:41.280, 0, NVIDIA RTX PRO 6000 Blackwell Server Edition, 38685 MiB, 24 %, 134.69 W
2026/09/21 02:08:42.280, 0, NVIDIA RTX PRO 6000 Blackwell Server Edition, 43247 MiB, 1 %, 94.77 W
2026/09/21 02:08:43.280, 0, NVIDIA RTX PRO 6000 Blackwell Server Edition, 39057 MiB, 6 %, 109.97 W
2026/09/21 02:08:44.280, 0, NVIDIA RTX PRO 6000 Blackwell Server Edition, 39413 MiB, 98 %, 352.69 W
2026/09/21 02:08:45.280, 0, NVIDIA RTX PRO 6000 Blackwell Server Edition, 39413 MiB, 98 %, 571.67 W
2026/09/21 02:08:46.281, 0, NVIDIA RTX PRO 6000 Blackwell Server Edition, 39413 MiB, 98 %, 573.19 W
2026/09/21 02:08:47.281, 0, NVIDIA RTX PRO 6000 Blackwell Server Edition, 39413 MiB, 100 %, 573.42 W
2026/09/21 02:08:48.281, 0, NVIDIA RTX PRO 6000 Blackwell Server Edition, 38793 MiB, 0 %, 251.67 W
2026/09/21 02:08:49.281, 0, NVIDIA RTX PRO 6000 Blackwell Server Edition, 42843 MiB, 100 %, 420.45 W
2026/09/21 02:08:50.281, 0, NVIDIA RTX PRO 6000 Blackwell Server Edition, 42843 MiB, 100 %, 601.11 W
2026/09/21 02:08:51.281, 0, NVIDIA RTX PRO 6000 Blackwell Server Edition, 42843 MiB, 100 %, 599.34 W
2026/09/21 02:08:52.281, 0, NVIDIA RTX PRO 6000 Blackwell Server Edition, 42843 MiB, 100 %, 598.62 W
2026/09/21 02:08:53.282, 0, NVIDIA RTX PRO 6000 Blackwell Server Edition, 42843 MiB, 100 %, 602.22 W
2026/09/21 02:08:54.282, 0, NVIDIA RTX PRO 6000 Blackwell Server Edition, 42843 MiB, 100 %, 601.58 W
2026/09/21 02:08:55.282, 0, NVIDIA RTX PRO 6000 Blackwell Server Edition, 42843 MiB, 100 %, 603.06 W
2026/09/21 02:08:56.282, 0, NVIDIA RTX PRO 6000 Blackwell Server Edition, 40731 MiB, 0 %, 240.67 W
2026/09/21 02:08:57.282, 0, NVIDIA RTX PRO 6000 Blackwell Server Edition, 59083 MiB, 100 %, 539.18 W
2026/09/21 02:08:58.282, 0, NVIDIA RTX PRO 6000 Blackwell Server Edition, 59083 MiB, 100 %, 565.50 W
2026/09/21 02:08:59.282, 0, NVIDIA RTX PRO 6000 Blackwell Server Edition, 59083 MiB, 100 %, 572.37 W
2026/09/21 02:09:00.283, 0, NVIDIA RTX PRO 6000 Blackwell Server Edition, 59083 MiB, 100 %, 568.90 W
2026/09/21 02:09:01.283, 0, NVIDIA RTX PRO 6000 Blackwell Server Edition, 59083 MiB, 100 %, 565.19 W
2026/09/21 02:09:02.283, 0, NVIDIA RTX PRO 6000 Blackwell Server Edition, 59083 MiB, 100 %, 570.12 W
2026/09/21 02:09:03.283, 0, NVIDIA RTX PRO 6000 Blackwell Server Edition, 59083 MiB, 100 %, 564.43 W
2026/09/21 02:09:04.283, 0, NVIDIA RTX PRO 6000 Blackwell Server Edition, 59083 MiB, 100 %, 569.04 W
2026/09/21 02:09:05.283, 0, NVIDIA RTX PRO 6000 Blackwell Server Edition, 39281 MiB, 29 %, 404.12 W
2026/09/21 02:09:06.283, 0, NVIDIA RTX PRO 6000 Blackwell Server Edition, 43451 MiB, 17 %, 97.26 W
2026/09/21 02:09:07.284, 0, NVIDIA RTX PRO 6000 Blackwell Server Edition, 53675 MiB, 20 %, 98.37 W
2026/09/21 02:09:08.284, 0, NVIDIA RTX PRO 6000 Blackwell Server Edition, 61313 MiB, 0 %, 96.82 W
2026/09/21 02:09:09.284, 0, NVIDIA RTX PRO 6000 Blackwell Server Edition, 41615 MiB, 19 %, 134.78 W
2026/09/21 02:09:10.284, 0, NVIDIA RTX PRO 6000 Blackwell Server Edition, 46191 MiB, 8 %, 94.15 W
2026/09/21 02:09:11.284, 0, NVIDIA RTX PRO 6000 Blackwell Server Edition, 39411 MiB, 31 %, 128.77 W
2026/09/21 02:09:12.285, 0, NVIDIA RTX PRO 6000 Blackwell Server Edition, 39413 MiB, 98 %, 568.65 W
2026/09/21 02:09:13.285, 0, NVIDIA RTX PRO 6000 Blackwell Server Edition, 39413 MiB, 99 %, 570.90 W
2026/09/21 02:09:14.285, 0, NVIDIA RTX PRO 6000 Blackwell Server Edition, 39413 MiB, 100 %, 574.69 W
2026/09/21 02:09:15.285, 0, NVIDIA RTX PRO 6000 Blackwell Server Edition, 40615 MiB, 15 %, 487.54 W
2026/09/21 02:09:16.285, 0, NVIDIA RTX PRO 6000 Blackwell Server Edition, 42843 MiB, 83 %, 158.19 W
2026/09/21 02:09:17.285, 0, NVIDIA RTX PRO 6000 Blackwell Server Edition, 42843 MiB, 100 %, 598.12 W
2026/09/21 02:09:18.285, 0, NVIDIA RTX PRO 6000 Blackwell Server Edition, 42843 MiB, 100 %, 599.81 W
2026/09/21 02:09:19.285, 0, NVIDIA RTX PRO 6000 Blackwell Server Edition, 42843 MiB, 100 %, 600.01 W
2026/09/21 02:09:20.286, 0, NVIDIA RTX PRO 6000 Blackwell Server Edition, 42843 MiB, 100 %, 601.98 W
2026/09/21 02:09:21.286, 0, NVIDIA RTX PRO 6000 Blackwell Server Edition, 42843 MiB, 100 %, 600.87 W
2026/09/21 02:09:22.287, 0, NVIDIA RTX PRO 6000 Blackwell Server Edition, 42843 MiB, 100 %, 601.71 W
2026/09/21 02:09:23.288, 0, NVIDIA RTX PRO 6000 Blackwell Server Edition, 42903 MiB, 8 %, 497.67 W
2026/09/21 02:09:24.288, 0, NVIDIA RTX PRO 6000 Blackwell Server Edition, 59083 MiB, 100 %, 298.45 W
2026/09/21 02:09:25.288, 0, NVIDIA RTX PRO 6000 Blackwell Server Edition, 59083 MiB, 100 %, 565.78 W
2026/09/21 02:09:26.288, 0, NVIDIA RTX PRO 6000 Blackwell Server Edition, 59083 MiB, 100 %, 567.56 W
2026/09/21 02:09:27.288, 0, NVIDIA RTX PRO 6000 Blackwell Server Edition, 59083 MiB, 100 %, 568.13 W
2026/09/21 02:09:28.288, 0, NVIDIA RTX PRO 6000 Blackwell Server Edition, 59083 MiB, 100 %, 569.22 W
2026/09/21 02:09:29.288, 0, NVIDIA RTX PRO 6000 Blackwell Server Edition, 59083 MiB, 100 %, 567.47 W
2026/09/21 02:09:30.289, 0, NVIDIA RTX PRO 6000 Blackwell Server Edition, 59083 MiB, 100 %, 569.01 W
2026/09/21 02:09:31.289, 0, NVIDIA RTX PRO 6000 Blackwell Server Edition, 59083 MiB, 100 %, 566.83 W
2026/09/21 02:09:32.289, 0, NVIDIA RTX PRO 6000 Blackwell Server Edition, 59083 MiB, 100 %, 570.07 W
2026/09/21 02:09:33.289, 0, NVIDIA RTX PRO 6000 Blackwell Server Edition, 39281 MiB, 0 %, 208.93 W
2026/09/21 02:09:34.289, 0, NVIDIA RTX PRO 6000 Blackwell Server Edition, 46723 MiB, 17 %, 97.83 W
2026/09/21 02:09:35.289, 0, NVIDIA RTX PRO 6000 Blackwell Server Edition, 56931 MiB, 19 %, 97.85 W
2026/09/21 02:09:36.290, 0, NVIDIA RTX PRO 6000 Blackwell Server Edition, 61809 MiB, 13 %, 132.44 W
2026/09/21 02:09:37.290, 0, NVIDIA RTX PRO 6000 Blackwell Server Edition, 42511 MiB, 0 %, 97.50 W
2026/09/21 02:09:38.290, 0, NVIDIA RTX PRO 6000 Blackwell Server Edition, 39057 MiB, 0 %, 110.20 W
2026/09/21 02:09:39.293, 0, NVIDIA RTX PRO 6000 Blackwell Server Edition, 39411 MiB, 100 %, 260.56 W
2026/09/21 02:09:40.293, 0, NVIDIA RTX PRO 6000 Blackwell Server Edition, 39413 MiB, 100 %, 571.45 W
2026/09/21 02:09:41.293, 0, NVIDIA RTX PRO 6000 Blackwell Server Edition, 39413 MiB, 100 %, 571.84 W
2026/09/21 02:09:42.294, 0, NVIDIA RTX PRO 6000 Blackwell Server Edition, 39413 MiB, 100 %, 573.70 W
2026/09/21 02:09:43.294, 0, NVIDIA RTX PRO 6000 Blackwell Server Edition, 39381 MiB, 0 %, 347.43 W
2026/09/21 02:09:44.294, 0, NVIDIA RTX PRO 6000 Blackwell Server Edition, 42843 MiB, 100 %, 302.04 W
2026/09/21 02:09:45.294, 0, NVIDIA RTX PRO 6000 Blackwell Server Edition, 42843 MiB, 100 %, 599.44 W
2026/09/21 02:09:46.294, 0, NVIDIA RTX PRO 6000 Blackwell Server Edition, 42843 MiB, 99 %, 600.96 W
2026/09/21 02:09:47.295, 0, NVIDIA RTX PRO 6000 Blackwell Server Edition, 42843 MiB, 100 %, 601.28 W
2026/09/21 02:09:48.295, 0, NVIDIA RTX PRO 6000 Blackwell Server Edition, 42843 MiB, 100 %, 600.67 W
2026/09/21 02:09:49.295, 0, NVIDIA RTX PRO 6000 Blackwell Server Edition, 42843 MiB, 100 %, 599.91 W
2026/09/21 02:09:50.295, 0, NVIDIA RTX PRO 6000 Blackwell Server Edition, 42843 MiB, 100 %, 602.88 W
2026/09/21 02:09:51.295, 0, NVIDIA RTX PRO 6000 Blackwell Server Edition, 39337 MiB, 0 %, 346.45 W
2026/09/21 02:09:52.295, 0, NVIDIA RTX PRO 6000 Blackwell Server Edition, 59083 MiB, 100 %, 439.68 W
2026/09/21 02:09:53.296, 0, NVIDIA RTX PRO 6000 Blackwell Server Edition, 59083 MiB, 100 %, 567.79 W
2026/09/21 02:09:54.296, 0, NVIDIA RTX PRO 6000 Blackwell Server Edition, 59083 MiB, 100 %, 567.71 W
2026/09/21 02:09:55.296, 0, NVIDIA RTX PRO 6000 Blackwell Server Edition, 59083 MiB, 100 %, 569.74 W
2026/09/21 02:09:56.296, 0, NVIDIA RTX PRO 6000 Blackwell Server Edition, 59083 MiB, 100 %, 568.15 W
2026/09/21 02:09:57.296, 0, NVIDIA RTX PRO 6000 Blackwell Server Edition, 59083 MiB, 100 %, 566.71 W
2026/09/21 02:09:58.296, 0, NVIDIA RTX PRO 6000 Blackwell Server Edition, 59083 MiB, 100 %, 570.95 W
2026/09/21 02:09:59.297, 0, NVIDIA RTX PRO 6000 Blackwell Server Edition, 59083 MiB, 100 %, 567.62 W
2026/09/21 02:10:00.297, 0, NVIDIA RTX PRO 6000 Blackwell Server Edition, 62895 MiB, 25 %, 500.71 W
2026/09/21 02:10:01.297, 0, NVIDIA RTX PRO 6000 Blackwell Server Edition, 41201 MiB, 36 %, 99.86 W
2026/09/21 02:10:02.297, 0, NVIDIA RTX PRO 6000 Blackwell Server Edition, 51027 MiB, 18 %, 98.35 W
2026/09/21 02:10:03.297, 0, NVIDIA RTX PRO 6000 Blackwell Server Edition, 61213 MiB, 20 %, 97.51 W
2026/09/21 02:10:04.298, 0, NVIDIA RTX PRO 6000 Blackwell Server Edition, 39145 MiB, 0 %, 133.00 W
2026/09/21 02:10:05.298, 0, NVIDIA RTX PRO 6000 Blackwell Server Edition, 43247 MiB, 0 %, 94.45 W
2026/09/21 02:10:06.298, 0, NVIDIA RTX PRO 6000 Blackwell Server Edition, 39169 MiB, 7 %, 110.91 W
2026/09/21 02:10:07.298, 0, NVIDIA RTX PRO 6000 Blackwell Server Edition, 39413 MiB, 100 %, 472.39 W
2026/09/21 02:10:08.298, 0, NVIDIA RTX PRO 6000 Blackwell Server Edition, 39413 MiB, 100 %, 574.40 W
2026/09/21 02:10:09.298, 0, NVIDIA RTX PRO 6000 Blackwell Server Edition, 39413 MiB, 100 %, 574.12 W
2026/09/21 02:10:10.299, 0, NVIDIA RTX PRO 6000 Blackwell Server Edition, 39413 MiB, 100 %, 572.58 W
2026/09/21 02:10:11.299, 0, NVIDIA RTX PRO 6000 Blackwell Server Edition, 38847 MiB, 6 %, 137.88 W
2026/09/21 02:10:12.299, 0, NVIDIA RTX PRO 6000 Blackwell Server Edition, 42843 MiB, 100 %, 545.44 W
2026/09/21 02:10:13.299, 0, NVIDIA RTX PRO 6000 Blackwell Server Edition, 42843 MiB, 100 %, 600.74 W
2026/09/21 02:10:14.299, 0, NVIDIA RTX PRO 6000 Blackwell Server Edition, 42843 MiB, 100 %, 599.66 W
2026/09/21 02:10:15.299, 0, NVIDIA RTX PRO 6000 Blackwell Server Edition, 42843 MiB, 100 %, 603.35 W
2026/09/21 02:10:16.299, 0, NVIDIA RTX PRO 6000 Blackwell Server Edition, 42843 MiB, 100 %, 598.57 W
2026/09/21 02:10:17.300, 0, NVIDIA RTX PRO 6000 Blackwell Server Edition, 42843 MiB, 100 %, 603.70 W
2026/09/21 02:10:18.300, 0, NVIDIA RTX PRO 6000 Blackwell Server Edition, 42843 MiB, 100 %, 593.64 W
2026/09/21 02:10:19.300, 0, NVIDIA RTX PRO 6000 Blackwell Server Edition, 56683 MiB, 100 %, 240.19 W
2026/09/21 02:10:20.301, 0, NVIDIA RTX PRO 6000 Blackwell Server Edition, 59083 MiB, 100 %, 535.33 W
2026/09/21 02:10:21.301, 0, NVIDIA RTX PRO 6000 Blackwell Server Edition, 59083 MiB, 100 %, 564.96 W
2026/09/21 02:10:22.301, 0, NVIDIA RTX PRO 6000 Blackwell Server Edition, 59083 MiB, 100 %, 567.22 W
2026/09/21 02:10:23.301, 0, NVIDIA RTX PRO 6000 Blackwell Server Edition, 59083 MiB, 100 %, 568.24 W
2026/09/21 02:10:24.301, 0, NVIDIA RTX PRO 6000 Blackwell Server Edition, 59083 MiB, 100 %, 567.42 W
2026/09/21 02:10:25.301, 0, NVIDIA RTX PRO 6000 Blackwell Server Edition, 59083 MiB, 100 %, 569.94 W
2026/09/21 02:10:26.302, 0, NVIDIA RTX PRO 6000 Blackwell Server Edition, 59083 MiB, 100 %, 566.61 W
2026/09/21 02:10:27.302, 0, NVIDIA RTX PRO 6000 Blackwell Server Edition, 59083 MiB, 100 %, 570.69 W
2026/09/21 02:10:28.302, 0, NVIDIA RTX PRO 6000 Blackwell Server Edition, 39281 MiB, 0 %, 347.32 W
2026/09/21 02:10:29.302, 0, NVIDIA RTX PRO 6000 Blackwell Server Edition, 41201 MiB, 0 %, 96.21 W
2026/09/21 02:10:30.302, 0, NVIDIA RTX PRO 6000 Blackwell Server Edition, 50479 MiB, 19 %, 97.69 W
2026/09/21 02:10:31.303, 0, NVIDIA RTX PRO 6000 Blackwell Server Edition, 60703 MiB, 18 %, 97.44 W
2026/09/21 02:10:32.303, 0, NVIDIA RTX PRO 6000 Blackwell Server Edition, 38685 MiB, 30 %, 132.43 W
2026/09/21 02:10:33.303, 0, NVIDIA RTX PRO 6000 Blackwell Server Edition, 43247 MiB, 14 %, 94.37 W
2026/09/21 02:10:34.303, 0, NVIDIA RTX PRO 6000 Blackwell Server Edition, 39169 MiB, 0 %, 110.03 W
2026/09/21 02:10:35.303, 0, NVIDIA RTX PRO 6000 Blackwell Server Edition, 39413 MiB, 100 %, 425.00 W
2026/09/21 02:10:36.303, 0, NVIDIA RTX PRO 6000 Blackwell Server Edition, 39413 MiB, 100 %, 570.38 W
2026/09/21 02:10:37.304, 0, NVIDIA RTX PRO 6000 Blackwell Server Edition, 39413 MiB, 100 %, 571.90 W
2026/09/21 02:10:38.304, 0, NVIDIA RTX PRO 6000 Blackwell Server Edition, 39413 MiB, 100 %, 573.39 W
2026/09/21 02:10:39.304, 0, NVIDIA RTX PRO 6000 Blackwell Server Edition, 38847 MiB, 5 %, 182.65 W
2026/09/21 02:10:40.304, 0, NVIDIA RTX PRO 6000 Blackwell Server Edition, 42843 MiB, 100 %, 508.46 W
2026/09/21 02:10:41.304, 0, NVIDIA RTX PRO 6000 Blackwell Server Edition, 42843 MiB, 100 %, 604.07 W
2026/09/21 02:10:42.305, 0, NVIDIA RTX PRO 6000 Blackwell Server Edition, 42843 MiB, 100 %, 599.90 W
2026/09/21 02:10:43.305, 0, NVIDIA RTX PRO 6000 Blackwell Server Edition, 42843 MiB, 100 %, 599.32 W
2026/09/21 02:10:44.305, 0, NVIDIA RTX PRO 6000 Blackwell Server Edition, 42843 MiB, 100 %, 599.00 W
2026/09/21 02:10:45.305, 0, NVIDIA RTX PRO 6000 Blackwell Server Edition, 42843 MiB, 100 %, 601.27 W
2026/09/21 02:10:46.305, 0, NVIDIA RTX PRO 6000 Blackwell Server Edition, 42843 MiB, 100 %, 599.21 W
2026/09/21 02:10:47.306, 0, NVIDIA RTX PRO 6000 Blackwell Server Edition, 58283 MiB, 78 %, 245.49 W
2026/09/21 02:10:48.306, 0, NVIDIA RTX PRO 6000 Blackwell Server Edition, 59083 MiB, 100 %, 531.26 W
2026/09/21 02:10:49.306, 0, NVIDIA RTX PRO 6000 Blackwell Server Edition, 59083 MiB, 100 %, 564.70 W
2026/09/21 02:10:50.306, 0, NVIDIA RTX PRO 6000 Blackwell Server Edition, 59083 MiB, 100 %, 570.56 W
2026/09/21 02:10:51.306, 0, NVIDIA RTX PRO 6000 Blackwell Server Edition, 59083 MiB, 100 %, 570.17 W
2026/09/21 02:10:52.307, 0, NVIDIA RTX PRO 6000 Blackwell Server Edition, 59083 MiB, 100 %, 565.09 W
2026/09/21 02:10:53.307, 0, NVIDIA RTX PRO 6000 Blackwell Server Edition, 59083 MiB, 100 %, 568.52 W
2026/09/21 02:10:54.307, 0, NVIDIA RTX PRO 6000 Blackwell Server Edition, 59083 MiB, 100 %, 570.36 W
2026/09/21 02:10:55.307, 0, NVIDIA RTX PRO 6000 Blackwell Server Edition, 59083 MiB, 100 %, 566.79 W
2026/09/21 02:10:56.308, 0, NVIDIA RTX PRO 6000 Blackwell Server Edition, 39281 MiB, 18 %, 337.01 W
2026/09/21 02:10:57.308, 0, NVIDIA RTX PRO 6000 Blackwell Server Edition, 44941 MiB, 18 %, 97.22 W
2026/09/21 02:10:58.308, 0, NVIDIA RTX PRO 6000 Blackwell Server Edition, 55053 MiB, 18 %, 98.01 W
2026/09/21 02:10:59.308, 0, NVIDIA RTX PRO 6000 Blackwell Server Edition, 61809 MiB, 0 %, 106.70 W
2026/09/21 02:11:00.308, 0, NVIDIA RTX PRO 6000 Blackwell Server Edition, 42511 MiB, 20 %, 130.35 W
2026/09/21 02:11:01.308, 0, NVIDIA RTX PRO 6000 Blackwell Server Edition, 46191 MiB, 27 %, 109.56 W
2026/09/21 02:11:02.309, 0, NVIDIA RTX PRO 6000 Blackwell Server Edition, 39411 MiB, 66 %, 183.80 W
2026/09/21 02:11:03.309, 0, NVIDIA RTX PRO 6000 Blackwell Server Edition, 39413 MiB, 99 %, 572.30 W
2026/09/21 02:11:04.309, 0, NVIDIA RTX PRO 6000 Blackwell Server Edition, 39413 MiB, 100 %, 572.25 W
2026/09/21 02:11:05.309, 0, NVIDIA RTX PRO 6000 Blackwell Server Edition, 39413 MiB, 100 %, 571.30 W
2026/09/21 02:11:06.309, 0, NVIDIA RTX PRO 6000 Blackwell Server Edition, 40615 MiB, 14 %, 424.69 W
2026/09/21 02:11:07.309, 0, NVIDIA RTX PRO 6000 Blackwell Server Edition, 42843 MiB, 100 %, 230.25 W
2026/09/21 02:11:08.310, 0, NVIDIA RTX PRO 6000 Blackwell Server Edition, 42843 MiB, 100 %, 598.91 W
2026/09/21 02:11:09.310, 0, NVIDIA RTX PRO 6000 Blackwell Server Edition, 42843 MiB, 100 %, 600.16 W
2026/09/21 02:11:10.310, 0, NVIDIA RTX PRO 6000 Blackwell Server Edition, 42843 MiB, 100 %, 601.55 W
2026/09/21 02:11:11.310, 0, NVIDIA RTX PRO 6000 Blackwell Server Edition, 42843 MiB, 100 %, 602.71 W
2026/09/21 02:11:12.310, 0, NVIDIA RTX PRO 6000 Blackwell Server Edition, 42843 MiB, 100 %, 595.93 W
2026/09/21 02:11:13.310, 0, NVIDIA RTX PRO 6000 Blackwell Server Edition, 42843 MiB, 100 %, 602.22 W
2026/09/21 02:11:14.310, 0, NVIDIA RTX PRO 6000 Blackwell Server Edition, 42903 MiB, 21 %, 419.15 W
2026/09/21 02:11:15.311, 0, NVIDIA RTX PRO 6000 Blackwell Server Edition, 59083 MiB, 100 %, 346.72 W
2026/09/21 02:11:16.311, 0, NVIDIA RTX PRO 6000 Blackwell Server Edition, 59083 MiB, 100 %, 566.86 W
2026/09/21 02:11:17.311, 0, NVIDIA RTX PRO 6000 Blackwell Server Edition, 59083 MiB, 100 %, 566.92 W
2026/09/21 02:11:18.311, 0, NVIDIA RTX PRO 6000 Blackwell Server Edition, 59083 MiB, 100 %, 570.92 W
2026/09/21 02:11:19.311, 0, NVIDIA RTX PRO 6000 Blackwell Server Edition, 59083 MiB, 100 %, 570.60 W
2026/09/21 02:11:20.311, 0, NVIDIA RTX PRO 6000 Blackwell Server Edition, 59083 MiB, 100 %, 568.24 W
2026/09/21 02:11:21.311, 0, NVIDIA RTX PRO 6000 Blackwell Server Edition, 59083 MiB, 100 %, 569.05 W
2026/09/21 02:11:22.312, 0, NVIDIA RTX PRO 6000 Blackwell Server Edition, 59083 MiB, 100 %, 569.10 W
2026/09/21 02:11:23.312, 0, NVIDIA RTX PRO 6000 Blackwell Server Edition, 62895 MiB, 100 %, 565.71 W
2026/09/21 02:11:24.312, 0, NVIDIA RTX PRO 6000 Blackwell Server Edition, 39281 MiB, 0 %, 126.51 W
2026/09/21 02:11:25.312, 0, NVIDIA RTX PRO 6000 Blackwell Server Edition, 49279 MiB, 20 %, 98.42 W
2026/09/21 02:11:26.312, 0, NVIDIA RTX PRO 6000 Blackwell Server Edition, 59477 MiB, 18 %, 97.76 W
2026/09/21 02:11:27.312, 0, NVIDIA RTX PRO 6000 Blackwell Server Edition, 38685 MiB, 2 %, 133.77 W
2026/09/21 02:11:28.312, 0, NVIDIA RTX PRO 6000 Blackwell Server Edition, 43247 MiB, 2 %, 94.57 W
2026/09/21 02:11:29.313, 0, NVIDIA RTX PRO 6000 Blackwell Server Edition, 39061 MiB, 1 %, 109.96 W
2026/09/21 02:11:30.313, 0, NVIDIA RTX PRO 6000 Blackwell Server Edition, 39413 MiB, 98 %, 403.82 W
2026/09/21 02:11:31.313, 0, NVIDIA RTX PRO 6000 Blackwell Server Edition, 39413 MiB, 98 %, 570.52 W
2026/09/21 02:11:32.313, 0, NVIDIA RTX PRO 6000 Blackwell Server Edition, 39413 MiB, 98 %, 572.01 W
2026/09/21 02:11:33.313, 0, NVIDIA RTX PRO 6000 Blackwell Server Edition, 39413 MiB, 100 %, 576.25 W
2026/09/21 02:11:34.313, 0, NVIDIA RTX PRO 6000 Blackwell Server Edition, 38847 MiB, 0 %, 209.09 W
2026/09/21 02:11:35.314, 0, NVIDIA RTX PRO 6000 Blackwell Server Edition, 42843 MiB, 100 %, 473.75 W
2026/09/21 02:11:36.314, 0, NVIDIA RTX PRO 6000 Blackwell Server Edition, 42843 MiB, 100 %, 601.34 W
2026/09/21 02:11:37.314, 0, NVIDIA RTX PRO 6000 Blackwell Server Edition, 42843 MiB, 100 %, 599.18 W
2026/09/21 02:11:38.314, 0, NVIDIA RTX PRO 6000 Blackwell Server Edition, 42843 MiB, 100 %, 603.18 W
2026/09/21 02:11:39.314, 0, NVIDIA RTX PRO 6000 Blackwell Server Edition, 42843 MiB, 100 %, 600.42 W
2026/09/21 02:11:40.314, 0, NVIDIA RTX PRO 6000 Blackwell Server Edition, 42843 MiB, 100 %, 600.25 W
2026/09/21 02:11:41.314, 0, NVIDIA RTX PRO 6000 Blackwell Server Edition, 42843 MiB, 100 %, 600.85 W
2026/09/21 02:11:42.315, 0, NVIDIA RTX PRO 6000 Blackwell Server Edition, 40731 MiB, 0 %, 248.71 W
2026/09/21 02:11:43.315, 0, NVIDIA RTX PRO 6000 Blackwell Server Edition, 59083 MiB, 100 %, 519.15 W
2026/09/21 02:11:44.315, 0, NVIDIA RTX PRO 6000 Blackwell Server Edition, 59083 MiB, 100 %, 565.28 W
2026/09/21 02:11:45.315, 0, NVIDIA RTX PRO 6000 Blackwell Server Edition, 59083 MiB, 100 %, 573.99 W
2026/09/21 02:11:46.315, 0, NVIDIA RTX PRO 6000 Blackwell Server Edition, 59083 MiB, 100 %, 566.48 W
2026/09/21 02:11:47.315, 0, NVIDIA RTX PRO 6000 Blackwell Server Edition, 59083 MiB, 100 %, 573.73 W
2026/09/21 02:11:48.315, 0, NVIDIA RTX PRO 6000 Blackwell Server Edition, 59083 MiB, 100 %, 567.57 W
2026/09/21 02:11:49.315, 0, NVIDIA RTX PRO 6000 Blackwell Server Edition, 59083 MiB, 100 %, 568.98 W
2026/09/21 02:11:50.316, 0, NVIDIA RTX PRO 6000 Blackwell Server Edition, 59083 MiB, 100 %, 570.76 W
2026/09/21 02:11:51.316, 0, NVIDIA RTX PRO 6000 Blackwell Server Edition, 39281 MiB, 44 %, 352.48 W
2026/09/21 02:11:52.316, 0, NVIDIA RTX PRO 6000 Blackwell Server Edition, 43223 MiB, 17 %, 96.97 W
2026/09/21 02:11:53.316, 0, NVIDIA RTX PRO 6000 Blackwell Server Edition, 53257 MiB, 18 %, 98.05 W
2026/09/21 02:11:54.316, 0, NVIDIA RTX PRO 6000 Blackwell Server Edition, 61313 MiB, 6 %, 96.64 W
2026/09/21 02:11:55.316, 0, NVIDIA RTX PRO 6000 Blackwell Server Edition, 40845 MiB, 13 %, 132.81 W
2026/09/21 02:11:56.316, 0, NVIDIA RTX PRO 6000 Blackwell Server Edition, 44719 MiB, 4 %, 93.79 W
2026/09/21 02:11:57.316, 0, NVIDIA RTX PRO 6000 Blackwell Server Edition, 39411 MiB, 0 %, 135.88 W
2026/09/21 02:11:58.317, 0, NVIDIA RTX PRO 6000 Blackwell Server Edition, 39413 MiB, 99 %, 569.02 W
2026/09/21 02:11:59.317, 0, NVIDIA RTX PRO 6000 Blackwell Server Edition, 39413 MiB, 98 %, 572.59 W
2026/09/21 02:12:00.317, 0, NVIDIA RTX PRO 6000 Blackwell Server Edition, 39413 MiB, 98 %, 576.07 W
2026/09/21 02:12:01.317, 0, NVIDIA RTX PRO 6000 Blackwell Server Edition, 39917 MiB, 13 %, 475.98 W
2026/09/21 02:12:02.317, 0, NVIDIA RTX PRO 6000 Blackwell Server Edition, 42843 MiB, 59 %, 189.90 W
2026/09/21 02:12:03.317, 0, NVIDIA RTX PRO 6000 Blackwell Server Edition, 42843 MiB, 100 %, 601.17 W
2026/09/21 02:12:04.317, 0, NVIDIA RTX PRO 6000 Blackwell Server Edition, 42843 MiB, 100 %, 601.25 W
2026/09/21 02:12:05.317, 0, NVIDIA RTX PRO 6000 Blackwell Server Edition, 42843 MiB, 100 %, 598.38 W
2026/09/21 02:12:06.318, 0, NVIDIA RTX PRO 6000 Blackwell Server Edition, 42843 MiB, 100 %, 602.15 W
2026/09/21 02:12:07.318, 0, NVIDIA RTX PRO 6000 Blackwell Server Edition, 42843 MiB, 100 %, 599.89 W
2026/09/21 02:12:08.318, 0, NVIDIA RTX PRO 6000 Blackwell Server Edition, 42843 MiB, 100 %, 601.80 W
2026/09/21 02:12:09.318, 0, NVIDIA RTX PRO 6000 Blackwell Server Edition, 42903 MiB, 9 %, 509.93 W
2026/09/21 02:12:10.318, 0, NVIDIA RTX PRO 6000 Blackwell Server Edition, 59083 MiB, 100 %, 293.04 W
2026/09/21 02:12:11.318, 0, NVIDIA RTX PRO 6000 Blackwell Server Edition, 59083 MiB, 100 %, 558.80 W
2026/09/21 02:12:12.319, 0, NVIDIA RTX PRO 6000 Blackwell Server Edition, 59083 MiB, 100 %, 569.39 W
2026/09/21 02:12:13.319, 0, NVIDIA RTX PRO 6000 Blackwell Server Edition, 59083 MiB, 100 %, 566.98 W
2026/09/21 02:12:14.319, 0, NVIDIA RTX PRO 6000 Blackwell Server Edition, 59083 MiB, 100 %, 566.78 W
2026/09/21 02:12:15.319, 0, NVIDIA RTX PRO 6000 Blackwell Server Edition, 59083 MiB, 100 %, 570.58 W
2026/09/21 02:12:16.319, 0, NVIDIA RTX PRO 6000 Blackwell Server Edition, 59083 MiB, 100 %, 567.42 W
2026/09/21 02:12:17.320, 0, NVIDIA RTX PRO 6000 Blackwell Server Edition, 59083 MiB, 100 %, 569.33 W
2026/09/21 02:12:18.320, 0, NVIDIA RTX PRO 6000 Blackwell Server Edition, 59083 MiB, 100 %, 571.07 W
2026/09/21 02:12:19.320, 0, NVIDIA RTX PRO 6000 Blackwell Server Edition, 39281 MiB, 0 %, 155.85 W
2026/09/21 02:12:20.350, 0, NVIDIA RTX PRO 6000 Blackwell Server Edition, 47385 MiB, 18 %, 98.07 W
2026/09/21 02:12:21.350, 0, NVIDIA RTX PRO 6000 Blackwell Server Edition, 57045 MiB, 18 %, 97.47 W
2026/09/21 02:12:22.351, 0, NVIDIA RTX PRO 6000 Blackwell Server Edition, 61809 MiB, 51 %, 132.35 W
2026/09/21 02:12:23.351, 0, NVIDIA RTX PRO 6000 Blackwell Server Edition, 42511 MiB, 2 %, 97.39 W
2026/09/21 02:12:24.351, 0, NVIDIA RTX PRO 6000 Blackwell Server Edition, 39057 MiB, 0 %, 110.01 W
2026/09/21 02:12:25.351, 0, NVIDIA RTX PRO 6000 Blackwell Server Edition, 39411 MiB, 100 %, 302.40 W
2026/09/21 02:12:26.351, 0, NVIDIA RTX PRO 6000 Blackwell Server Edition, 39413 MiB, 100 %, 572.98 W
2026/09/21 02:12:27.352, 0, NVIDIA RTX PRO 6000 Blackwell Server Edition, 39413 MiB, 100 %, 570.14 W
2026/09/21 02:12:28.352, 0, NVIDIA RTX PRO 6000 Blackwell Server Edition, 39413 MiB, 100 %, 571.32 W
2026/09/21 02:12:29.352, 0, NVIDIA RTX PRO 6000 Blackwell Server Edition, 39381 MiB, 0 %, 312.37 W
2026/09/21 02:12:30.352, 0, NVIDIA RTX PRO 6000 Blackwell Server Edition, 42843 MiB, 100 %, 338.79 W
2026/09/21 02:12:31.352, 0, NVIDIA RTX PRO 6000 Blackwell Server Edition, 42843 MiB, 100 %, 600.30 W
2026/09/21 02:12:32.353, 0, NVIDIA RTX PRO 6000 Blackwell Server Edition, 42843 MiB, 99 %, 601.04 W
2026/09/21 02:12:33.353, 0, NVIDIA RTX PRO 6000 Blackwell Server Edition, 42843 MiB, 100 %, 599.52 W
2026/09/21 02:12:34.353, 0, NVIDIA RTX PRO 6000 Blackwell Server Edition, 42843 MiB, 100 %, 600.45 W
2026/09/21 02:12:35.353, 0, NVIDIA RTX PRO 6000 Blackwell Server Edition, 42843 MiB, 100 %, 596.97 W
2026/09/21 02:12:36.353, 0, NVIDIA RTX PRO 6000 Blackwell Server Edition, 42843 MiB, 100 %, 602.57 W
2026/09/21 02:12:37.354, 0, NVIDIA RTX PRO 6000 Blackwell Server Edition, 39337 MiB, 0 %, 321.97 W
2026/09/21 02:12:38.354, 0, NVIDIA RTX PRO 6000 Blackwell Server Edition, 59083 MiB, 100 %, 453.19 W
2026/09/21 02:12:39.354, 0, NVIDIA RTX PRO 6000 Blackwell Server Edition, 59083 MiB, 100 %, 572.42 W
2026/09/21 02:12:40.354, 0, NVIDIA RTX PRO 6000 Blackwell Server Edition, 59083 MiB, 100 %, 564.72 W
2026/09/21 02:12:41.354, 0, NVIDIA RTX PRO 6000 Blackwell Server Edition, 59083 MiB, 100 %, 567.04 W
2026/09/21 02:12:42.355, 0, NVIDIA RTX PRO 6000 Blackwell Server Edition, 59083 MiB, 100 %, 567.92 W
2026/09/21 02:12:43.355, 0, NVIDIA RTX PRO 6000 Blackwell Server Edition, 59083 MiB, 100 %, 567.08 W
2026/09/21 02:12:44.355, 0, NVIDIA RTX PRO 6000 Blackwell Server Edition, 59083 MiB, 100 %, 572.27 W
2026/09/21 02:12:45.355, 0, NVIDIA RTX PRO 6000 Blackwell Server Edition, 59083 MiB, 100 %, 566.85 W
2026/09/21 02:12:46.355, 0, NVIDIA RTX PRO 6000 Blackwell Server Edition, 62895 MiB, 48 %, 526.10 W
2026/09/21 02:12:47.356, 0, NVIDIA RTX PRO 6000 Blackwell Server Edition, 41201 MiB, 0 %, 99.01 W
2026/09/21 02:12:48.356, 0, NVIDIA RTX PRO 6000 Blackwell Server Edition, 50593 MiB, 18 %, 98.52 W
2026/09/21 02:12:49.356, 0, NVIDIA RTX PRO 6000 Blackwell Server Edition, 60779 MiB, 19 %, 97.60 W
2026/09/21 02:12:50.356, 0, NVIDIA RTX PRO 6000 Blackwell Server Edition, 38885 MiB, 0 %, 133.26 W
2026/09/21 02:12:51.356, 0, NVIDIA RTX PRO 6000 Blackwell Server Edition, 43247 MiB, 0 %, 94.58 W
2026/09/21 02:12:52.357, 0, NVIDIA RTX PRO 6000 Blackwell Server Edition, 39169 MiB, 4 %, 109.95 W
2026/09/21 02:12:53.357, 0, NVIDIA RTX PRO 6000 Blackwell Server Edition, 39413 MiB, 100 %, 449.49 W
2026/09/21 02:12:54.357, 0, NVIDIA RTX PRO 6000 Blackwell Server Edition, 39413 MiB, 100 %, 572.12 W
2026/09/21 02:12:55.357, 0, NVIDIA RTX PRO 6000 Blackwell Server Edition, 39413 MiB, 100 %, 573.25 W
2026/09/21 02:12:56.357, 0, NVIDIA RTX PRO 6000 Blackwell Server Edition, 39413 MiB, 100 %, 575.94 W
2026/09/21 02:12:57.358, 0, NVIDIA RTX PRO 6000 Blackwell Server Edition, 38847 MiB, 6 %, 152.50 W
2026/09/21 02:12:58.358, 0, NVIDIA RTX PRO 6000 Blackwell Server Edition, 42843 MiB, 100 %, 536.11 W
2026/09/21 02:12:59.358, 0, NVIDIA RTX PRO 6000 Blackwell Server Edition, 42843 MiB, 100 %, 602.14 W
2026/09/21 02:13:00.358, 0, NVIDIA RTX PRO 6000 Blackwell Server Edition, 42843 MiB, 100 %, 599.63 W
2026/09/21 02:13:01.358, 0, NVIDIA RTX PRO 6000 Blackwell Server Edition, 42843 MiB, 100 %, 603.02 W
2026/09/21 02:13:02.359, 0, NVIDIA RTX PRO 6000 Blackwell Server Edition, 42843 MiB, 100 %, 598.33 W
2026/09/21 02:13:03.359, 0, NVIDIA RTX PRO 6000 Blackwell Server Edition, 42843 MiB, 100 %, 600.20 W
2026/09/21 02:13:04.359, 0, NVIDIA RTX PRO 6000 Blackwell Server Edition, 42843 MiB, 100 %, 596.89 W
2026/09/21 02:13:05.359, 0, NVIDIA RTX PRO 6000 Blackwell Server Edition, 59083 MiB, 100 %, 237.69 W
2026/09/21 02:13:06.359, 0, NVIDIA RTX PRO 6000 Blackwell Server Edition, 59083 MiB, 100 %, 537.26 W
2026/09/21 02:13:07.360, 0, NVIDIA RTX PRO 6000 Blackwell Server Edition, 59083 MiB, 100 %, 571.29 W
2026/09/21 02:13:08.360, 0, NVIDIA RTX PRO 6000 Blackwell Server Edition, 59083 MiB, 100 %, 566.64 W
2026/09/21 02:13:09.360, 0, NVIDIA RTX PRO 6000 Blackwell Server Edition, 59083 MiB, 100 %, 569.77 W
2026/09/21 02:13:10.360, 0, NVIDIA RTX PRO 6000 Blackwell Server Edition, 59083 MiB, 100 %, 568.47 W
2026/09/21 02:13:11.360, 0, NVIDIA RTX PRO 6000 Blackwell Server Edition, 59083 MiB, 100 %, 568.20 W
2026/09/21 02:13:12.361, 0, NVIDIA RTX PRO 6000 Blackwell Server Edition, 59083 MiB, 100 %, 569.99 W
2026/09/21 02:13:13.361, 0, NVIDIA RTX PRO 6000 Blackwell Server Edition, 59083 MiB, 100 %, 565.43 W
2026/09/21 02:13:14.361, 0, NVIDIA RTX PRO 6000 Blackwell Server Edition, 39281 MiB, 0 %, 290.97 W
2026/09/21 02:13:15.361, 0, NVIDIA RTX PRO 6000 Blackwell Server Edition, 45535 MiB, 18 %, 97.26 W
2026/09/21 02:13:16.361, 0, NVIDIA RTX PRO 6000 Blackwell Server Edition, 55715 MiB, 20 %, 97.44 W
2026/09/21 02:13:17.362, 0, NVIDIA RTX PRO 6000 Blackwell Server Edition, 61809 MiB, 13 %, 131.08 W
2026/09/21 02:13:18.362, 0, NVIDIA RTX PRO 6000 Blackwell Server Edition, 42511 MiB, 20 %, 101.74 W
2026/09/21 02:13:19.362, 0, NVIDIA RTX PRO 6000 Blackwell Server Edition, 46191 MiB, 62 %, 109.00 W
2026/09/21 02:13:20.362, 0, NVIDIA RTX PRO 6000 Blackwell Server Edition, 39411 MiB, 100 %, 223.40 W
2026/09/21 02:13:21.362, 0, NVIDIA RTX PRO 6000 Blackwell Server Edition, 39413 MiB, 100 %, 571.57 W
2026/09/21 02:13:22.363, 0, NVIDIA RTX PRO 6000 Blackwell Server Edition, 39413 MiB, 100 %, 572.47 W
2026/09/21 02:13:23.363, 0, NVIDIA RTX PRO 6000 Blackwell Server Edition, 39413 MiB, 100 %, 573.14 W
2026/09/21 02:13:24.363, 0, NVIDIA RTX PRO 6000 Blackwell Server Edition, 40615 MiB, 34 %, 388.20 W
2026/09/21 02:13:25.363, 0, NVIDIA RTX PRO 6000 Blackwell Server Edition, 42843 MiB, 100 %, 262.20 W
2026/09/21 02:13:26.363, 0, NVIDIA RTX PRO 6000 Blackwell Server Edition, 42843 MiB, 100 %, 601.29 W
2026/09/21 02:13:27.364, 0, NVIDIA RTX PRO 6000 Blackwell Server Edition, 42843 MiB, 99 %, 601.09 W
2026/09/21 02:13:28.364, 0, NVIDIA RTX PRO 6000 Blackwell Server Edition, 42843 MiB, 100 %, 597.77 W
2026/09/21 02:13:29.364, 0, NVIDIA RTX PRO 6000 Blackwell Server Edition, 42843 MiB, 100 %, 602.49 W
2026/09/21 02:13:30.364, 0, NVIDIA RTX PRO 6000 Blackwell Server Edition, 42843 MiB, 100 %, 598.84 W
2026/09/21 02:13:31.364, 0, NVIDIA RTX PRO 6000 Blackwell Server Edition, 42843 MiB, 100 %, 602.08 W
2026/09/21 02:13:32.365, 0, NVIDIA RTX PRO 6000 Blackwell Server Edition, 42903 MiB, 0 %, 395.77 W
2026/09/21 02:13:33.365, 0, NVIDIA RTX PRO 6000 Blackwell Server Edition, 59083 MiB, 100 %, 376.75 W
2026/09/21 02:13:34.365, 0, NVIDIA RTX PRO 6000 Blackwell Server Edition, 59083 MiB, 100 %, 570.34 W
2026/09/21 02:13:35.365, 0, NVIDIA RTX PRO 6000 Blackwell Server Edition, 59083 MiB, 100 %, 564.86 W
2026/09/21 02:13:36.365, 0, NVIDIA RTX PRO 6000 Blackwell Server Edition, 59083 MiB, 100 %, 567.55 W
2026/09/21 02:13:37.365, 0, NVIDIA RTX PRO 6000 Blackwell Server Edition, 59083 MiB, 100 %, 568.73 W
2026/09/21 02:13:38.366, 0, NVIDIA RTX PRO 6000 Blackwell Server Edition, 59083 MiB, 100 %, 565.39 W
2026/09/21 02:13:39.366, 0, NVIDIA RTX PRO 6000 Blackwell Server Edition, 59083 MiB, 100 %, 568.60 W
2026/09/21 02:13:40.366, 0, NVIDIA RTX PRO 6000 Blackwell Server Edition, 59083 MiB, 100 %, 571.63 W
2026/09/21 02:13:41.366, 0, NVIDIA RTX PRO 6000 Blackwell Server Edition, 62895 MiB, 69 %, 550.80 W
2026/09/21 02:13:42.366, 0, NVIDIA RTX PRO 6000 Blackwell Server Edition, 41201 MiB, 0 %, 99.54 W
2026/09/21 02:13:43.366, 0, NVIDIA RTX PRO 6000 Blackwell Server Edition, 49903 MiB, 19 %, 98.40 W
2026/09/21 02:13:44.366, 0, NVIDIA RTX PRO 6000 Blackwell Server Edition, 60139 MiB, 19 %, 97.31 W
2026/09/21 02:13:45.366, 0, NVIDIA RTX PRO 6000 Blackwell Server Edition, 38685 MiB, 0 %, 133.58 W
2026/09/21 02:13:46.367, 0, NVIDIA RTX PRO 6000 Blackwell Server Edition, 43247 MiB, 7 %, 94.46 W
2026/09/21 02:13:47.367, 0, NVIDIA RTX PRO 6000 Blackwell Server Edition, 39057 MiB, 6 %, 109.41 W
2026/09/21 02:13:48.367, 0, NVIDIA RTX PRO 6000 Blackwell Server Edition, 39411 MiB, 100 %, 273.67 W
2026/09/21 02:13:49.367, 0, NVIDIA RTX PRO 6000 Blackwell Server Edition, 39413 MiB, 100 %, 573.92 W
2026/09/21 02:13:50.367, 0, NVIDIA RTX PRO 6000 Blackwell Server Edition, 39413 MiB, 100 %, 575.03 W
2026/09/21 02:13:51.367, 0, NVIDIA RTX PRO 6000 Blackwell Server Edition, 39413 MiB, 98 %, 571.71 W
2026/09/21 02:13:52.368, 0, NVIDIA RTX PRO 6000 Blackwell Server Edition, 39381 MiB, 2 %, 338.60 W
2026/09/21 02:13:53.368, 0, NVIDIA RTX PRO 6000 Blackwell Server Edition, 42843 MiB, 100 %, 345.39 W
2026/09/21 02:13:54.368, 0, NVIDIA RTX PRO 6000 Blackwell Server Edition, 42843 MiB, 100 %, 600.01 W
2026/09/21 02:13:55.368, 0, NVIDIA RTX PRO 6000 Blackwell Server Edition, 42843 MiB, 100 %, 599.69 W
2026/09/21 02:13:56.368, 0, NVIDIA RTX PRO 6000 Blackwell Server Edition, 42843 MiB, 100 %, 601.07 W
2026/09/21 02:13:57.368, 0, NVIDIA RTX PRO 6000 Blackwell Server Edition, 42843 MiB, 100 %, 600.65 W
2026/09/21 02:13:58.368, 0, NVIDIA RTX PRO 6000 Blackwell Server Edition, 42843 MiB, 100 %, 601.01 W
2026/09/21 02:13:59.369, 0, NVIDIA RTX PRO 6000 Blackwell Server Edition, 42843 MiB, 100 %, 602.48 W
2026/09/21 02:14:00.369, 0, NVIDIA RTX PRO 6000 Blackwell Server Edition, 39337 MiB, 7 %, 306.90 W
2026/09/21 02:14:01.369, 0, NVIDIA RTX PRO 6000 Blackwell Server Edition, 59083 MiB, 100 %, 468.64 W
2026/09/21 02:14:02.369, 0, NVIDIA RTX PRO 6000 Blackwell Server Edition, 59083 MiB, 100 %, 569.87 W
2026/09/21 02:14:03.369, 0, NVIDIA RTX PRO 6000 Blackwell Server Edition, 59083 MiB, 100 %, 570.36 W
2026/09/21 02:14:04.369, 0, NVIDIA RTX PRO 6000 Blackwell Server Edition, 59083 MiB, 100 %, 570.40 W
2026/09/21 02:14:05.369, 0, NVIDIA RTX PRO 6000 Blackwell Server Edition, 59083 MiB, 100 %, 573.53 W
2026/09/21 02:14:06.370, 0, NVIDIA RTX PRO 6000 Blackwell Server Edition, 59083 MiB, 100 %, 570.45 W
2026/09/21 02:14:07.370, 0, NVIDIA RTX PRO 6000 Blackwell Server Edition, 59083 MiB, 100 %, 568.46 W
2026/09/21 02:14:08.370, 0, NVIDIA RTX PRO 6000 Blackwell Server Edition, 59083 MiB, 100 %, 568.78 W
2026/09/21 02:14:09.370, 0, NVIDIA RTX PRO 6000 Blackwell Server Edition, 62895 MiB, 0 %, 453.03 W
2026/09/21 02:14:10.370, 0, NVIDIA RTX PRO 6000 Blackwell Server Edition, 41459 MiB, 14 %, 99.47 W
2026/09/21 02:14:11.370, 0, NVIDIA RTX PRO 6000 Blackwell Server Edition, 51507 MiB, 19 %, 97.76 W
2026/09/21 02:14:12.370, 0, NVIDIA RTX PRO 6000 Blackwell Server Edition, 61313 MiB, 17 %, 97.38 W
2026/09/21 02:14:13.371, 0, NVIDIA RTX PRO 6000 Blackwell Server Edition, 39437 MiB, 4 %, 134.22 W
2026/09/21 02:14:14.371, 0, NVIDIA RTX PRO 6000 Blackwell Server Edition, 43247 MiB, 0 %, 94.07 W
2026/09/21 02:14:15.376, 0, NVIDIA RTX PRO 6000 Blackwell Server Edition, 39169 MiB, 3 %, 109.67 W
2026/09/21 02:14:16.376, 0, NVIDIA RTX PRO 6000 Blackwell Server Edition, 39413 MiB, 100 %, 517.97 W
2026/09/21 02:14:17.376, 0, NVIDIA RTX PRO 6000 Blackwell Server Edition, 39413 MiB, 100 %, 574.04 W
2026/09/21 02:14:18.376, 0, NVIDIA RTX PRO 6000 Blackwell Server Edition, 39413 MiB, 100 %, 571.81 W
2026/09/21 02:14:19.376, 0, NVIDIA RTX PRO 6000 Blackwell Server Edition, 39413 MiB, 100 %, 553.50 W
2026/09/21 02:14:20.376, 0, NVIDIA RTX PRO 6000 Blackwell Server Edition, 38847 MiB, 0 %, 113.89 W
2026/09/21 02:14:21.377, 0, NVIDIA RTX PRO 6000 Blackwell Server Edition, 42843 MiB, 100 %, 545.54 W
2026/09/21 02:14:22.377, 0, NVIDIA RTX PRO 6000 Blackwell Server Edition, 42843 MiB, 100 %, 601.52 W
2026/09/21 02:14:23.378, 0, NVIDIA RTX PRO 6000 Blackwell Server Edition, 42843 MiB, 100 %, 598.54 W
2026/09/21 02:14:24.378, 0, NVIDIA RTX PRO 6000 Blackwell Server Edition, 42843 MiB, 100 %, 601.50 W
2026/09/21 02:14:25.379, 0, NVIDIA RTX PRO 6000 Blackwell Server Edition, 42843 MiB, 100 %, 598.20 W
2026/09/21 02:14:26.379, 0, NVIDIA RTX PRO 6000 Blackwell Server Edition, 42843 MiB, 100 %, 600.77 W
2026/09/21 02:14:27.379, 0, NVIDIA RTX PRO 6000 Blackwell Server Edition, 42843 MiB, 100 %, 593.29 W
2026/09/21 02:14:28.379, 0, NVIDIA RTX PRO 6000 Blackwell Server Edition, 58283 MiB, 100 %, 232.54 W
2026/09/21 02:14:29.379, 0, NVIDIA RTX PRO 6000 Blackwell Server Edition, 59083 MiB, 100 %, 539.05 W
2026/09/21 02:14:30.380, 0, NVIDIA RTX PRO 6000 Blackwell Server Edition, 59083 MiB, 100 %, 569.42 W
2026/09/21 02:14:31.380, 0, NVIDIA RTX PRO 6000 Blackwell Server Edition, 59083 MiB, 100 %, 570.33 W
2026/09/21 02:14:32.380, 0, NVIDIA RTX PRO 6000 Blackwell Server Edition, 59083 MiB, 100 %, 566.24 W
2026/09/21 02:14:33.380, 0, NVIDIA RTX PRO 6000 Blackwell Server Edition, 59083 MiB, 100 %, 570.91 W
2026/09/21 02:14:34.380, 0, NVIDIA RTX PRO 6000 Blackwell Server Edition, 59083 MiB, 100 %, 568.01 W
2026/09/21 02:14:35.380, 0, NVIDIA RTX PRO 6000 Blackwell Server Edition, 59083 MiB, 100 %, 566.05 W
2026/09/21 02:14:36.381, 0, NVIDIA RTX PRO 6000 Blackwell Server Edition, 59083 MiB, 100 %, 575.05 W
2026/09/21 02:14:37.381, 0, NVIDIA RTX PRO 6000 Blackwell Server Edition, 39281 MiB, 44 %, 341.91 W
2026/09/21 02:14:38.381, 0, NVIDIA RTX PRO 6000 Blackwell Server Edition, 44895 MiB, 17 %, 97.12 W
2026/09/21 02:14:39.381, 0, NVIDIA RTX PRO 6000 Blackwell Server Edition, 54961 MiB, 20 %, 97.85 W
2026/09/21 02:14:40.381, 0, NVIDIA RTX PRO 6000 Blackwell Server Edition, 61777 MiB, 2 %, 96.23 W
2026/09/21 02:14:41.382, 0, NVIDIA RTX PRO 6000 Blackwell Server Edition, 42511 MiB, 15 %, 134.08 W
2026/09/21 02:14:42.382, 0, NVIDIA RTX PRO 6000 Blackwell Server Edition, 46191 MiB, 4 %, 108.57 W
2026/09/21 02:14:43.382, 0, NVIDIA RTX PRO 6000 Blackwell Server Edition, 39411 MiB, 1 %, 167.86 W
2026/09/21 02:14:44.382, 0, NVIDIA RTX PRO 6000 Blackwell Server Edition, 39413 MiB, 98 %, 572.69 W
2026/09/21 02:14:45.382, 0, NVIDIA RTX PRO 6000 Blackwell Server Edition, 39413 MiB, 98 %, 573.74 W
2026/09/21 02:14:46.382, 0, NVIDIA RTX PRO 6000 Blackwell Server Edition, 39413 MiB, 99 %, 572.63 W
2026/09/21 02:14:47.382, 0, NVIDIA RTX PRO 6000 Blackwell Server Edition, 40615 MiB, 15 %, 444.35 W
2026/09/21 02:14:48.383, 0, NVIDIA RTX PRO 6000 Blackwell Server Edition, 42843 MiB, 99 %, 230.11 W
2026/09/21 02:14:49.383, 0, NVIDIA RTX PRO 6000 Blackwell Server Edition, 42843 MiB, 100 %, 600.45 W
2026/09/21 02:14:50.383, 0, NVIDIA RTX PRO 6000 Blackwell Server Edition, 42843 MiB, 100 %, 598.79 W
2026/09/21 02:14:51.383, 0, NVIDIA RTX PRO 6000 Blackwell Server Edition, 42843 MiB, 100 %, 601.29 W
2026/09/21 02:14:52.383, 0, NVIDIA RTX PRO 6000 Blackwell Server Edition, 42843 MiB, 100 %, 599.86 W
2026/09/21 02:14:53.383, 0, NVIDIA RTX PRO 6000 Blackwell Server Edition, 42843 MiB, 100 %, 598.46 W
2026/09/21 02:14:54.383, 0, NVIDIA RTX PRO 6000 Blackwell Server Edition, 42843 MiB, 100 %, 600.14 W
2026/09/21 02:14:55.384, 0, NVIDIA RTX PRO 6000 Blackwell Server Edition, 42903 MiB, 8 %, 418.52 W
2026/09/21 02:14:56.384, 0, NVIDIA RTX PRO 6000 Blackwell Server Edition, 59083 MiB, 100 %, 346.09 W
2026/09/21 02:14:57.384, 0, NVIDIA RTX PRO 6000 Blackwell Server Edition, 59083 MiB, 100 %, 566.82 W
2026/09/21 02:14:58.384, 0, NVIDIA RTX PRO 6000 Blackwell Server Edition, 59083 MiB, 100 %, 571.01 W
2026/09/21 02:14:59.384, 0, NVIDIA RTX PRO 6000 Blackwell Server Edition, 59083 MiB, 100 %, 567.71 W
2026/09/21 02:15:00.385, 0, NVIDIA RTX PRO 6000 Blackwell Server Edition, 59083 MiB, 100 %, 569.57 W
2026/09/21 02:15:01.385, 0, NVIDIA RTX PRO 6000 Blackwell Server Edition, 59083 MiB, 100 %, 569.73 W
2026/09/21 02:15:02.385, 0, NVIDIA RTX PRO 6000 Blackwell Server Edition, 59083 MiB, 100 %, 569.37 W
2026/09/21 02:15:03.385, 0, NVIDIA RTX PRO 6000 Blackwell Server Edition, 59083 MiB, 100 %, 568.75 W
2026/09/21 02:15:04.386, 0, NVIDIA RTX PRO 6000 Blackwell Server Edition, 63454 MiB, 100 %, 566.39 W
2026/09/21 02:15:05.387, 0, NVIDIA RTX PRO 6000 Blackwell Server Edition, 39281 MiB, 0 %, 127.63 W
2026/09/21 02:15:06.387, 0, NVIDIA RTX PRO 6000 Blackwell Server Edition, 44319 MiB, 17 %, 97.23 W
2026/09/21 02:15:07.387, 0, NVIDIA RTX PRO 6000 Blackwell Server Edition, 53751 MiB, 17 %, 97.60 W
2026/09/21 02:15:08.387, 0, NVIDIA RTX PRO 6000 Blackwell Server Edition, 61313 MiB, 11 %, 96.50 W
2026/09/21 02:15:09.388, 0, NVIDIA RTX PRO 6000 Blackwell Server Edition, 40845 MiB, 12 %, 132.91 W
2026/09/21 02:15:10.388, 0, NVIDIA RTX PRO 6000 Blackwell Server Edition, 44719 MiB, 0 %, 93.63 W
2026/09/21 02:15:11.388, 0, NVIDIA RTX PRO 6000 Blackwell Server Edition, 39411 MiB, 0 %, 119.73 W
2026/09/21 02:15:12.388, 0, NVIDIA RTX PRO 6000 Blackwell Server Edition, 39413 MiB, 100 %, 566.44 W
2026/09/21 02:15:13.388, 0, NVIDIA RTX PRO 6000 Blackwell Server Edition, 39413 MiB, 100 %, 571.97 W
2026/09/21 02:15:14.388, 0, NVIDIA RTX PRO 6000 Blackwell Server Edition, 39413 MiB, 98 %, 572.20 W
2026/09/21 02:15:15.389, 0, NVIDIA RTX PRO 6000 Blackwell Server Edition, 40615 MiB, 43 %, 493.46 W
2026/09/21 02:15:16.389, 0, NVIDIA RTX PRO 6000 Blackwell Server Edition, 42843 MiB, 0 %, 161.20 W
2026/09/21 02:15:17.389, 0, NVIDIA RTX PRO 6000 Blackwell Server Edition, 42843 MiB, 100 %, 598.88 W
2026/09/21 02:15:18.389, 0, NVIDIA RTX PRO 6000 Blackwell Server Edition, 42843 MiB, 100 %, 600.00 W
2026/09/21 02:15:19.389, 0, NVIDIA RTX PRO 6000 Blackwell Server Edition, 42843 MiB, 100 %, 597.37 W
2026/09/21 02:15:20.390, 0, NVIDIA RTX PRO 6000 Blackwell Server Edition, 42843 MiB, 100 %, 600.31 W
2026/09/21 02:15:21.390, 0, NVIDIA RTX PRO 6000 Blackwell Server Edition, 42843 MiB, 100 %, 600.01 W
2026/09/21 02:15:22.390, 0, NVIDIA RTX PRO 6000 Blackwell Server Edition, 42843 MiB, 100 %, 600.29 W
2026/09/21 02:15:23.390, 0, NVIDIA RTX PRO 6000 Blackwell Server Edition, 42903 MiB, 16 %, 488.75 W
2026/09/21 02:15:24.390, 0, NVIDIA RTX PRO 6000 Blackwell Server Edition, 59083 MiB, 100 %, 303.98 W
2026/09/21 02:15:25.390, 0, NVIDIA RTX PRO 6000 Blackwell Server Edition, 59083 MiB, 100 %, 564.62 W
2026/09/21 02:15:26.390, 0, NVIDIA RTX PRO 6000 Blackwell Server Edition, 59083 MiB, 100 %, 568.24 W
2026/09/21 02:15:27.391, 0, NVIDIA RTX PRO 6000 Blackwell Server Edition, 59083 MiB, 100 %, 568.87 W
2026/09/21 02:15:28.391, 0, NVIDIA RTX PRO 6000 Blackwell Server Edition, 59083 MiB, 100 %, 567.53 W
2026/09/21 02:15:29.391, 0, NVIDIA RTX PRO 6000 Blackwell Server Edition, 59083 MiB, 100 %, 567.95 W
2026/09/21 02:15:30.391, 0, NVIDIA RTX PRO 6000 Blackwell Server Edition, 59083 MiB, 100 %, 570.12 W
2026/09/21 02:15:31.391, 0, NVIDIA RTX PRO 6000 Blackwell Server Edition, 59083 MiB, 100 %, 567.18 W
2026/09/21 02:15:32.391, 0, NVIDIA RTX PRO 6000 Blackwell Server Edition, 59083 MiB, 100 %, 570.92 W
2026/09/21 02:15:33.391, 0, NVIDIA RTX PRO 6000 Blackwell Server Edition, 39281 MiB, 0 %, 200.05 W
2026/09/21 02:15:34.391, 0, NVIDIA RTX PRO 6000 Blackwell Server Edition, 46517 MiB, 19 %, 97.77 W
2026/09/21 02:15:35.392, 0, NVIDIA RTX PRO 6000 Blackwell Server Edition, 56931 MiB, 20 %, 97.75 W
2026/09/21 02:15:36.392, 0, NVIDIA RTX PRO 6000 Blackwell Server Edition, 61809 MiB, 91 %, 132.07 W
2026/09/21 02:15:37.392, 0, NVIDIA RTX PRO 6000 Blackwell Server Edition, 42511 MiB, 5 %, 97.30 W
2026/09/21 02:15:38.392, 0, NVIDIA RTX PRO 6000 Blackwell Server Edition, 39057 MiB, 0 %, 110.72 W
2026/09/21 02:15:39.392, 0, NVIDIA RTX PRO 6000 Blackwell Server Edition, 39413 MiB, 100 %, 319.24 W
2026/09/21 02:15:40.393, 0, NVIDIA RTX PRO 6000 Blackwell Server Edition, 39413 MiB, 100 %, 573.05 W
2026/09/21 02:15:41.393, 0, NVIDIA RTX PRO 6000 Blackwell Server Edition, 39413 MiB, 100 %, 572.26 W
2026/09/21 02:15:42.393, 0, NVIDIA RTX PRO 6000 Blackwell Server Edition, 39413 MiB, 100 %, 570.95 W
2026/09/21 02:15:43.393, 0, NVIDIA RTX PRO 6000 Blackwell Server Edition, 39381 MiB, 0 %, 289.60 W
2026/09/21 02:15:44.393, 0, NVIDIA RTX PRO 6000 Blackwell Server Edition, 42843 MiB, 100 %, 354.48 W
2026/09/21 02:15:45.393, 0, NVIDIA RTX PRO 6000 Blackwell Server Edition, 42843 MiB, 100 %, 598.28 W
2026/09/21 02:15:46.393, 0, NVIDIA RTX PRO 6000 Blackwell Server Edition, 42843 MiB, 99 %, 598.76 W
2026/09/21 02:15:47.394, 0, NVIDIA RTX PRO 6000 Blackwell Server Edition, 42843 MiB, 100 %, 600.83 W
2026/09/21 02:15:48.394, 0, NVIDIA RTX PRO 6000 Blackwell Server Edition, 42843 MiB, 100 %, 598.80 W
2026/09/21 02:15:49.394, 0, NVIDIA RTX PRO 6000 Blackwell Server Edition, 42843 MiB, 100 %, 597.05 W
2026/09/21 02:15:50.394, 0, NVIDIA RTX PRO 6000 Blackwell Server Edition, 42843 MiB, 100 %, 601.84 W
2026/09/21 02:15:51.394, 0, NVIDIA RTX PRO 6000 Blackwell Server Edition, 39337 MiB, 0 %, 308.34 W
2026/09/21 02:15:52.394, 0, NVIDIA RTX PRO 6000 Blackwell Server Edition, 59083 MiB, 100 %, 458.20 W
2026/09/21 02:15:53.394, 0, NVIDIA RTX PRO 6000 Blackwell Server Edition, 59083 MiB, 100 %, 573.33 W
2026/09/21 02:15:54.395, 0, NVIDIA RTX PRO 6000 Blackwell Server Edition, 59083 MiB, 100 %, 570.35 W
2026/09/21 02:15:55.395, 0, NVIDIA RTX PRO 6000 Blackwell Server Edition, 59083 MiB, 100 %, 570.38 W
2026/09/21 02:15:56.395, 0, NVIDIA RTX PRO 6000 Blackwell Server Edition, 59083 MiB, 100 %, 573.24 W
2026/09/21 02:15:57.395, 0, NVIDIA RTX PRO 6000 Blackwell Server Edition, 59083 MiB, 100 %, 564.89 W
2026/09/21 02:15:58.395, 0, NVIDIA RTX PRO 6000 Blackwell Server Edition, 59083 MiB, 100 %, 573.77 W
2026/09/21 02:15:59.396, 0, NVIDIA RTX PRO 6000 Blackwell Server Edition, 59083 MiB, 100 %, 567.88 W
2026/09/21 02:16:00.396, 0, NVIDIA RTX PRO 6000 Blackwell Server Edition, 62895 MiB, 48 %, 460.03 W
2026/09/21 02:16:01.396, 0, NVIDIA RTX PRO 6000 Blackwell Server Edition, 41201 MiB, 4 %, 99.36 W
2026/09/21 02:16:02.396, 0, NVIDIA RTX PRO 6000 Blackwell Server Edition, 50251 MiB, 19 %, 97.96 W
2026/09/21 02:16:03.397, 0, NVIDIA RTX PRO 6000 Blackwell Server Edition, 60345 MiB, 16 %, 97.43 W
2026/09/21 02:16:04.397, 0, NVIDIA RTX PRO 6000 Blackwell Server Edition, 38685 MiB, 40 %, 133.76 W
2026/09/21 02:16:05.397, 0, NVIDIA RTX PRO 6000 Blackwell Server Edition, 43247 MiB, 16 %, 94.52 W
2026/09/21 02:16:06.397, 0, NVIDIA RTX PRO 6000 Blackwell Server Edition, 39169 MiB, 1 %, 110.60 W
2026/09/21 02:16:07.397, 0, NVIDIA RTX PRO 6000 Blackwell Server Edition, 39413 MiB, 100 %, 461.04 W
2026/09/21 02:16:08.397, 0, NVIDIA RTX PRO 6000 Blackwell Server Edition, 39413 MiB, 100 %, 571.31 W
2026/09/21 02:16:09.398, 0, NVIDIA RTX PRO 6000 Blackwell Server Edition, 39413 MiB, 100 %, 570.66 W
2026/09/21 02:16:10.398, 0, NVIDIA RTX PRO 6000 Blackwell Server Edition, 39413 MiB, 100 %, 572.32 W
2026/09/21 02:16:11.398, 0, NVIDIA RTX PRO 6000 Blackwell Server Edition, 38847 MiB, 4 %, 155.25 W
2026/09/21 02:16:12.398, 0, NVIDIA RTX PRO 6000 Blackwell Server Edition, 42843 MiB, 100 %, 527.37 W
2026/09/21 02:16:13.398, 0, NVIDIA RTX PRO 6000 Blackwell Server Edition, 42843 MiB, 100 %, 600.10 W
2026/09/21 02:16:14.399, 0, NVIDIA RTX PRO 6000 Blackwell Server Edition, 42843 MiB, 100 %, 599.08 W
2026/09/21 02:16:15.399, 0, NVIDIA RTX PRO 6000 Blackwell Server Edition, 42843 MiB, 100 %, 601.20 W
2026/09/21 02:16:16.399, 0, NVIDIA RTX PRO 6000 Blackwell Server Edition, 42843 MiB, 99 %, 600.20 W
2026/09/21 02:16:17.399, 0, NVIDIA RTX PRO 6000 Blackwell Server Edition, 42843 MiB, 100 %, 598.63 W
2026/09/21 02:16:18.399, 0, NVIDIA RTX PRO 6000 Blackwell Server Edition, 42843 MiB, 100 %, 601.38 W
2026/09/21 02:16:19.400, 0, NVIDIA RTX PRO 6000 Blackwell Server Edition, 51271 MiB, 39 %, 240.44 W
2026/09/21 02:16:20.400, 0, NVIDIA RTX PRO 6000 Blackwell Server Edition, 59083 MiB, 100 %, 521.67 W
2026/09/21 02:16:21.400, 0, NVIDIA RTX PRO 6000 Blackwell Server Edition, 59083 MiB, 100 %, 564.28 W
2026/09/21 02:16:22.400, 0, NVIDIA RTX PRO 6000 Blackwell Server Edition, 59083 MiB, 100 %, 569.44 W
2026/09/21 02:16:23.401, 0, NVIDIA RTX PRO 6000 Blackwell Server Edition, 59083 MiB, 100 %, 566.51 W
2026/09/21 02:16:24.401, 0, NVIDIA RTX PRO 6000 Blackwell Server Edition, 59083 MiB, 100 %, 570.07 W
2026/09/21 02:16:25.401, 0, NVIDIA RTX PRO 6000 Blackwell Server Edition, 59083 MiB, 100 %, 569.78 W
2026/09/21 02:16:26.401, 0, NVIDIA RTX PRO 6000 Blackwell Server Edition, 59083 MiB, 100 %, 570.28 W
2026/09/21 02:16:27.401, 0, NVIDIA RTX PRO 6000 Blackwell Server Edition, 59083 MiB, 100 %, 567.13 W
2026/09/21 02:16:28.402, 0, NVIDIA RTX PRO 6000 Blackwell Server Edition, 39281 MiB, 0 %, 353.09 W
2026/09/21 02:16:29.402, 0, NVIDIA RTX PRO 6000 Blackwell Server Edition, 44941 MiB, 18 %, 97.31 W
2026/09/21 02:16:30.402, 0, NVIDIA RTX PRO 6000 Blackwell Server Edition, 54603 MiB, 12 %, 97.93 W
2026/09/21 02:16:31.402, 0, NVIDIA RTX PRO 6000 Blackwell Server Edition, 61243 MiB, 11 %, 96.09 W
2026/09/21 02:16:32.402, 0, NVIDIA RTX PRO 6000 Blackwell Server Edition, 38685 MiB, 1 %, 131.39 W
2026/09/21 02:16:33.402, 0, NVIDIA RTX PRO 6000 Blackwell Server Edition, 43247 MiB, 0 %, 94.33 W
2026/09/21 02:16:34.402, 0, NVIDIA RTX PRO 6000 Blackwell Server Edition, 39169 MiB, 4 %, 109.94 W
2026/09/21 02:16:35.403, 0, NVIDIA RTX PRO 6000 Blackwell Server Edition, 39413 MiB, 100 %, 434.03 W
2026/09/21 02:16:36.403, 0, NVIDIA RTX PRO 6000 Blackwell Server Edition, 39413 MiB, 100 %, 573.57 W
2026/09/21 02:16:37.403, 0, NVIDIA RTX PRO 6000 Blackwell Server Edition, 39413 MiB, 100 %, 573.07 W
2026/09/21 02:16:38.403, 0, NVIDIA RTX PRO 6000 Blackwell Server Edition, 39413 MiB, 100 %, 571.73 W
2026/09/21 02:16:39.403, 0, NVIDIA RTX PRO 6000 Blackwell Server Edition, 38847 MiB, 12 %, 182.87 W
2026/09/21 02:16:40.403, 0, NVIDIA RTX PRO 6000 Blackwell Server Edition, 42843 MiB, 100 %, 486.05 W
2026/09/21 02:16:41.404, 0, NVIDIA RTX PRO 6000 Blackwell Server Edition, 42843 MiB, 100 %, 601.84 W
2026/09/21 02:16:42.404, 0, NVIDIA RTX PRO 6000 Blackwell Server Edition, 42843 MiB, 100 %, 598.85 W
2026/09/21 02:16:43.404, 0, NVIDIA RTX PRO 6000 Blackwell Server Edition, 42843 MiB, 100 %, 599.76 W
2026/09/21 02:16:44.404, 0, NVIDIA RTX PRO 6000 Blackwell Server Edition, 42843 MiB, 100 %, 599.46 W
2026/09/21 02:16:45.404, 0, NVIDIA RTX PRO 6000 Blackwell Server Edition, 42843 MiB, 100 %, 600.33 W
2026/09/21 02:16:46.405, 0, NVIDIA RTX PRO 6000 Blackwell Server Edition, 42843 MiB, 100 %, 599.33 W
2026/09/21 02:16:47.405, 0, NVIDIA RTX PRO 6000 Blackwell Server Edition, 51271 MiB, 100 %, 251.87 W
2026/09/21 02:16:48.405, 0, NVIDIA RTX PRO 6000 Blackwell Server Edition, 59083 MiB, 100 %, 524.28 W
2026/09/21 02:16:49.405, 0, NVIDIA RTX PRO 6000 Blackwell Server Edition, 59083 MiB, 100 %, 567.88 W
2026/09/21 02:16:50.405, 0, NVIDIA RTX PRO 6000 Blackwell Server Edition, 59083 MiB, 100 %, 570.08 W
2026/09/21 02:16:51.405, 0, NVIDIA RTX PRO 6000 Blackwell Server Edition, 59083 MiB, 100 %, 568.36 W
2026/09/21 02:16:52.406, 0, NVIDIA RTX PRO 6000 Blackwell Server Edition, 59083 MiB, 100 %, 564.98 W
2026/09/21 02:16:53.406, 0, NVIDIA RTX PRO 6000 Blackwell Server Edition, 59083 MiB, 100 %, 569.53 W
2026/09/21 02:16:54.406, 0, NVIDIA RTX PRO 6000 Blackwell Server Edition, 59083 MiB, 100 %, 571.58 W
2026/09/21 02:16:55.406, 0, NVIDIA RTX PRO 6000 Blackwell Server Edition, 59083 MiB, 100 %, 569.95 W
2026/09/21 02:16:56.406, 0, NVIDIA RTX PRO 6000 Blackwell Server Edition, 39281 MiB, 0 %, 347.62 W
2026/09/21 02:16:57.406, 0, NVIDIA RTX PRO 6000 Blackwell Server Edition, 42149 MiB, 17 %, 96.59 W
2026/09/21 02:16:58.407, 0, NVIDIA RTX PRO 6000 Blackwell Server Edition, 52405 MiB, 20 %, 97.90 W
2026/09/21 02:16:59.407, 0, NVIDIA RTX PRO 6000 Blackwell Server Edition, 61313 MiB, 16 %, 97.34 W
2026/09/21 02:17:00.407, 0, NVIDIA RTX PRO 6000 Blackwell Server Edition, 40333 MiB, 16 %, 133.30 W
2026/09/21 02:17:01.407, 0, NVIDIA RTX PRO 6000 Blackwell Server Edition, 43249 MiB, 3 %, 93.98 W
2026/09/21 02:17:02.407, 0, NVIDIA RTX PRO 6000 Blackwell Server Edition, 39411 MiB, 0 %, 109.84 W
2026/09/21 02:17:03.407, 0, NVIDIA RTX PRO 6000 Blackwell Server Edition, 39413 MiB, 100 %, 547.41 W
2026/09/21 02:17:04.408, 0, NVIDIA RTX PRO 6000 Blackwell Server Edition, 39413 MiB, 100 %, 570.33 W
2026/09/21 02:17:05.408, 0, NVIDIA RTX PRO 6000 Blackwell Server Edition, 39413 MiB, 98 %, 570.66 W
2026/09/21 02:17:06.408, 0, NVIDIA RTX PRO 6000 Blackwell Server Edition, 39737 MiB, 33 %, 522.12 W
2026/09/21 02:17:07.408, 0, NVIDIA RTX PRO 6000 Blackwell Server Edition, 42843 MiB, 8 %, 132.35 W
2026/09/21 02:17:08.408, 0, NVIDIA RTX PRO 6000 Blackwell Server Edition, 42843 MiB, 100 %, 596.01 W
2026/09/21 02:17:09.408, 0, NVIDIA RTX PRO 6000 Blackwell Server Edition, 42843 MiB, 100 %, 600.88 W
2026/09/21 02:17:10.408, 0, NVIDIA RTX PRO 6000 Blackwell Server Edition, 42843 MiB, 100 %, 598.39 W
2026/09/21 02:17:11.409, 0, NVIDIA RTX PRO 6000 Blackwell Server Edition, 42843 MiB, 100 %, 600.90 W
2026/09/21 02:17:12.409, 0, NVIDIA RTX PRO 6000 Blackwell Server Edition, 42843 MiB, 100 %, 598.39 W
2026/09/21 02:17:13.409, 0, NVIDIA RTX PRO 6000 Blackwell Server Edition, 42843 MiB, 100 %, 600.74 W
2026/09/21 02:17:14.409, 0, NVIDIA RTX PRO 6000 Blackwell Server Edition, 42899 MiB, 15 %, 515.19 W
2026/09/21 02:17:15.409, 0, NVIDIA RTX PRO 6000 Blackwell Server Edition, 59083 MiB, 100 %, 296.51 W
2026/09/21 02:17:16.410, 0, NVIDIA RTX PRO 6000 Blackwell Server Edition, 59083 MiB, 100 %, 553.97 W
2026/09/21 02:17:17.410, 0, NVIDIA RTX PRO 6000 Blackwell Server Edition, 59083 MiB, 100 %, 569.83 W
2026/09/21 02:17:18.410, 0, NVIDIA RTX PRO 6000 Blackwell Server Edition, 59083 MiB, 100 %, 569.30 W
2026/09/21 02:17:19.410, 0, NVIDIA RTX PRO 6000 Blackwell Server Edition, 59083 MiB, 100 %, 567.07 W
2026/09/21 02:17:20.410, 0, NVIDIA RTX PRO 6000 Blackwell Server Edition, 59083 MiB, 100 %, 570.61 W
2026/09/21 02:17:21.410, 0, NVIDIA RTX PRO 6000 Blackwell Server Edition, 59083 MiB, 100 %, 569.88 W
2026/09/21 02:17:22.411, 0, NVIDIA RTX PRO 6000 Blackwell Server Edition, 59083 MiB, 100 %, 570.50 W
2026/09/21 02:17:23.411, 0, NVIDIA RTX PRO 6000 Blackwell Server Edition, 59083 MiB, 100 %, 567.80 W
2026/09/21 02:17:24.411, 0, NVIDIA RTX PRO 6000 Blackwell Server Edition, 39281 MiB, 0 %, 223.57 W
2026/09/21 02:17:25.411, 0, NVIDIA RTX PRO 6000 Blackwell Server Edition, 46289 MiB, 17 %, 97.72 W
2026/09/21 02:17:26.411, 0, NVIDIA RTX PRO 6000 Blackwell Server Edition, 56611 MiB, 20 %, 97.82 W
2026/09/21 02:17:27.412, 0, NVIDIA RTX PRO 6000 Blackwell Server Edition, 61809 MiB, 46 %, 130.76 W
2026/09/21 02:17:28.412, 0, NVIDIA RTX PRO 6000 Blackwell Server Edition, 42511 MiB, 2 %, 97.39 W
2026/09/21 02:17:29.412, 0, NVIDIA RTX PRO 6000 Blackwell Server Edition, 39057 MiB, 0 %, 110.97 W
2026/09/21 02:17:30.412, 0, NVIDIA RTX PRO 6000 Blackwell Server Edition, 39411 MiB, 100 %, 286.06 W
2026/09/21 02:17:31.412, 0, NVIDIA RTX PRO 6000 Blackwell Server Edition, 39413 MiB, 100 %, 571.42 W
2026/09/21 02:17:32.412, 0, NVIDIA RTX PRO 6000 Blackwell Server Edition, 39413 MiB, 100 %, 572.09 W
2026/09/21 02:17:33.412, 0, NVIDIA RTX PRO 6000 Blackwell Server Edition, 39413 MiB, 100 %, 575.85 W
2026/09/21 02:17:34.413, 0, NVIDIA RTX PRO 6000 Blackwell Server Edition, 39381 MiB, 0 %, 325.25 W
2026/09/21 02:17:35.413, 0, NVIDIA RTX PRO 6000 Blackwell Server Edition, 42843 MiB, 100 %, 337.81 W
2026/09/21 02:17:36.413, 0, NVIDIA RTX PRO 6000 Blackwell Server Edition, 42843 MiB, 100 %, 600.32 W
2026/09/21 02:17:37.413, 0, NVIDIA RTX PRO 6000 Blackwell Server Edition, 42843 MiB, 100 %, 600.90 W
2026/09/21 02:17:38.413, 0, NVIDIA RTX PRO 6000 Blackwell Server Edition, 42843 MiB, 100 %, 599.85 W
2026/09/21 02:17:39.413, 0, NVIDIA RTX PRO 6000 Blackwell Server Edition, 42843 MiB, 100 %, 602.61 W
2026/09/21 02:17:40.414, 0, NVIDIA RTX PRO 6000 Blackwell Server Edition, 42843 MiB, 100 %, 598.70 W
2026/09/21 02:17:41.414, 0, NVIDIA RTX PRO 6000 Blackwell Server Edition, 42843 MiB, 100 %, 601.82 W
2026/09/21 02:17:42.414, 0, NVIDIA RTX PRO 6000 Blackwell Server Edition, 39337 MiB, 7 %, 311.12 W
2026/09/21 02:17:43.414, 0, NVIDIA RTX PRO 6000 Blackwell Server Edition, 59083 MiB, 100 %, 457.54 W
2026/09/21 02:17:44.414, 0, NVIDIA RTX PRO 6000 Blackwell Server Edition, 59083 MiB, 100 %, 573.78 W
2026/09/21 02:17:45.414, 0, NVIDIA RTX PRO 6000 Blackwell Server Edition, 59083 MiB, 100 %, 568.59 W
2026/09/21 02:17:46.414, 0, NVIDIA RTX PRO 6000 Blackwell Server Edition, 59083 MiB, 100 %, 567.02 W
2026/09/21 02:17:47.415, 0, NVIDIA RTX PRO 6000 Blackwell Server Edition, 59083 MiB, 100 %, 572.29 W
2026/09/21 02:17:48.415, 0, NVIDIA RTX PRO 6000 Blackwell Server Edition, 59083 MiB, 100 %, 566.26 W
2026/09/21 02:17:49.415, 0, NVIDIA RTX PRO 6000 Blackwell Server Edition, 59083 MiB, 100 %, 571.79 W
2026/09/21 02:17:50.415, 0, NVIDIA RTX PRO 6000 Blackwell Server Edition, 59083 MiB, 100 %, 567.00 W
2026/09/21 02:17:51.415, 0, NVIDIA RTX PRO 6000 Blackwell Server Edition, 62679 MiB, 83 %, 529.67 W
2026/09/21 02:17:52.415, 0, NVIDIA RTX PRO 6000 Blackwell Server Edition, 41459 MiB, 0 %, 99.41 W
2026/09/21 02:17:53.416, 0, NVIDIA RTX PRO 6000 Blackwell Server Edition, 51667 MiB, 18 %, 98.21 W
2026/09/21 02:17:54.416, 0, NVIDIA RTX PRO 6000 Blackwell Server Edition, 61313 MiB, 19 %, 97.47 W
2026/09/21 02:17:55.416, 0, NVIDIA RTX PRO 6000 Blackwell Server Edition, 39565 MiB, 0 %, 134.14 W
2026/09/21 02:17:56.416, 0, NVIDIA RTX PRO 6000 Blackwell Server Edition, 43247 MiB, 0 %, 94.53 W
2026/09/21 02:17:57.416, 0, NVIDIA RTX PRO 6000 Blackwell Server Edition, 39169 MiB, 1 %, 110.07 W
2026/09/21 02:17:58.416, 0, NVIDIA RTX PRO 6000 Blackwell Server Edition, 39413 MiB, 100 %, 462.64 W
2026/09/21 02:17:59.416, 0, NVIDIA RTX PRO 6000 Blackwell Server Edition, 39413 MiB, 100 %, 572.36 W
2026/09/21 02:18:00.417, 0, NVIDIA RTX PRO 6000 Blackwell Server Edition, 39413 MiB, 100 %, 572.19 W
2026/09/21 02:18:01.417, 0, NVIDIA RTX PRO 6000 Blackwell Server Edition, 39413 MiB, 100 %, 571.68 W
2026/09/21 02:18:02.417, 0, NVIDIA RTX PRO 6000 Blackwell Server Edition, 38847 MiB, 9 %, 156.24 W
2026/09/21 02:18:03.417, 0, NVIDIA RTX PRO 6000 Blackwell Server Edition, 42843 MiB, 100 %, 518.83 W
2026/09/21 02:18:04.417, 0, NVIDIA RTX PRO 6000 Blackwell Server Edition, 42843 MiB, 100 %, 599.78 W
2026/09/21 02:18:05.417, 0, NVIDIA RTX PRO 6000 Blackwell Server Edition, 42843 MiB, 100 %, 599.18 W
2026/09/21 02:18:06.417, 0, NVIDIA RTX PRO 6000 Blackwell Server Edition, 42843 MiB, 100 %, 602.26 W
2026/09/21 02:18:07.418, 0, NVIDIA RTX PRO 6000 Blackwell Server Edition, 42843 MiB, 100 %, 599.12 W
2026/09/21 02:18:08.418, 0, NVIDIA RTX PRO 6000 Blackwell Server Edition, 42843 MiB, 100 %, 597.72 W
2026/09/21 02:18:09.418, 0, NVIDIA RTX PRO 6000 Blackwell Server Edition, 42843 MiB, 100 %, 601.78 W
2026/09/21 02:18:10.418, 0, NVIDIA RTX PRO 6000 Blackwell Server Edition, 58283 MiB, 70 %, 230.27 W
2026/09/21 02:18:11.418, 0, NVIDIA RTX PRO 6000 Blackwell Server Edition, 59083 MiB, 100 %, 527.55 W
2026/09/21 02:18:12.418, 0, NVIDIA RTX PRO 6000 Blackwell Server Edition, 59083 MiB, 100 %, 568.79 W
2026/09/21 02:18:13.418, 0, NVIDIA RTX PRO 6000 Blackwell Server Edition, 59083 MiB, 100 %, 568.00 W
2026/09/21 02:18:14.419, 0, NVIDIA RTX PRO 6000 Blackwell Server Edition, 59083 MiB, 100 %, 566.54 W
2026/09/21 02:18:15.419, 0, NVIDIA RTX PRO 6000 Blackwell Server Edition, 59083 MiB, 100 %, 572.11 W
2026/09/21 02:18:16.419, 0, NVIDIA RTX PRO 6000 Blackwell Server Edition, 59083 MiB, 100 %, 568.41 W
2026/09/21 02:18:17.419, 0, NVIDIA RTX PRO 6000 Blackwell Server Edition, 59083 MiB, 100 %, 570.55 W
2026/09/21 02:18:18.419, 0, NVIDIA RTX PRO 6000 Blackwell Server Edition, 59083 MiB, 100 %, 570.31 W
2026/09/21 02:18:19.419, 0, NVIDIA RTX PRO 6000 Blackwell Server Edition, 39281 MiB, 26 %, 335.89 W
2026/09/21 02:18:20.420, 0, NVIDIA RTX PRO 6000 Blackwell Server Edition, 44987 MiB, 18 %, 97.75 W
2026/09/21 02:18:21.420, 0, NVIDIA RTX PRO 6000 Blackwell Server Edition, 55167 MiB, 18 %, 98.15 W
2026/09/21 02:18:22.420, 0, NVIDIA RTX PRO 6000 Blackwell Server Edition, 61809 MiB, 0 %, 103.75 W
2026/09/21 02:18:23.420, 0, NVIDIA RTX PRO 6000 Blackwell Server Edition, 42511 MiB, 18 %, 134.79 W
2026/09/21 02:18:24.420, 0, NVIDIA RTX PRO 6000 Blackwell Server Edition, 46191 MiB, 5 %, 109.05 W
2026/09/21 02:18:25.421, 0, NVIDIA RTX PRO 6000 Blackwell Server Edition, 39411 MiB, 11 %, 160.20 W
2026/09/21 02:18:26.421, 0, NVIDIA RTX PRO 6000 Blackwell Server Edition, 39413 MiB, 98 %, 571.15 W
2026/09/21 02:18:27.421, 0, NVIDIA RTX PRO 6000 Blackwell Server Edition, 39413 MiB, 98 %, 571.96 W
2026/09/21 02:18:28.421, 0, NVIDIA RTX PRO 6000 Blackwell Server Edition, 39413 MiB, 100 %, 573.51 W
2026/09/21 02:18:29.421, 0, NVIDIA RTX PRO 6000 Blackwell Server Edition, 40615 MiB, 15 %, 454.72 W
2026/09/21 02:18:30.421, 0, NVIDIA RTX PRO 6000 Blackwell Server Edition, 42843 MiB, 99 %, 213.04 W
2026/09/21 02:18:31.422, 0, NVIDIA RTX PRO 6000 Blackwell Server Edition, 42843 MiB, 100 %, 600.65 W
2026/09/21 02:18:32.422, 0, NVIDIA RTX PRO 6000 Blackwell Server Edition, 42843 MiB, 100 %, 600.27 W
2026/09/21 02:18:33.422, 0, NVIDIA RTX PRO 6000 Blackwell Server Edition, 42843 MiB, 100 %, 599.27 W
2026/09/21 02:18:34.422, 0, NVIDIA RTX PRO 6000 Blackwell Server Edition, 42843 MiB, 100 %, 601.86 W
2026/09/21 02:18:35.422, 0, NVIDIA RTX PRO 6000 Blackwell Server Edition, 42843 MiB, 100 %, 599.43 W
2026/09/21 02:18:36.422, 0, NVIDIA RTX PRO 6000 Blackwell Server Edition, 42843 MiB, 100 %, 600.98 W
2026/09/21 02:18:37.422, 0, NVIDIA RTX PRO 6000 Blackwell Server Edition, 42903 MiB, 8 %, 431.90 W
2026/09/21 02:18:38.422, 0, NVIDIA RTX PRO 6000 Blackwell Server Edition, 59083 MiB, 100 %, 341.99 W
2026/09/21 02:18:39.423, 0, NVIDIA RTX PRO 6000 Blackwell Server Edition, 59083 MiB, 100 %, 567.42 W
2026/09/21 02:18:40.423, 0, NVIDIA RTX PRO 6000 Blackwell Server Edition, 59083 MiB, 100 %, 568.87 W
2026/09/21 02:18:41.423, 0, NVIDIA RTX PRO 6000 Blackwell Server Edition, 59083 MiB, 100 %, 570.86 W
2026/09/21 02:18:42.423, 0, NVIDIA RTX PRO 6000 Blackwell Server Edition, 59083 MiB, 100 %, 567.62 W
2026/09/21 02:18:43.423, 0, NVIDIA RTX PRO 6000 Blackwell Server Edition, 59083 MiB, 100 %, 570.01 W
2026/09/21 02:18:44.423, 0, NVIDIA RTX PRO 6000 Blackwell Server Edition, 59083 MiB, 100 %, 570.36 W
2026/09/21 02:18:45.423, 0, NVIDIA RTX PRO 6000 Blackwell Server Edition, 59083 MiB, 100 %, 569.01 W
2026/09/21 02:18:46.424, 0, NVIDIA RTX PRO 6000 Blackwell Server Edition, 62895 MiB, 100 %, 569.81 W
2026/09/21 02:18:47.424, 0, NVIDIA RTX PRO 6000 Blackwell Server Edition, 39281 MiB, 0 %, 135.20 W
2026/09/21 02:18:48.424, 0, NVIDIA RTX PRO 6000 Blackwell Server Edition, 47847 MiB, 18 %, 98.23 W
2026/09/21 02:18:49.424, 0, NVIDIA RTX PRO 6000 Blackwell Server Edition, 57685 MiB, 19 %, 97.78 W
2026/09/21 02:18:50.424, 0, NVIDIA RTX PRO 6000 Blackwell Server Edition, 61809 MiB, 66 %, 131.09 W
2026/09/21 02:18:51.425, 0, NVIDIA RTX PRO 6000 Blackwell Server Edition, 42511 MiB, 16 %, 97.57 W
2026/09/21 02:18:52.425, 0, NVIDIA RTX PRO 6000 Blackwell Server Edition, 39057 MiB, 19 %, 110.57 W
2026/09/21 02:18:53.425, 0, NVIDIA RTX PRO 6000 Blackwell Server Edition, 39411 MiB, 100 %, 267.23 W
2026/09/21 02:18:54.425, 0, NVIDIA RTX PRO 6000 Blackwell Server Edition, 39413 MiB, 100 %, 571.21 W
2026/09/21 02:18:55.425, 0, NVIDIA RTX PRO 6000 Blackwell Server Edition, 39413 MiB, 100 %, 574.11 W
2026/09/21 02:18:56.425, 0, NVIDIA RTX PRO 6000 Blackwell Server Edition, 39413 MiB, 100 %, 575.70 W
2026/09/21 02:18:57.425, 0, NVIDIA RTX PRO 6000 Blackwell Server Edition, 39381 MiB, 26 %, 342.08 W
2026/09/21 02:18:58.425, 0, NVIDIA RTX PRO 6000 Blackwell Server Edition, 42843 MiB, 100 %, 319.01 W
2026/09/21 02:18:59.426, 0, NVIDIA RTX PRO 6000 Blackwell Server Edition, 42843 MiB, 100 %, 599.01 W
2026/09/21 02:19:00.426, 0, NVIDIA RTX PRO 6000 Blackwell Server Edition, 42843 MiB, 100 %, 599.12 W
2026/09/21 02:19:01.426, 0, NVIDIA RTX PRO 6000 Blackwell Server Edition, 42843 MiB, 100 %, 599.65 W
2026/09/21 02:19:02.426, 0, NVIDIA RTX PRO 6000 Blackwell Server Edition, 42843 MiB, 100 %, 599.10 W
2026/09/21 02:19:03.426, 0, NVIDIA RTX PRO 6000 Blackwell Server Edition, 42843 MiB, 100 %, 599.62 W
2026/09/21 02:19:04.426, 0, NVIDIA RTX PRO 6000 Blackwell Server Edition, 42843 MiB, 100 %, 601.08 W
2026/09/21 02:19:05.426, 0, NVIDIA RTX PRO 6000 Blackwell Server Edition, 39337 MiB, 4 %, 338.01 W
2026/09/21 02:19:06.427, 0, NVIDIA RTX PRO 6000 Blackwell Server Edition, 59083 MiB, 100 %, 434.08 W
2026/09/21 02:19:07.427, 0, NVIDIA RTX PRO 6000 Blackwell Server Edition, 59083 MiB, 100 %, 568.77 W
2026/09/21 02:19:08.427, 0, NVIDIA RTX PRO 6000 Blackwell Server Edition, 59083 MiB, 100 %, 568.17 W
2026/09/21 02:19:09.427, 0, NVIDIA RTX PRO 6000 Blackwell Server Edition, 59083 MiB, 100 %, 571.22 W
2026/09/21 02:19:10.427, 0, NVIDIA RTX PRO 6000 Blackwell Server Edition, 59083 MiB, 100 %, 568.82 W
2026/09/21 02:19:11.427, 0, NVIDIA RTX PRO 6000 Blackwell Server Edition, 59083 MiB, 100 %, 568.75 W
2026/09/21 02:19:12.427, 0, NVIDIA RTX PRO 6000 Blackwell Server Edition, 59083 MiB, 100 %, 571.59 W
2026/09/21 02:19:13.428, 0, NVIDIA RTX PRO 6000 Blackwell Server Edition, 59083 MiB, 100 %, 567.79 W
2026/09/21 02:19:14.428, 0, NVIDIA RTX PRO 6000 Blackwell Server Edition, 62895 MiB, 46 %, 500.45 W
2026/09/21 02:19:15.428, 0, NVIDIA RTX PRO 6000 Blackwell Server Edition, 41201 MiB, 0 %, 98.95 W
2026/09/21 02:19:16.428, 0, NVIDIA RTX PRO 6000 Blackwell Server Edition, 46517 MiB, 14 %, 97.93 W
2026/09/21 02:19:17.428, 0, NVIDIA RTX PRO 6000 Blackwell Server Edition, 55281 MiB, 12 %, 97.36 W
2026/09/21 02:19:18.428, 0, NVIDIA RTX PRO 6000 Blackwell Server Edition, 61715 MiB, 0 %, 112.00 W
2026/09/21 02:19:19.428, 0, NVIDIA RTX PRO 6000 Blackwell Server Edition, 42511 MiB, 19 %, 124.63 W
2026/09/21 02:19:20.429, 0, NVIDIA RTX PRO 6000 Blackwell Server Edition, 46191 MiB, 70 %, 109.75 W
2026/09/21 02:19:21.429, 0, NVIDIA RTX PRO 6000 Blackwell Server Edition, 39411 MiB, 100 %, 207.85 W
2026/09/21 02:19:22.429, 0, NVIDIA RTX PRO 6000 Blackwell Server Edition, 39413 MiB, 100 %, 573.45 W
2026/09/21 02:19:23.429, 0, NVIDIA RTX PRO 6000 Blackwell Server Edition, 39413 MiB, 100 %, 573.40 W
2026/09/21 02:19:24.429, 0, NVIDIA RTX PRO 6000 Blackwell Server Edition, 39413 MiB, 100 %, 572.97 W
2026/09/21 02:19:25.430, 0, NVIDIA RTX PRO 6000 Blackwell Server Edition, 40615 MiB, 36 %, 405.31 W
2026/09/21 02:19:26.430, 0, NVIDIA RTX PRO 6000 Blackwell Server Edition, 42843 MiB, 100 %, 279.19 W
2026/09/21 02:19:27.430, 0, NVIDIA RTX PRO 6000 Blackwell Server Edition, 42843 MiB, 100 %, 599.45 W
2026/09/21 02:19:28.430, 0, NVIDIA RTX PRO 6000 Blackwell Server Edition, 42843 MiB, 100 %, 601.03 W
2026/09/21 02:19:29.430, 0, NVIDIA RTX PRO 6000 Blackwell Server Edition, 42843 MiB, 100 %, 599.07 W
2026/09/21 02:19:30.431, 0, NVIDIA RTX PRO 6000 Blackwell Server Edition, 42843 MiB, 100 %, 598.98 W
2026/09/21 02:19:31.431, 0, NVIDIA RTX PRO 6000 Blackwell Server Edition, 42843 MiB, 100 %, 599.99 W
2026/09/21 02:19:32.431, 0, NVIDIA RTX PRO 6000 Blackwell Server Edition, 42843 MiB, 100 %, 601.06 W
2026/09/21 02:19:33.431, 0, NVIDIA RTX PRO 6000 Blackwell Server Edition, 42777 MiB, 0 %, 374.30 W
2026/09/21 02:19:34.431, 0, NVIDIA RTX PRO 6000 Blackwell Server Edition, 59083 MiB, 100 %, 421.36 W
2026/09/21 02:19:35.431, 0, NVIDIA RTX PRO 6000 Blackwell Server Edition, 59083 MiB, 100 %, 568.77 W
2026/09/21 02:19:36.431, 0, NVIDIA RTX PRO 6000 Blackwell Server Edition, 59083 MiB, 100 %, 567.12 W
2026/09/21 02:19:37.432, 0, NVIDIA RTX PRO 6000 Blackwell Server Edition, 59083 MiB, 100 %, 572.14 W
2026/09/21 02:19:38.432, 0, NVIDIA RTX PRO 6000 Blackwell Server Edition, 59083 MiB, 100 %, 570.31 W
2026/09/21 02:19:39.432, 0, NVIDIA RTX PRO 6000 Blackwell Server Edition, 59083 MiB, 100 %, 572.12 W
2026/09/21 02:19:40.433, 0, NVIDIA RTX PRO 6000 Blackwell Server Edition, 59083 MiB, 100 %, 568.61 W
2026/09/21 02:19:41.433, 0, NVIDIA RTX PRO 6000 Blackwell Server Edition, 59083 MiB, 100 %, 567.32 W
2026/09/21 02:19:42.433, 0, NVIDIA RTX PRO 6000 Blackwell Server Edition, 62895 MiB, 100 %, 567.22 W
2026/09/21 02:19:43.433, 0, NVIDIA RTX PRO 6000 Blackwell Server Edition, 39281 MiB, 4 %, 108.82 W
2026/09/21 02:19:44.433, 0, NVIDIA RTX PRO 6000 Blackwell Server Edition, 49035 MiB, 17 %, 98.39 W
2026/09/21 02:19:45.435, 0, NVIDIA RTX PRO 6000 Blackwell Server Edition, 58667 MiB, 17 %, 97.66 W
2026/09/21 02:19:46.435, 0, NVIDIA RTX PRO 6000 Blackwell Server Edition, 38685 MiB, 0 %, 133.05 W
2026/09/21 02:19:47.469, 0, NVIDIA RTX PRO 6000 Blackwell Server Edition, 43247 MiB, 0 %, 94.78 W
2026/09/21 02:19:48.469, 0, NVIDIA RTX PRO 6000 Blackwell Server Edition, 39059 MiB, 3 %, 110.28 W
2026/09/21 02:19:49.469, 0, NVIDIA RTX PRO 6000 Blackwell Server Edition, 39413 MiB, 98 %, 392.82 W
2026/09/21 02:19:50.470, 0, NVIDIA RTX PRO 6000 Blackwell Server Edition, 39413 MiB, 98 %, 571.35 W
2026/09/21 02:19:51.470, 0, NVIDIA RTX PRO 6000 Blackwell Server Edition, 39413 MiB, 98 %, 572.09 W
2026/09/21 02:19:52.470, 0, NVIDIA RTX PRO 6000 Blackwell Server Edition, 39413 MiB, 100 %, 572.74 W
2026/09/21 02:19:53.470, 0, NVIDIA RTX PRO 6000 Blackwell Server Edition, 38739 MiB, 0 %, 216.39 W
2026/09/21 02:19:54.470, 0, NVIDIA RTX PRO 6000 Blackwell Server Edition, 42843 MiB, 100 %, 446.58 W
2026/09/21 02:19:55.470, 0, NVIDIA RTX PRO 6000 Blackwell Server Edition, 42843 MiB, 100 %, 601.31 W
2026/09/21 02:19:56.471, 0, NVIDIA RTX PRO 6000 Blackwell Server Edition, 42843 MiB, 100 %, 599.07 W
2026/09/21 02:19:57.471, 0, NVIDIA RTX PRO 6000 Blackwell Server Edition, 42843 MiB, 100 %, 600.87 W
2026/09/21 02:19:58.471, 0, NVIDIA RTX PRO 6000 Blackwell Server Edition, 42843 MiB, 100 %, 598.55 W
2026/09/21 02:19:59.471, 0, NVIDIA RTX PRO 6000 Blackwell Server Edition, 42843 MiB, 100 %, 601.22 W
2026/09/21 02:20:00.471, 0, NVIDIA RTX PRO 6000 Blackwell Server Edition, 42843 MiB, 100 %, 600.32 W
2026/09/21 02:20:01.471, 0, NVIDIA RTX PRO 6000 Blackwell Server Edition, 40731 MiB, 0 %, 251.05 W
2026/09/21 02:20:02.471, 0, NVIDIA RTX PRO 6000 Blackwell Server Edition, 59083 MiB, 100 %, 526.86 W
2026/09/21 02:20:03.472, 0, NVIDIA RTX PRO 6000 Blackwell Server Edition, 59083 MiB, 100 %, 569.49 W
2026/09/21 02:20:04.472, 0, NVIDIA RTX PRO 6000 Blackwell Server Edition, 59083 MiB, 100 %, 572.92 W
2026/09/21 02:20:05.472, 0, NVIDIA RTX PRO 6000 Blackwell Server Edition, 59083 MiB, 100 %, 571.50 W
2026/09/21 02:20:06.472, 0, NVIDIA RTX PRO 6000 Blackwell Server Edition, 59083 MiB, 100 %, 565.69 W
2026/09/21 02:20:07.472, 0, NVIDIA RTX PRO 6000 Blackwell Server Edition, 59083 MiB, 100 %, 574.84 W
2026/09/21 02:20:08.473, 0, NVIDIA RTX PRO 6000 Blackwell Server Edition, 59083 MiB, 100 %, 569.91 W
2026/09/21 02:20:09.473, 0, NVIDIA RTX PRO 6000 Blackwell Server Edition, 59083 MiB, 100 %, 568.92 W
2026/09/21 02:20:10.473, 0, NVIDIA RTX PRO 6000 Blackwell Server Edition, 39281 MiB, 28 %, 368.25 W
2026/09/21 02:20:11.473, 0, NVIDIA RTX PRO 6000 Blackwell Server Edition, 42697 MiB, 18 %, 97.15 W
2026/09/21 02:20:12.473, 0, NVIDIA RTX PRO 6000 Blackwell Server Edition, 52839 MiB, 20 %, 98.34 W
2026/09/21 02:20:13.473, 0, NVIDIA RTX PRO 6000 Blackwell Server Edition, 61313 MiB, 19 %, 97.19 W
2026/09/21 02:20:14.474, 0, NVIDIA RTX PRO 6000 Blackwell Server Edition, 40717 MiB, 13 %, 135.04 W
2026/09/21 02:20:15.474, 0, NVIDIA RTX PRO 6000 Blackwell Server Edition, 44719 MiB, 0 %, 94.34 W
2026/09/21 02:20:16.474, 0, NVIDIA RTX PRO 6000 Blackwell Server Edition, 39411 MiB, 0 %, 110.52 W
2026/09/21 02:20:17.474, 0, NVIDIA RTX PRO 6000 Blackwell Server Edition, 39413 MiB, 100 %, 540.67 W
2026/09/21 02:20:18.474, 0, NVIDIA RTX PRO 6000 Blackwell Server Edition, 39413 MiB, 100 %, 571.58 W
2026/09/21 02:20:19.474, 0, NVIDIA RTX PRO 6000 Blackwell Server Edition, 39413 MiB, 98 %, 571.88 W
2026/09/21 02:20:20.475, 0, NVIDIA RTX PRO 6000 Blackwell Server Edition, 39917 MiB, 49 %, 522.08 W
2026/09/21 02:20:21.475, 0, NVIDIA RTX PRO 6000 Blackwell Server Edition, 42843 MiB, 23 %, 149.91 W
2026/09/21 02:20:22.475, 0, NVIDIA RTX PRO 6000 Blackwell Server Edition, 42843 MiB, 100 %, 600.28 W
2026/09/21 02:20:23.475, 0, NVIDIA RTX PRO 6000 Blackwell Server Edition, 42843 MiB, 100 %, 600.85 W
2026/09/21 02:20:24.475, 0, NVIDIA RTX PRO 6000 Blackwell Server Edition, 42843 MiB, 100 %, 599.85 W
2026/09/21 02:20:25.475, 0, NVIDIA RTX PRO 6000 Blackwell Server Edition, 42843 MiB, 100 %, 600.52 W
2026/09/21 02:20:26.476, 0, NVIDIA RTX PRO 6000 Blackwell Server Edition, 42843 MiB, 100 %, 600.03 W
2026/09/21 02:20:27.476, 0, NVIDIA RTX PRO 6000 Blackwell Server Edition, 42843 MiB, 100 %, 601.39 W
2026/09/21 02:20:28.476, 0, NVIDIA RTX PRO 6000 Blackwell Server Edition, 42903 MiB, 12 %, 497.77 W
2026/09/21 02:20:29.476, 0, NVIDIA RTX PRO 6000 Blackwell Server Edition, 59083 MiB, 100 %, 299.20 W
2026/09/21 02:20:30.476, 0, NVIDIA RTX PRO 6000 Blackwell Server Edition, 59083 MiB, 100 %, 563.86 W
2026/09/21 02:20:31.476, 0, NVIDIA RTX PRO 6000 Blackwell Server Edition, 59083 MiB, 100 %, 569.55 W
2026/09/21 02:20:32.477, 0, NVIDIA RTX PRO 6000 Blackwell Server Edition, 59083 MiB, 100 %, 568.06 W
2026/09/21 02:20:33.477, 0, NVIDIA RTX PRO 6000 Blackwell Server Edition, 59083 MiB, 100 %, 567.88 W
2026/09/21 02:20:34.477, 0, NVIDIA RTX PRO 6000 Blackwell Server Edition, 59083 MiB, 100 %, 569.86 W
2026/09/21 02:20:35.477, 0, NVIDIA RTX PRO 6000 Blackwell Server Edition, 59083 MiB, 100 %, 567.09 W
2026/09/21 02:20:36.477, 0, NVIDIA RTX PRO 6000 Blackwell Server Edition, 59083 MiB, 100 %, 571.42 W
2026/09/21 02:20:37.477, 0, NVIDIA RTX PRO 6000 Blackwell Server Edition, 59083 MiB, 100 %, 566.30 W
2026/09/21 02:20:38.478, 0, NVIDIA RTX PRO 6000 Blackwell Server Edition, 39281 MiB, 0 %, 206.69 W
2026/09/21 02:20:39.478, 0, NVIDIA RTX PRO 6000 Blackwell Server Edition, 46951 MiB, 18 %, 98.08 W
2026/09/21 02:20:40.479, 0, NVIDIA RTX PRO 6000 Blackwell Server Edition, 57175 MiB, 20 %, 98.15 W
2026/09/21 02:20:41.480, 0, NVIDIA RTX PRO 6000 Blackwell Server Edition, 61809 MiB, 61 %, 131.50 W
2026/09/21 02:20:42.480, 0, NVIDIA RTX PRO 6000 Blackwell Server Edition, 42511 MiB, 0 %, 97.82 W
2026/09/21 02:20:43.480, 0, NVIDIA RTX PRO 6000 Blackwell Server Edition, 39057 MiB, 0 %, 110.44 W
2026/09/21 02:20:44.480, 0, NVIDIA RTX PRO 6000 Blackwell Server Edition, 39413 MiB, 100 %, 314.81 W
2026/09/21 02:20:45.481, 0, NVIDIA RTX PRO 6000 Blackwell Server Edition, 39413 MiB, 100 %, 574.28 W
2026/09/21 02:20:46.481, 0, NVIDIA RTX PRO 6000 Blackwell Server Edition, 39413 MiB, 100 %, 574.19 W
2026/09/21 02:20:47.482, 0, NVIDIA RTX PRO 6000 Blackwell Server Edition, 39413 MiB, 100 %, 571.66 W
2026/09/21 02:20:48.482, 0, NVIDIA RTX PRO 6000 Blackwell Server Edition, 39381 MiB, 0 %, 290.33 W
2026/09/21 02:20:49.482, 0, NVIDIA RTX PRO 6000 Blackwell Server Edition, 42843 MiB, 100 %, 350.04 W
2026/09/21 02:20:50.483, 0, NVIDIA RTX PRO 6000 Blackwell Server Edition, 42843 MiB, 100 %, 599.10 W
2026/09/21 02:20:51.483, 0, NVIDIA RTX PRO 6000 Blackwell Server Edition, 42843 MiB, 100 %, 599.84 W
2026/09/21 02:20:52.483, 0, NVIDIA RTX PRO 6000 Blackwell Server Edition, 42843 MiB, 100 %, 600.52 W
2026/09/21 02:20:53.483, 0, NVIDIA RTX PRO 6000 Blackwell Server Edition, 42843 MiB, 100 %, 599.95 W
2026/09/21 02:20:54.483, 0, NVIDIA RTX PRO 6000 Blackwell Server Edition, 42843 MiB, 100 %, 598.68 W
2026/09/21 02:20:55.483, 0, NVIDIA RTX PRO 6000 Blackwell Server Edition, 42843 MiB, 100 %, 602.26 W
2026/09/21 02:20:56.484, 0, NVIDIA RTX PRO 6000 Blackwell Server Edition, 39337 MiB, 0 %, 307.68 W
2026/09/21 02:20:57.484, 0, NVIDIA RTX PRO 6000 Blackwell Server Edition, 59083 MiB, 100 %, 461.64 W
2026/09/21 02:20:58.484, 0, NVIDIA RTX PRO 6000 Blackwell Server Edition, 59083 MiB, 100 %, 574.56 W
2026/09/21 02:20:59.484, 0, NVIDIA RTX PRO 6000 Blackwell Server Edition, 59083 MiB, 100 %, 564.68 W
2026/09/21 02:21:00.484, 0, NVIDIA RTX PRO 6000 Blackwell Server Edition, 59083 MiB, 100 %, 570.96 W
2026/09/21 02:21:01.484, 0, NVIDIA RTX PRO 6000 Blackwell Server Edition, 59083 MiB, 100 %, 573.48 W
2026/09/21 02:21:02.485, 0, NVIDIA RTX PRO 6000 Blackwell Server Edition, 59083 MiB, 100 %, 570.60 W
2026/09/21 02:21:03.485, 0, NVIDIA RTX PRO 6000 Blackwell Server Edition, 59083 MiB, 100 %, 567.78 W
2026/09/21 02:21:04.485, 0, NVIDIA RTX PRO 6000 Blackwell Server Edition, 59083 MiB, 100 %, 572.60 W
2026/09/21 02:21:05.485, 0, NVIDIA RTX PRO 6000 Blackwell Server Edition, 39281 MiB, 0 %, 464.60 W
2026/09/21 02:21:06.485, 0, NVIDIA RTX PRO 6000 Blackwell Server Edition, 41201 MiB, 38 %, 99.74 W
2026/09/21 02:21:07.486, 0, NVIDIA RTX PRO 6000 Blackwell Server Edition, 50799 MiB, 18 %, 98.25 W
2026/09/21 02:21:08.486, 0, NVIDIA RTX PRO 6000 Blackwell Server Edition, 60779 MiB, 19 %, 97.76 W
2026/09/21 02:21:09.486, 0, NVIDIA RTX PRO 6000 Blackwell Server Edition, 39061 MiB, 0 %, 133.66 W
2026/09/21 02:21:10.486, 0, NVIDIA RTX PRO 6000 Blackwell Server Edition, 43247 MiB, 0 %, 94.68 W
2026/09/21 02:21:11.486, 0, NVIDIA RTX PRO 6000 Blackwell Server Edition, 39169 MiB, 12 %, 111.43 W
2026/09/21 02:21:12.487, 0, NVIDIA RTX PRO 6000 Blackwell Server Edition, 39413 MiB, 100 %, 459.49 W
2026/09/21 02:21:13.487, 0, NVIDIA RTX PRO 6000 Blackwell Server Edition, 39413 MiB, 100 %, 570.92 W
2026/09/21 02:21:14.487, 0, NVIDIA RTX PRO 6000 Blackwell Server Edition, 39413 MiB, 100 %, 571.45 W
2026/09/21 02:21:15.487, 0, NVIDIA RTX PRO 6000 Blackwell Server Edition, 39413 MiB, 100 %, 571.91 W
2026/09/21 02:21:16.487, 0, NVIDIA RTX PRO 6000 Blackwell Server Edition, 38847 MiB, 2 %, 147.85 W
2026/09/21 02:21:17.488, 0, NVIDIA RTX PRO 6000 Blackwell Server Edition, 42843 MiB, 100 %, 535.14 W
2026/09/21 02:21:18.488, 0, NVIDIA RTX PRO 6000 Blackwell Server Edition, 42843 MiB, 100 %, 601.87 W
2026/09/21 02:21:19.488, 0, NVIDIA RTX PRO 6000 Blackwell Server Edition, 42843 MiB, 100 %, 598.42 W
2026/09/21 02:21:20.488, 0, NVIDIA RTX PRO 6000 Blackwell Server Edition, 42843 MiB, 100 %, 601.31 W
2026/09/21 02:21:21.488, 0, NVIDIA RTX PRO 6000 Blackwell Server Edition, 42843 MiB, 100 %, 599.97 W
2026/09/21 02:21:22.489, 0, NVIDIA RTX PRO 6000 Blackwell Server Edition, 42843 MiB, 100 %, 599.75 W
2026/09/21 02:21:23.489, 0, NVIDIA RTX PRO 6000 Blackwell Server Edition, 42843 MiB, 100 %, 600.41 W
2026/09/21 02:21:24.489, 0, NVIDIA RTX PRO 6000 Blackwell Server Edition, 58283 MiB, 100 %, 240.77 W
2026/09/21 02:21:25.489, 0, NVIDIA RTX PRO 6000 Blackwell Server Edition, 59083 MiB, 100 %, 535.81 W
2026/09/21 02:21:26.489, 0, NVIDIA RTX PRO 6000 Blackwell Server Edition, 59083 MiB, 100 %, 571.61 W
2026/09/21 02:21:27.489, 0, NVIDIA RTX PRO 6000 Blackwell Server Edition, 59083 MiB, 100 %, 566.40 W
2026/09/21 02:21:28.490, 0, NVIDIA RTX PRO 6000 Blackwell Server Edition, 59083 MiB, 100 %, 568.36 W
2026/09/21 02:21:29.490, 0, NVIDIA RTX PRO 6000 Blackwell Server Edition, 59083 MiB, 100 %, 569.90 W
2026/09/21 02:21:30.490, 0, NVIDIA RTX PRO 6000 Blackwell Server Edition, 59083 MiB, 100 %, 565.34 W
2026/09/21 02:21:31.490, 0, NVIDIA RTX PRO 6000 Blackwell Server Edition, 59083 MiB, 100 %, 569.95 W
2026/09/21 02:21:32.490, 0, NVIDIA RTX PRO 6000 Blackwell Server Edition, 59083 MiB, 100 %, 569.35 W
2026/09/21 02:21:33.490, 0, NVIDIA RTX PRO 6000 Blackwell Server Edition, 39281 MiB, 0 %, 304.04 W
2026/09/21 02:21:34.491, 0, NVIDIA RTX PRO 6000 Blackwell Server Edition, 44091 MiB, 20 %, 97.48 W
2026/09/21 02:21:35.491, 0, NVIDIA RTX PRO 6000 Blackwell Server Edition, 54299 MiB, 19 %, 98.16 W
2026/09/21 02:21:36.491, 0, NVIDIA RTX PRO 6000 Blackwell Server Edition, 61457 MiB, 0 %, 96.45 W
2026/09/21 02:21:37.491, 0, NVIDIA RTX PRO 6000 Blackwell Server Edition, 42255 MiB, 19 %, 134.52 W
2026/09/21 02:21:38.491, 0, NVIDIA RTX PRO 6000 Blackwell Server Edition, 46191 MiB, 61 %, 109.71 W
2026/09/21 02:21:39.492, 0, NVIDIA RTX PRO 6000 Blackwell Server Edition, 39411 MiB, 100 %, 178.31 W
2026/09/21 02:21:40.492, 0, NVIDIA RTX PRO 6000 Blackwell Server Edition, 39413 MiB, 100 %, 570.59 W
2026/09/21 02:21:41.492, 0, NVIDIA RTX PRO 6000 Blackwell Server Edition, 39413 MiB, 100 %, 573.02 W
2026/09/21 02:21:42.492, 0, NVIDIA RTX PRO 6000 Blackwell Server Edition, 39413 MiB, 100 %, 573.97 W
2026/09/21 02:21:43.492, 0, NVIDIA RTX PRO 6000 Blackwell Server Edition, 40615 MiB, 38 %, 433.94 W
2026/09/21 02:21:44.493, 0, NVIDIA RTX PRO 6000 Blackwell Server Edition, 42843 MiB, 100 %, 238.66 W
2026/09/21 02:21:45.493, 0, NVIDIA RTX PRO 6000 Blackwell Server Edition, 42843 MiB, 100 %, 601.48 W
2026/09/21 02:21:46.493, 0, NVIDIA RTX PRO 6000 Blackwell Server Edition, 42843 MiB, 100 %, 599.53 W
2026/09/21 02:21:47.493, 0, NVIDIA RTX PRO 6000 Blackwell Server Edition, 42843 MiB, 100 %, 599.45 W
2026/09/21 02:21:48.493, 0, NVIDIA RTX PRO 6000 Blackwell Server Edition, 42843 MiB, 100 %, 602.25 W
2026/09/21 02:21:49.493, 0, NVIDIA RTX PRO 6000 Blackwell Server Edition, 42843 MiB, 100 %, 597.65 W
2026/09/21 02:21:50.494, 0, NVIDIA RTX PRO 6000 Blackwell Server Edition, 42843 MiB, 100 %, 602.14 W
2026/09/21 02:21:51.494, 0, NVIDIA RTX PRO 6000 Blackwell Server Edition, 42903 MiB, 32 %, 406.02 W
2026/09/21 02:21:52.494, 0, NVIDIA RTX PRO 6000 Blackwell Server Edition, 59083 MiB, 100 %, 373.98 W
2026/09/21 02:21:53.494, 0, NVIDIA RTX PRO 6000 Blackwell Server Edition, 59083 MiB, 100 %, 569.52 W
2026/09/21 02:21:54.494, 0, NVIDIA RTX PRO 6000 Blackwell Server Edition, 59083 MiB, 100 %, 568.08 W
2026/09/21 02:21:55.494, 0, NVIDIA RTX PRO 6000 Blackwell Server Edition, 59083 MiB, 100 %, 565.61 W
2026/09/21 02:21:56.495, 0, NVIDIA RTX PRO 6000 Blackwell Server Edition, 59083 MiB, 100 %, 567.34 W
2026/09/21 02:21:57.495, 0, NVIDIA RTX PRO 6000 Blackwell Server Edition, 59083 MiB, 100 %, 568.94 W
2026/09/21 02:21:58.495, 0, NVIDIA RTX PRO 6000 Blackwell Server Edition, 59083 MiB, 100 %, 568.42 W
2026/09/21 02:21:59.495, 0, NVIDIA RTX PRO 6000 Blackwell Server Edition, 59083 MiB, 100 %, 569.52 W
2026/09/21 02:22:00.495, 0, NVIDIA RTX PRO 6000 Blackwell Server Edition, 62895 MiB, 100 %, 569.54 W
2026/09/21 02:22:01.496, 0, NVIDIA RTX PRO 6000 Blackwell Server Edition, 39281 MiB, 0 %, 142.49 W
2026/09/21 02:22:02.496, 0, NVIDIA RTX PRO 6000 Blackwell Server Edition, 45535 MiB, 17 %, 97.22 W
2026/09/21 02:22:03.496, 0, NVIDIA RTX PRO 6000 Blackwell Server Edition, 55395 MiB, 18 %, 97.68 W
2026/09/21 02:22:04.496, 0, NVIDIA RTX PRO 6000 Blackwell Server Edition, 61809 MiB, 0 %, 99.01 W
2026/09/21 02:22:05.496, 0, NVIDIA RTX PRO 6000 Blackwell Server Edition, 42511 MiB, 13 %, 130.67 W
2026/09/21 02:22:06.497, 0, NVIDIA RTX PRO 6000 Blackwell Server Edition, 46191 MiB, 1 %, 109.81 W
2026/09/21 02:22:07.497, 0, NVIDIA RTX PRO 6000 Blackwell Server Edition, 39411 MiB, 26 %, 193.72 W
2026/09/21 02:22:08.497, 0, NVIDIA RTX PRO 6000 Blackwell Server Edition, 39413 MiB, 98 %, 573.00 W
2026/09/21 02:22:09.497, 0, NVIDIA RTX PRO 6000 Blackwell Server Edition, 39413 MiB, 99 %, 573.46 W
2026/09/21 02:22:10.497, 0, NVIDIA RTX PRO 6000 Blackwell Server Edition, 39413 MiB, 100 %, 573.38 W
2026/09/21 02:22:11.497, 0, NVIDIA RTX PRO 6000 Blackwell Server Edition, 40615 MiB, 15 %, 414.69 W
2026/09/21 02:22:12.498, 0, NVIDIA RTX PRO 6000 Blackwell Server Edition, 42843 MiB, 99 %, 251.32 W
2026/09/21 02:22:13.498, 0, NVIDIA RTX PRO 6000 Blackwell Server Edition, 42843 MiB, 100 %, 602.29 W
2026/09/21 02:22:14.498, 0, NVIDIA RTX PRO 6000 Blackwell Server Edition, 42843 MiB, 100 %, 598.88 W
2026/09/21 02:22:15.498, 0, NVIDIA RTX PRO 6000 Blackwell Server Edition, 42843 MiB, 100 %, 598.81 W
2026/09/21 02:22:16.498, 0, NVIDIA RTX PRO 6000 Blackwell Server Edition, 42843 MiB, 100 %, 602.83 W
2026/09/21 02:22:17.498, 0, NVIDIA RTX PRO 6000 Blackwell Server Edition, 42843 MiB, 100 %, 598.01 W
2026/09/21 02:22:18.499, 0, NVIDIA RTX PRO 6000 Blackwell Server Edition, 42843 MiB, 100 %, 600.57 W
2026/09/21 02:22:19.499, 0, NVIDIA RTX PRO 6000 Blackwell Server Edition, 41517 MiB, 56 %, 410.15 W
2026/09/21 02:22:20.499, 0, NVIDIA RTX PRO 6000 Blackwell Server Edition, 59083 MiB, 100 %, 367.57 W
2026/09/21 02:22:21.499, 0, NVIDIA RTX PRO 6000 Blackwell Server Edition, 59083 MiB, 100 %, 568.77 W
2026/09/21 02:22:22.499, 0, NVIDIA RTX PRO 6000 Blackwell Server Edition, 59083 MiB, 100 %, 569.31 W
2026/09/21 02:22:23.499, 0, NVIDIA RTX PRO 6000 Blackwell Server Edition, 59083 MiB, 100 %, 565.14 W
2026/09/21 02:22:24.500, 0, NVIDIA RTX PRO 6000 Blackwell Server Edition, 59083 MiB, 100 %, 568.32 W
2026/09/21 02:22:25.500, 0, NVIDIA RTX PRO 6000 Blackwell Server Edition, 59083 MiB, 100 %, 572.58 W
2026/09/21 02:22:26.500, 0, NVIDIA RTX PRO 6000 Blackwell Server Edition, 59083 MiB, 100 %, 567.21 W
2026/09/21 02:22:27.500, 0, NVIDIA RTX PRO 6000 Blackwell Server Edition, 59083 MiB, 100 %, 573.26 W
2026/09/21 02:22:28.500, 0, NVIDIA RTX PRO 6000 Blackwell Server Edition, 62895 MiB, 100 %, 558.10 W
2026/09/21 02:22:29.500, 0, NVIDIA RTX PRO 6000 Blackwell Server Edition, 39281 MiB, 0 %, 100.94 W
2026/09/21 02:22:30.501, 0, NVIDIA RTX PRO 6000 Blackwell Server Edition, 49309 MiB, 19 %, 98.44 W
2026/09/21 02:22:31.501, 0, NVIDIA RTX PRO 6000 Blackwell Server Edition, 59417 MiB, 18 %, 97.81 W
2026/09/21 02:22:32.501, 0, NVIDIA RTX PRO 6000 Blackwell Server Edition, 38685 MiB, 14 %, 134.10 W
2026/09/21 02:22:33.501, 0, NVIDIA RTX PRO 6000 Blackwell Server Edition, 43247 MiB, 2 %, 94.77 W
2026/09/21 02:22:34.501, 0, NVIDIA RTX PRO 6000 Blackwell Server Edition, 39057 MiB, 0 %, 110.15 W
2026/09/21 02:22:35.501, 0, NVIDIA RTX PRO 6000 Blackwell Server Edition, 39413 MiB, 100 %, 361.22 W
2026/09/21 02:22:36.502, 0, NVIDIA RTX PRO 6000 Blackwell Server Edition, 39413 MiB, 98 %, 571.99 W
2026/09/21 02:22:37.502, 0, NVIDIA RTX PRO 6000 Blackwell Server Edition, 39413 MiB, 98 %, 571.48 W
2026/09/21 02:22:38.502, 0, NVIDIA RTX PRO 6000 Blackwell Server Edition, 39413 MiB, 98 %, 572.03 W
2026/09/21 02:22:39.502, 0, NVIDIA RTX PRO 6000 Blackwell Server Edition, 38685 MiB, 0 %, 249.94 W
2026/09/21 02:22:40.502, 0, NVIDIA RTX PRO 6000 Blackwell Server Edition, 42843 MiB, 100 %, 410.65 W
2026/09/21 02:22:41.502, 0, NVIDIA RTX PRO 6000 Blackwell Server Edition, 42843 MiB, 100 %, 599.78 W
2026/09/21 02:22:42.503, 0, NVIDIA RTX PRO 6000 Blackwell Server Edition, 42843 MiB, 100 %, 598.10 W
2026/09/21 02:22:43.503, 0, NVIDIA RTX PRO 6000 Blackwell Server Edition, 42843 MiB, 100 %, 599.96 W
2026/09/21 02:22:44.504, 0, NVIDIA RTX PRO 6000 Blackwell Server Edition, 42843 MiB, 100 %, 600.94 W
2026/09/21 02:22:45.504, 0, NVIDIA RTX PRO 6000 Blackwell Server Edition, 42843 MiB, 100 %, 599.99 W
2026/09/21 02:22:46.504, 0, NVIDIA RTX PRO 6000 Blackwell Server Edition, 42843 MiB, 100 %, 600.12 W
2026/09/21 02:22:47.504, 0, NVIDIA RTX PRO 6000 Blackwell Server Edition, 40731 MiB, 0 %, 251.67 W
2026/09/21 02:22:48.504, 0, NVIDIA RTX PRO 6000 Blackwell Server Edition, 59083 MiB, 100 %, 531.53 W
2026/09/21 02:22:49.504, 0, NVIDIA RTX PRO 6000 Blackwell Server Edition, 59083 MiB, 100 %, 570.10 W
2026/09/21 02:22:50.505, 0, NVIDIA RTX PRO 6000 Blackwell Server Edition, 59083 MiB, 100 %, 569.54 W
2026/09/21 02:22:51.505, 0, NVIDIA RTX PRO 6000 Blackwell Server Edition, 59083 MiB, 100 %, 564.10 W
2026/09/21 02:22:52.505, 0, NVIDIA RTX PRO 6000 Blackwell Server Edition, 59083 MiB, 100 %, 573.51 W
2026/09/21 02:22:53.505, 0, NVIDIA RTX PRO 6000 Blackwell Server Edition, 59083 MiB, 100 %, 569.47 W
2026/09/21 02:22:54.505, 0, NVIDIA RTX PRO 6000 Blackwell Server Edition, 59083 MiB, 100 %, 565.47 W
2026/09/21 02:22:55.506, 0, NVIDIA RTX PRO 6000 Blackwell Server Edition, 59083 MiB, 100 %, 570.33 W
2026/09/21 02:22:56.506, 0, NVIDIA RTX PRO 6000 Blackwell Server Edition, 39281 MiB, 0 %, 408.30 W
2026/09/21 02:22:57.506, 0, NVIDIA RTX PRO 6000 Blackwell Server Edition, 42149 MiB, 41 %, 96.92 W
2026/09/21 02:22:58.506, 0, NVIDIA RTX PRO 6000 Blackwell Server Edition, 52345 MiB, 19 %, 98.35 W
2026/09/21 02:22:59.506, 0, NVIDIA RTX PRO 6000 Blackwell Server Edition, 61313 MiB, 19 %, 97.39 W
2026/09/21 02:23:00.506, 0, NVIDIA RTX PRO 6000 Blackwell Server Edition, 40237 MiB, 0 %, 132.12 W
2026/09/21 02:23:01.506, 0, NVIDIA RTX PRO 6000 Blackwell Server Edition, 43249 MiB, 0 %, 94.25 W
2026/09/21 02:23:02.507, 0, NVIDIA RTX PRO 6000 Blackwell Server Edition, 39411 MiB, 6 %, 109.54 W
2026/09/21 02:23:03.507, 0, NVIDIA RTX PRO 6000 Blackwell Server Edition, 39413 MiB, 100 %, 560.13 W
2026/09/21 02:23:04.507, 0, NVIDIA RTX PRO 6000 Blackwell Server Edition, 39413 MiB, 100 %, 571.45 W
2026/09/21 02:23:05.507, 0, NVIDIA RTX PRO 6000 Blackwell Server Edition, 39413 MiB, 100 %, 572.54 W
2026/09/21 02:23:06.507, 0, NVIDIA RTX PRO 6000 Blackwell Server Edition, 39737 MiB, 100 %, 513.11 W
2026/09/21 02:23:07.507, 0, NVIDIA RTX PRO 6000 Blackwell Server Edition, 42843 MiB, 0 %, 149.41 W
2026/09/21 02:23:08.508, 0, NVIDIA RTX PRO 6000 Blackwell Server Edition, 42843 MiB, 100 %, 600.84 W
2026/09/21 02:23:09.508, 0, NVIDIA RTX PRO 6000 Blackwell Server Edition, 42843 MiB, 100 %, 601.13 W
2026/09/21 02:23:10.508, 0, NVIDIA RTX PRO 6000 Blackwell Server Edition, 42843 MiB, 100 %, 598.35 W
2026/09/21 02:23:11.508, 0, NVIDIA RTX PRO 6000 Blackwell Server Edition, 42843 MiB, 100 %, 602.24 W
2026/09/21 02:23:12.508, 0, NVIDIA RTX PRO 6000 Blackwell Server Edition, 42843 MiB, 100 %, 598.32 W
2026/09/21 02:23:13.508, 0, NVIDIA RTX PRO 6000 Blackwell Server Edition, 42843 MiB, 100 %, 602.93 W
2026/09/21 02:23:14.508, 0, NVIDIA RTX PRO 6000 Blackwell Server Edition, 42901 MiB, 62 %, 504.23 W
2026/09/21 02:23:15.508, 0, NVIDIA RTX PRO 6000 Blackwell Server Edition, 59083 MiB, 100 %, 292.17 W
2026/09/21 02:23:16.509, 0, NVIDIA RTX PRO 6000 Blackwell Server Edition, 59083 MiB, 100 %, 558.61 W
2026/09/21 02:23:17.509, 0, NVIDIA RTX PRO 6000 Blackwell Server Edition, 59083 MiB, 100 %, 569.91 W
2026/09/21 02:23:18.509, 0, NVIDIA RTX PRO 6000 Blackwell Server Edition, 59083 MiB, 100 %, 567.78 W
2026/09/21 02:23:19.509, 0, NVIDIA RTX PRO 6000 Blackwell Server Edition, 59083 MiB, 100 %, 567.15 W
2026/09/21 02:23:20.509, 0, NVIDIA RTX PRO 6000 Blackwell Server Edition, 59083 MiB, 100 %, 567.39 W
2026/09/21 02:23:21.509, 0, NVIDIA RTX PRO 6000 Blackwell Server Edition, 59083 MiB, 100 %, 570.43 W
2026/09/21 02:23:22.510, 0, NVIDIA RTX PRO 6000 Blackwell Server Edition, 59083 MiB, 100 %, 566.38 W
2026/09/21 02:23:23.510, 0, NVIDIA RTX PRO 6000 Blackwell Server Edition, 59083 MiB, 100 %, 567.28 W
2026/09/21 02:23:24.510, 0, NVIDIA RTX PRO 6000 Blackwell Server Edition, 39281 MiB, 0 %, 216.38 W
2026/09/21 02:23:25.510, 0, NVIDIA RTX PRO 6000 Blackwell Server Edition, 46951 MiB, 19 %, 98.11 W
2026/09/21 02:23:26.510, 0, NVIDIA RTX PRO 6000 Blackwell Server Edition, 57045 MiB, 19 %, 98.17 W
2026/09/21 02:23:27.511, 0, NVIDIA RTX PRO 6000 Blackwell Server Edition, 61809 MiB, 77 %, 132.69 W
2026/09/21 02:23:28.511, 0, NVIDIA RTX PRO 6000 Blackwell Server Edition, 42511 MiB, 17 %, 97.93 W
2026/09/21 02:23:29.511, 0, NVIDIA RTX PRO 6000 Blackwell Server Edition, 39057 MiB, 5 %, 111.21 W
2026/09/21 02:23:30.512, 0, NVIDIA RTX PRO 6000 Blackwell Server Edition, 39411 MiB, 100 %, 285.64 W
2026/09/21 02:23:31.512, 0, NVIDIA RTX PRO 6000 Blackwell Server Edition, 39413 MiB, 100 %, 572.57 W
2026/09/21 02:23:32.512, 0, NVIDIA RTX PRO 6000 Blackwell Server Edition, 39413 MiB, 100 %, 576.54 W
2026/09/21 02:23:33.512, 0, NVIDIA RTX PRO 6000 Blackwell Server Edition, 39413 MiB, 100 %, 575.80 W
2026/09/21 02:23:34.512, 0, NVIDIA RTX PRO 6000 Blackwell Server Edition, 39381 MiB, 0 %, 330.99 W
2026/09/21 02:23:35.513, 0, NVIDIA RTX PRO 6000 Blackwell Server Edition, 42843 MiB, 100 %, 360.08 W
2026/09/21 02:23:36.513, 0, NVIDIA RTX PRO 6000 Blackwell Server Edition, 42843 MiB, 100 %, 600.36 W
2026/09/21 02:23:37.513, 0, NVIDIA RTX PRO 6000 Blackwell Server Edition, 42843 MiB, 99 %, 601.08 W
2026/09/21 02:23:38.513, 0, NVIDIA RTX PRO 6000 Blackwell Server Edition, 42843 MiB, 100 %, 600.19 W
2026/09/21 02:23:39.513, 0, NVIDIA RTX PRO 6000 Blackwell Server Edition, 42843 MiB, 100 %, 600.70 W
2026/09/21 02:23:40.513, 0, NVIDIA RTX PRO 6000 Blackwell Server Edition, 42843 MiB, 100 %, 600.82 W
2026/09/21 02:23:41.514, 0, NVIDIA RTX PRO 6000 Blackwell Server Edition, 42843 MiB, 100 %, 600.51 W
2026/09/21 02:23:42.514, 0, NVIDIA RTX PRO 6000 Blackwell Server Edition, 39337 MiB, 7 %, 304.77 W
2026/09/21 02:23:43.514, 0, NVIDIA RTX PRO 6000 Blackwell Server Edition, 59083 MiB, 100 %, 469.31 W
2026/09/21 02:23:44.514, 0, NVIDIA RTX PRO 6000 Blackwell Server Edition, 59083 MiB, 100 %, 563.74 W
2026/09/21 02:23:45.514, 0, NVIDIA RTX PRO 6000 Blackwell Server Edition, 59083 MiB, 100 %, 569.71 W
2026/09/21 02:23:46.514, 0, NVIDIA RTX PRO 6000 Blackwell Server Edition, 59083 MiB, 100 %, 567.35 W
2026/09/21 02:23:47.515, 0, NVIDIA RTX PRO 6000 Blackwell Server Edition, 59083 MiB, 100 %, 568.23 W
2026/09/21 02:23:48.515, 0, NVIDIA RTX PRO 6000 Blackwell Server Edition, 59083 MiB, 100 %, 568.63 W
2026/09/21 02:23:49.515, 0, NVIDIA RTX PRO 6000 Blackwell Server Edition, 59083 MiB, 100 %, 569.82 W
2026/09/21 02:23:50.515, 0, NVIDIA RTX PRO 6000 Blackwell Server Edition, 59083 MiB, 100 %, 565.00 W
2026/09/21 02:23:51.515, 0, NVIDIA RTX PRO 6000 Blackwell Server Edition, 62895 MiB, 1 %, 512.78 W
2026/09/21 02:23:52.515, 0, NVIDIA RTX PRO 6000 Blackwell Server Edition, 41687 MiB, 25 %, 99.81 W
2026/09/21 02:23:53.515, 0, NVIDIA RTX PRO 6000 Blackwell Server Edition, 51781 MiB, 20 %, 98.38 W
2026/09/21 02:23:54.516, 0, NVIDIA RTX PRO 6000 Blackwell Server Edition, 61313 MiB, 17 %, 97.38 W
2026/09/21 02:23:55.516, 0, NVIDIA RTX PRO 6000 Blackwell Server Edition, 39949 MiB, 11 %, 133.95 W
2026/09/21 02:23:56.516, 0, NVIDIA RTX PRO 6000 Blackwell Server Edition, 43249 MiB, 0 %, 94.41 W
2026/09/21 02:23:57.516, 0, NVIDIA RTX PRO 6000 Blackwell Server Edition, 39169 MiB, 0 %, 110.82 W
2026/09/21 02:23:58.516, 0, NVIDIA RTX PRO 6000 Blackwell Server Edition, 39413 MiB, 100 %, 510.78 W
2026/09/21 02:23:59.516, 0, NVIDIA RTX PRO 6000 Blackwell Server Edition, 39413 MiB, 100 %, 572.15 W
2026/09/21 02:24:00.516, 0, NVIDIA RTX PRO 6000 Blackwell Server Edition, 39413 MiB, 100 %, 571.80 W
2026/09/21 02:24:01.517, 0, NVIDIA RTX PRO 6000 Blackwell Server Edition, 39413 MiB, 85 %, 558.80 W
2026/09/21 02:24:02.517, 0, NVIDIA RTX PRO 6000 Blackwell Server Edition, 42843 MiB, 0 %, 112.82 W
2026/09/21 02:24:03.517, 0, NVIDIA RTX PRO 6000 Blackwell Server Edition, 42843 MiB, 100 %, 574.14 W
2026/09/21 02:24:04.517, 0, NVIDIA RTX PRO 6000 Blackwell Server Edition, 42843 MiB, 100 %, 601.21 W
2026/09/21 02:24:05.517, 0, NVIDIA RTX PRO 6000 Blackwell Server Edition, 42843 MiB, 100 %, 600.35 W
2026/09/21 02:24:06.517, 0, NVIDIA RTX PRO 6000 Blackwell Server Edition, 42843 MiB, 100 %, 600.85 W
2026/09/21 02:24:07.517, 0, NVIDIA RTX PRO 6000 Blackwell Server Edition, 42843 MiB, 100 %, 597.95 W
2026/09/21 02:24:08.518, 0, NVIDIA RTX PRO 6000 Blackwell Server Edition, 42843 MiB, 100 %, 599.98 W
2026/09/21 02:24:09.518, 0, NVIDIA RTX PRO 6000 Blackwell Server Edition, 42877 MiB, 50 %, 555.71 W
2026/09/21 02:24:10.518, 0, NVIDIA RTX PRO 6000 Blackwell Server Edition, 59083 MiB, 100 %, 255.83 W
2026/09/21 02:24:11.518, 0, NVIDIA RTX PRO 6000 Blackwell Server Edition, 59083 MiB, 100 %, 535.33 W
2026/09/21 02:24:12.518, 0, NVIDIA RTX PRO 6000 Blackwell Server Edition, 59083 MiB, 100 %, 565.38 W
2026/09/21 02:24:13.519, 0, NVIDIA RTX PRO 6000 Blackwell Server Edition, 59083 MiB, 100 %, 571.67 W
2026/09/21 02:24:14.519, 0, NVIDIA RTX PRO 6000 Blackwell Server Edition, 59083 MiB, 100 %, 570.97 W
2026/09/21 02:24:15.519, 0, NVIDIA RTX PRO 6000 Blackwell Server Edition, 59083 MiB, 100 %, 565.49 W
2026/09/21 02:24:16.519, 0, NVIDIA RTX PRO 6000 Blackwell Server Edition, 59083 MiB, 100 %, 572.56 W
2026/09/21 02:24:17.519, 0, NVIDIA RTX PRO 6000 Blackwell Server Edition, 59083 MiB, 100 %, 569.05 W
2026/09/21 02:24:18.519, 0, NVIDIA RTX PRO 6000 Blackwell Server Edition, 59083 MiB, 100 %, 568.89 W
2026/09/21 02:24:19.519, 0, NVIDIA RTX PRO 6000 Blackwell Server Edition, 39281 MiB, 0 %, 267.35 W
2026/09/21 02:24:20.520, 0, NVIDIA RTX PRO 6000 Blackwell Server Edition, 46403 MiB, 19 %, 97.70 W
2026/09/21 02:24:21.520, 0, NVIDIA RTX PRO 6000 Blackwell Server Edition, 56801 MiB, 19 %, 97.70 W
2026/09/21 02:24:22.520, 0, NVIDIA RTX PRO 6000 Blackwell Server Edition, 61809 MiB, 43 %, 130.41 W
2026/09/21 02:24:23.520, 0, NVIDIA RTX PRO 6000 Blackwell Server Edition, 42511 MiB, 0 %, 97.64 W
2026/09/21 02:24:24.520, 0, NVIDIA RTX PRO 6000 Blackwell Server Edition, 39057 MiB, 0 %, 110.65 W
2026/09/21 02:24:25.520, 0, NVIDIA RTX PRO 6000 Blackwell Server Edition, 39411 MiB, 100 %, 282.00 W
2026/09/21 02:24:26.521, 0, NVIDIA RTX PRO 6000 Blackwell Server Edition, 39413 MiB, 100 %, 570.26 W
2026/09/21 02:24:27.521, 0, NVIDIA RTX PRO 6000 Blackwell Server Edition, 39413 MiB, 100 %, 573.51 W
2026/09/21 02:24:28.521, 0, NVIDIA RTX PRO 6000 Blackwell Server Edition, 39413 MiB, 100 %, 574.79 W
2026/09/21 02:24:29.521, 0, NVIDIA RTX PRO 6000 Blackwell Server Edition, 39381 MiB, 0 %, 335.40 W
2026/09/21 02:24:30.521, 0, NVIDIA RTX PRO 6000 Blackwell Server Edition, 42843 MiB, 100 %, 320.11 W
2026/09/21 02:24:31.521, 0, NVIDIA RTX PRO 6000 Blackwell Server Edition, 42843 MiB, 100 %, 601.14 W
2026/09/21 02:24:32.521, 0, NVIDIA RTX PRO 6000 Blackwell Server Edition, 42843 MiB, 99 %, 600.23 W
2026/09/21 02:24:33.522, 0, NVIDIA RTX PRO 6000 Blackwell Server Edition, 42843 MiB, 100 %, 599.26 W
2026/09/21 02:24:34.522, 0, NVIDIA RTX PRO 6000 Blackwell Server Edition, 42843 MiB, 100 %, 599.96 W
2026/09/21 02:24:35.522, 0, NVIDIA RTX PRO 6000 Blackwell Server Edition, 42843 MiB, 100 %, 599.63 W
2026/09/21 02:24:36.522, 0, NVIDIA RTX PRO 6000 Blackwell Server Edition, 42843 MiB, 100 %, 600.38 W
2026/09/21 02:24:37.522, 0, NVIDIA RTX PRO 6000 Blackwell Server Edition, 39337 MiB, 0 %, 335.57 W
2026/09/21 02:24:38.523, 0, NVIDIA RTX PRO 6000 Blackwell Server Edition, 59083 MiB, 100 %, 429.01 W
2026/09/21 02:24:39.523, 0, NVIDIA RTX PRO 6000 Blackwell Server Edition, 59083 MiB, 100 %, 570.28 W
2026/09/21 02:24:40.523, 0, NVIDIA RTX PRO 6000 Blackwell Server Edition, 59083 MiB, 100 %, 565.55 W
2026/09/21 02:24:41.523, 0, NVIDIA RTX PRO 6000 Blackwell Server Edition, 59083 MiB, 100 %, 571.49 W
2026/09/21 02:24:42.524, 0, NVIDIA RTX PRO 6000 Blackwell Server Edition, 59083 MiB, 100 %, 566.04 W
2026/09/21 02:24:43.524, 0, NVIDIA RTX PRO 6000 Blackwell Server Edition, 59083 MiB, 100 %, 570.66 W
2026/09/21 02:24:44.524, 0, NVIDIA RTX PRO 6000 Blackwell Server Edition, 59083 MiB, 100 %, 568.68 W
2026/09/21 02:24:45.524, 0, NVIDIA RTX PRO 6000 Blackwell Server Edition, 59083 MiB, 100 %, 566.56 W
2026/09/21 02:24:46.524, 0, NVIDIA RTX PRO 6000 Blackwell Server Edition, 62895 MiB, 19 %, 502.67 W
2026/09/21 02:24:47.524, 0, NVIDIA RTX PRO 6000 Blackwell Server Edition, 41429 MiB, 39 %, 99.79 W
2026/09/21 02:24:48.524, 0, NVIDIA RTX PRO 6000 Blackwell Server Edition, 51461 MiB, 19 %, 98.18 W
2026/09/21 02:24:49.525, 0, NVIDIA RTX PRO 6000 Blackwell Server Edition, 61313 MiB, 17 %, 97.75 W
2026/09/21 02:24:50.525, 0, NVIDIA RTX PRO 6000 Blackwell Server Edition, 39565 MiB, 1 %, 133.27 W
2026/09/21 02:24:51.527, 0, NVIDIA RTX PRO 6000 Blackwell Server Edition, 43249 MiB, 0 %, 94.41 W
2026/09/21 02:24:52.527, 0, NVIDIA RTX PRO 6000 Blackwell Server Edition, 39169 MiB, 5 %, 110.56 W
2026/09/21 02:24:53.527, 0, NVIDIA RTX PRO 6000 Blackwell Server Edition, 39413 MiB, 100 %, 520.41 W
2026/09/21 02:24:54.527, 0, NVIDIA RTX PRO 6000 Blackwell Server Edition, 39413 MiB, 100 %, 572.33 W
2026/09/21 02:24:55.527, 0, NVIDIA RTX PRO 6000 Blackwell Server Edition, 39413 MiB, 100 %, 570.27 W
2026/09/21 02:24:56.528, 0, NVIDIA RTX PRO 6000 Blackwell Server Edition, 39413 MiB, 100 %, 550.03 W
2026/09/21 02:24:57.528, 0, NVIDIA RTX PRO 6000 Blackwell Server Edition, 42843 MiB, 0 %, 113.59 W
2026/09/21 02:24:58.528, 0, NVIDIA RTX PRO 6000 Blackwell Server Edition, 42843 MiB, 100 %, 591.37 W
2026/09/21 02:24:59.528, 0, NVIDIA RTX PRO 6000 Blackwell Server Edition, 42843 MiB, 100 %, 600.25 W
2026/09/21 02:25:00.528, 0, NVIDIA RTX PRO 6000 Blackwell Server Edition, 42843 MiB, 100 %, 600.08 W
2026/09/21 02:25:01.529, 0, NVIDIA RTX PRO 6000 Blackwell Server Edition, 42843 MiB, 100 %, 600.56 W
2026/09/21 02:25:02.529, 0, NVIDIA RTX PRO 6000 Blackwell Server Edition, 42843 MiB, 100 %, 599.46 W
2026/09/21 02:25:03.529, 0, NVIDIA RTX PRO 6000 Blackwell Server Edition, 42843 MiB, 100 %, 598.37 W
2026/09/21 02:25:04.529, 0, NVIDIA RTX PRO 6000 Blackwell Server Edition, 42865 MiB, 71 %, 541.26 W
2026/09/21 02:25:05.529, 0, NVIDIA RTX PRO 6000 Blackwell Server Edition, 59083 MiB, 100 %, 278.88 W
2026/09/21 02:25:06.529, 0, NVIDIA RTX PRO 6000 Blackwell Server Edition, 59083 MiB, 100 %, 542.70 W
2026/09/21 02:25:07.529, 0, NVIDIA RTX PRO 6000 Blackwell Server Edition, 59083 MiB, 100 %, 569.65 W
2026/09/21 02:25:08.530, 0, NVIDIA RTX PRO 6000 Blackwell Server Edition, 59083 MiB, 100 %, 567.60 W
2026/09/21 02:25:09.530, 0, NVIDIA RTX PRO 6000 Blackwell Server Edition, 59083 MiB, 100 %, 570.28 W
2026/09/21 02:25:10.530, 0, NVIDIA RTX PRO 6000 Blackwell Server Edition, 59083 MiB, 100 %, 568.09 W
2026/09/21 02:25:11.530, 0, NVIDIA RTX PRO 6000 Blackwell Server Edition, 59083 MiB, 100 %, 566.68 W
2026/09/21 02:25:12.530, 0, NVIDIA RTX PRO 6000 Blackwell Server Edition, 59083 MiB, 100 %, 570.06 W
2026/09/21 02:25:13.530, 0, NVIDIA RTX PRO 6000 Blackwell Server Edition, 59083 MiB, 100 %, 569.18 W
2026/09/21 02:25:14.531, 0, NVIDIA RTX PRO 6000 Blackwell Server Edition, 39281 MiB, 0 %, 239.48 W
2026/09/21 02:25:15.531, 0, NVIDIA RTX PRO 6000 Blackwell Server Edition, 46723 MiB, 19 %, 98.11 W
2026/09/21 02:25:16.531, 0, NVIDIA RTX PRO 6000 Blackwell Server Edition, 57045 MiB, 18 %, 97.68 W
2026/09/21 02:25:17.531, 0, NVIDIA RTX PRO 6000 Blackwell Server Edition, 61809 MiB, 0 %, 132.04 W
2026/09/21 02:25:18.531, 0, NVIDIA RTX PRO 6000 Blackwell Server Edition, 42511 MiB, 0 %, 97.67 W
2026/09/21 02:25:19.531, 0, NVIDIA RTX PRO 6000 Blackwell Server Edition, 46191 MiB, 0 %, 108.50 W
2026/09/21 02:25:20.531, 0, NVIDIA RTX PRO 6000 Blackwell Server Edition, 39411 MiB, 100 %, 211.60 W
2026/09/21 02:25:21.532, 0, NVIDIA RTX PRO 6000 Blackwell Server Edition, 39413 MiB, 100 %, 572.05 W
2026/09/21 02:25:22.532, 0, NVIDIA RTX PRO 6000 Blackwell Server Edition, 39413 MiB, 100 %, 575.32 W
2026/09/21 02:25:23.532, 0, NVIDIA RTX PRO 6000 Blackwell Server Edition, 39413 MiB, 100 %, 574.22 W
2026/09/21 02:25:24.532, 0, NVIDIA RTX PRO 6000 Blackwell Server Edition, 40615 MiB, 15 %, 450.60 W
2026/09/21 02:25:25.532, 0, NVIDIA RTX PRO 6000 Blackwell Server Edition, 42843 MiB, 99 %, 203.41 W
2026/09/21 02:25:26.533, 0, NVIDIA RTX PRO 6000 Blackwell Server Edition, 42843 MiB, 100 %, 603.07 W
2026/09/21 02:25:27.533, 0, NVIDIA RTX PRO 6000 Blackwell Server Edition, 42843 MiB, 100 %, 600.27 W
2026/09/21 02:25:28.533, 0, NVIDIA RTX PRO 6000 Blackwell Server Edition, 42843 MiB, 100 %, 597.97 W
2026/09/21 02:25:29.533, 0, NVIDIA RTX PRO 6000 Blackwell Server Edition, 42843 MiB, 100 %, 603.77 W
2026/09/21 02:25:30.533, 0, NVIDIA RTX PRO 6000 Blackwell Server Edition, 42843 MiB, 100 %, 599.14 W
2026/09/21 02:25:31.533, 0, NVIDIA RTX PRO 6000 Blackwell Server Edition, 42843 MiB, 100 %, 602.12 W
2026/09/21 02:25:32.533, 0, NVIDIA RTX PRO 6000 Blackwell Server Edition, 42903 MiB, 8 %, 454.65 W
2026/09/21 02:25:33.533, 0, NVIDIA RTX PRO 6000 Blackwell Server Edition, 59083 MiB, 100 %, 335.20 W
2026/09/21 02:25:34.533, 0, NVIDIA RTX PRO 6000 Blackwell Server Edition, 59083 MiB, 100 %, 572.43 W
2026/09/21 02:25:35.534, 0, NVIDIA RTX PRO 6000 Blackwell Server Edition, 59083 MiB, 100 %, 568.03 W
2026/09/21 02:25:36.534, 0, NVIDIA RTX PRO 6000 Blackwell Server Edition, 59083 MiB, 100 %, 569.95 W
2026/09/21 02:25:37.534, 0, NVIDIA RTX PRO 6000 Blackwell Server Edition, 59083 MiB, 100 %, 569.87 W
2026/09/21 02:25:38.534, 0, NVIDIA RTX PRO 6000 Blackwell Server Edition, 59083 MiB, 100 %, 569.67 W
2026/09/21 02:25:39.534, 0, NVIDIA RTX PRO 6000 Blackwell Server Edition, 59083 MiB, 100 %, 569.01 W
2026/09/21 02:25:40.534, 0, NVIDIA RTX PRO 6000 Blackwell Server Edition, 59083 MiB, 100 %, 568.47 W
2026/09/21 02:25:41.535, 0, NVIDIA RTX PRO 6000 Blackwell Server Edition, 62895 MiB, 100 %, 569.90 W
2026/09/21 02:25:42.535, 0, NVIDIA RTX PRO 6000 Blackwell Server Edition, 39281 MiB, 0 %, 142.25 W
2026/09/21 02:25:43.535, 0, NVIDIA RTX PRO 6000 Blackwell Server Edition, 47961 MiB, 17 %, 98.26 W
2026/09/21 02:25:44.535, 0, NVIDIA RTX PRO 6000 Blackwell Server Edition, 58119 MiB, 20 %, 98.07 W
2026/09/21 02:25:45.535, 0, NVIDIA RTX PRO 6000 Blackwell Server Edition, 40631 MiB, 12 %, 132.09 W
2026/09/21 02:25:46.535, 0, NVIDIA RTX PRO 6000 Blackwell Server Edition, 43247 MiB, 0 %, 97.76 W
2026/09/21 02:25:47.535, 0, NVIDIA RTX PRO 6000 Blackwell Server Edition, 39057 MiB, 1 %, 111.25 W
2026/09/21 02:25:48.536, 0, NVIDIA RTX PRO 6000 Blackwell Server Edition, 39413 MiB, 100 %, 345.79 W
2026/09/21 02:25:49.536, 0, NVIDIA RTX PRO 6000 Blackwell Server Edition, 39413 MiB, 100 %, 573.11 W
2026/09/21 02:25:50.536, 0, NVIDIA RTX PRO 6000 Blackwell Server Edition, 39413 MiB, 100 %, 572.33 W
2026/09/21 02:25:51.536, 0, NVIDIA RTX PRO 6000 Blackwell Server Edition, 39413 MiB, 98 %, 572.78 W
2026/09/21 02:25:52.536, 0, NVIDIA RTX PRO 6000 Blackwell Server Edition, 38685 MiB, 2 %, 268.02 W
2026/09/21 02:25:53.536, 0, NVIDIA RTX PRO 6000 Blackwell Server Edition, 42843 MiB, 100 %, 400.29 W
2026/09/21 02:25:54.536, 0, NVIDIA RTX PRO 6000 Blackwell Server Edition, 42843 MiB, 100 %, 599.69 W
2026/09/21 02:25:55.537, 0, NVIDIA RTX PRO 6000 Blackwell Server Edition, 42843 MiB, 100 %, 599.85 W
2026/09/21 02:25:56.537, 0, NVIDIA RTX PRO 6000 Blackwell Server Edition, 42843 MiB, 100 %, 602.35 W
2026/09/21 02:25:57.537, 0, NVIDIA RTX PRO 6000 Blackwell Server Edition, 42843 MiB, 100 %, 600.09 W
2026/09/21 02:25:58.537, 0, NVIDIA RTX PRO 6000 Blackwell Server Edition, 42843 MiB, 100 %, 597.87 W
2026/09/21 02:25:59.537, 0, NVIDIA RTX PRO 6000 Blackwell Server Edition, 42843 MiB, 100 %, 602.76 W
2026/09/21 02:26:00.537, 0, NVIDIA RTX PRO 6000 Blackwell Server Edition, 40589 MiB, 7 %, 263.29 W
2026/09/21 02:26:01.538, 0, NVIDIA RTX PRO 6000 Blackwell Server Edition, 59083 MiB, 100 %, 506.04 W
2026/09/21 02:26:02.538, 0, NVIDIA RTX PRO 6000 Blackwell Server Edition, 59083 MiB, 100 %, 570.64 W
2026/09/21 02:26:03.538, 0, NVIDIA RTX PRO 6000 Blackwell Server Edition, 59083 MiB, 100 %, 568.01 W
2026/09/21 02:26:04.538, 0, NVIDIA RTX PRO 6000 Blackwell Server Edition, 59083 MiB, 100 %, 565.84 W
2026/09/21 02:26:05.538, 0, NVIDIA RTX PRO 6000 Blackwell Server Edition, 59083 MiB, 100 %, 573.81 W
2026/09/21 02:26:06.538, 0, NVIDIA RTX PRO 6000 Blackwell Server Edition, 59083 MiB, 100 %, 566.90 W
2026/09/21 02:26:07.538, 0, NVIDIA RTX PRO 6000 Blackwell Server Edition, 59083 MiB, 100 %, 569.93 W
2026/09/21 02:26:08.539, 0, NVIDIA RTX PRO 6000 Blackwell Server Edition, 59083 MiB, 100 %, 571.97 W
2026/09/21 02:26:09.539, 0, NVIDIA RTX PRO 6000 Blackwell Server Edition, 39281 MiB, 0 %, 440.46 W
2026/09/21 02:26:10.539, 0, NVIDIA RTX PRO 6000 Blackwell Server Edition, 42469 MiB, 40 %, 97.14 W
2026/09/21 02:26:11.539, 0, NVIDIA RTX PRO 6000 Blackwell Server Edition, 52779 MiB, 19 %, 98.28 W
2026/09/21 02:26:12.539, 0, NVIDIA RTX PRO 6000 Blackwell Server Edition, 61313 MiB, 18 %, 97.23 W
2026/09/21 02:26:13.539, 0, NVIDIA RTX PRO 6000 Blackwell Server Edition, 40973 MiB, 5 %, 132.58 W
2026/09/21 02:26:14.540, 0, NVIDIA RTX PRO 6000 Blackwell Server Edition, 44719 MiB, 0 %, 94.01 W
2026/09/21 02:26:15.540, 0, NVIDIA RTX PRO 6000 Blackwell Server Edition, 39411 MiB, 0 %, 120.59 W
2026/09/21 02:26:16.540, 0, NVIDIA RTX PRO 6000 Blackwell Server Edition, 39413 MiB, 100 %, 565.98 W
2026/09/21 02:26:17.540, 0, NVIDIA RTX PRO 6000 Blackwell Server Edition, 39413 MiB, 100 %, 570.76 W
2026/09/21 02:26:18.540, 0, NVIDIA RTX PRO 6000 Blackwell Server Edition, 39413 MiB, 100 %, 574.43 W
2026/09/21 02:26:19.541, 0, NVIDIA RTX PRO 6000 Blackwell Server Edition, 39845 MiB, 98 %, 495.39 W
2026/09/21 02:26:20.541, 0, NVIDIA RTX PRO 6000 Blackwell Server Edition, 42843 MiB, 0 %, 154.90 W
2026/09/21 02:26:21.541, 0, NVIDIA RTX PRO 6000 Blackwell Server Edition, 42843 MiB, 100 %, 596.84 W
2026/09/21 02:26:22.541, 0, NVIDIA RTX PRO 6000 Blackwell Server Edition, 42843 MiB, 100 %, 601.15 W
2026/09/21 02:26:23.541, 0, NVIDIA RTX PRO 6000 Blackwell Server Edition, 42843 MiB, 100 %, 601.58 W
2026/09/21 02:26:24.541, 0, NVIDIA RTX PRO 6000 Blackwell Server Edition, 42843 MiB, 100 %, 600.72 W
2026/09/21 02:26:25.542, 0, NVIDIA RTX PRO 6000 Blackwell Server Edition, 42843 MiB, 100 %, 598.27 W
2026/09/21 02:26:26.542, 0, NVIDIA RTX PRO 6000 Blackwell Server Edition, 42843 MiB, 100 %, 602.31 W
2026/09/21 02:26:27.542, 0, NVIDIA RTX PRO 6000 Blackwell Server Edition, 42901 MiB, 69 %, 489.25 W
2026/09/21 02:26:28.542, 0, NVIDIA RTX PRO 6000 Blackwell Server Edition, 59083 MiB, 100 %, 307.59 W
2026/09/21 02:26:29.542, 0, NVIDIA RTX PRO 6000 Blackwell Server Edition, 59083 MiB, 100 %, 566.85 W
2026/09/21 02:26:30.542, 0, NVIDIA RTX PRO 6000 Blackwell Server Edition, 59083 MiB, 100 %, 569.53 W
2026/09/21 02:26:31.543, 0, NVIDIA RTX PRO 6000 Blackwell Server Edition, 59083 MiB, 100 %, 568.57 W
2026/09/21 02:26:32.543, 0, NVIDIA RTX PRO 6000 Blackwell Server Edition, 59083 MiB, 100 %, 567.85 W
2026/09/21 02:26:33.543, 0, NVIDIA RTX PRO 6000 Blackwell Server Edition, 59083 MiB, 100 %, 571.16 W
2026/09/21 02:26:34.543, 0, NVIDIA RTX PRO 6000 Blackwell Server Edition, 59083 MiB, 100 %, 566.99 W
2026/09/21 02:26:35.543, 0, NVIDIA RTX PRO 6000 Blackwell Server Edition, 59083 MiB, 100 %, 567.22 W
2026/09/21 02:26:36.543, 0, NVIDIA RTX PRO 6000 Blackwell Server Edition, 59083 MiB, 100 %, 570.30 W
2026/09/21 02:26:37.543, 0, NVIDIA RTX PRO 6000 Blackwell Server Edition, 39281 MiB, 0 %, 213.24 W
2026/09/21 02:26:38.576, 0, NVIDIA RTX PRO 6000 Blackwell Server Edition, 47733 MiB, 18 %, 98.19 W
2026/09/21 02:26:39.576, 0, NVIDIA RTX PRO 6000 Blackwell Server Edition, 58027 MiB, 20 %, 98.00 W
2026/09/21 02:26:40.576, 0, NVIDIA RTX PRO 6000 Blackwell Server Edition, 38687 MiB, 0 %, 131.12 W
2026/09/21 02:26:41.576, 0, NVIDIA RTX PRO 6000 Blackwell Server Edition, 43247 MiB, 0 %, 97.47 W
2026/09/21 02:26:42.576, 0, NVIDIA RTX PRO 6000 Blackwell Server Edition, 39057 MiB, 14 %, 111.05 W
2026/09/21 02:26:43.577, 0, NVIDIA RTX PRO 6000 Blackwell Server Edition, 39413 MiB, 100 %, 354.61 W
2026/09/21 02:26:44.577, 0, NVIDIA RTX PRO 6000 Blackwell Server Edition, 39413 MiB, 100 %, 570.65 W
2026/09/21 02:26:45.577, 0, NVIDIA RTX PRO 6000 Blackwell Server Edition, 39413 MiB, 98 %, 571.40 W
2026/09/21 02:26:46.577, 0, NVIDIA RTX PRO 6000 Blackwell Server Edition, 39413 MiB, 98 %, 574.77 W
2026/09/21 02:26:47.577, 0, NVIDIA RTX PRO 6000 Blackwell Server Edition, 38681 MiB, 2 %, 265.06 W
2026/09/21 02:26:48.577, 0, NVIDIA RTX PRO 6000 Blackwell Server Edition, 42843 MiB, 100 %, 401.77 W
2026/09/21 02:26:49.577, 0, NVIDIA RTX PRO 6000 Blackwell Server Edition, 42843 MiB, 100 %, 601.03 W
2026/09/21 02:26:50.578, 0, NVIDIA RTX PRO 6000 Blackwell Server Edition, 42843 MiB, 100 %, 598.50 W
2026/09/21 02:26:51.578, 0, NVIDIA RTX PRO 6000 Blackwell Server Edition, 42843 MiB, 100 %, 599.01 W
2026/09/21 02:26:52.578, 0, NVIDIA RTX PRO 6000 Blackwell Server Edition, 42843 MiB, 100 %, 600.78 W
2026/09/21 02:26:53.578, 0, NVIDIA RTX PRO 6000 Blackwell Server Edition, 42843 MiB, 100 %, 598.43 W
2026/09/21 02:26:54.578, 0, NVIDIA RTX PRO 6000 Blackwell Server Edition, 42843 MiB, 100 %, 602.35 W
2026/09/21 02:26:55.579, 0, NVIDIA RTX PRO 6000 Blackwell Server Edition, 39879 MiB, 7 %, 259.50 W
2026/09/21 02:26:56.579, 0, NVIDIA RTX PRO 6000 Blackwell Server Edition, 59083 MiB, 100 %, 509.40 W
2026/09/21 02:26:57.579, 0, NVIDIA RTX PRO 6000 Blackwell Server Edition, 59083 MiB, 100 %, 573.88 W
2026/09/21 02:26:58.579, 0, NVIDIA RTX PRO 6000 Blackwell Server Edition, 59083 MiB, 100 %, 563.10 W
2026/09/21 02:26:59.581, 0, NVIDIA RTX PRO 6000 Blackwell Server Edition, 59083 MiB, 100 %, 572.04 W
2026/09/21 02:27:00.581, 0, NVIDIA RTX PRO 6000 Blackwell Server Edition, 59083 MiB, 100 %, 567.38 W
2026/09/21 02:27:01.581, 0, NVIDIA RTX PRO 6000 Blackwell Server Edition, 59083 MiB, 100 %, 563.19 W
2026/09/21 02:27:02.582, 0, NVIDIA RTX PRO 6000 Blackwell Server Edition, 59083 MiB, 100 %, 570.51 W
2026/09/21 02:27:03.582, 0, NVIDIA RTX PRO 6000 Blackwell Server Edition, 59083 MiB, 100 %, 568.55 W
2026/09/21 02:27:04.582, 0, NVIDIA RTX PRO 6000 Blackwell Server Edition, 39281 MiB, 0 %, 439.71 W
2026/09/21 02:27:05.582, 0, NVIDIA RTX PRO 6000 Blackwell Server Edition, 41429 MiB, 20 %, 97.05 W
2026/09/21 02:27:06.582, 0, NVIDIA RTX PRO 6000 Blackwell Server Edition, 51477 MiB, 19 %, 98.11 W
2026/09/21 02:27:07.582, 0, NVIDIA RTX PRO 6000 Blackwell Server Edition, 58667 MiB, 12 %, 96.45 W
2026/09/21 02:27:08.582, 0, NVIDIA RTX PRO 6000 Blackwell Server Edition, 38685 MiB, 0 %, 132.87 W
2026/09/21 02:27:09.583, 0, NVIDIA RTX PRO 6000 Blackwell Server Edition, 43247 MiB, 0 %, 94.52 W
2026/09/21 02:27:10.583, 0, NVIDIA RTX PRO 6000 Blackwell Server Edition, 39057 MiB, 14 %, 110.04 W
2026/09/21 02:27:11.583, 0, NVIDIA RTX PRO 6000 Blackwell Server Edition, 39413 MiB, 100 %, 351.04 W
2026/09/21 02:27:12.583, 0, NVIDIA RTX PRO 6000 Blackwell Server Edition, 39413 MiB, 100 %, 571.70 W
2026/09/21 02:27:13.583, 0, NVIDIA RTX PRO 6000 Blackwell Server Edition, 39413 MiB, 98 %, 571.01 W
2026/09/21 02:27:14.583, 0, NVIDIA RTX PRO 6000 Blackwell Server Edition, 39413 MiB, 98 %, 571.95 W
2026/09/21 02:27:15.584, 0, NVIDIA RTX PRO 6000 Blackwell Server Edition, 38681 MiB, 2 %, 252.23 W
2026/09/21 02:27:16.584, 0, NVIDIA RTX PRO 6000 Blackwell Server Edition, 42843 MiB, 100 %, 409.31 W
2026/09/21 02:27:17.584, 0, NVIDIA RTX PRO 6000 Blackwell Server Edition, 42843 MiB, 100 %, 600.12 W
2026/09/21 02:27:18.584, 0, NVIDIA RTX PRO 6000 Blackwell Server Edition, 42843 MiB, 100 %, 600.95 W
2026/09/21 02:27:19.584, 0, NVIDIA RTX PRO 6000 Blackwell Server Edition, 42843 MiB, 100 %, 601.74 W
2026/09/21 02:27:20.584, 0, NVIDIA RTX PRO 6000 Blackwell Server Edition, 42843 MiB, 100 %, 601.47 W
2026/09/21 02:27:21.584, 0, NVIDIA RTX PRO 6000 Blackwell Server Edition, 42843 MiB, 100 %, 598.06 W
2026/09/21 02:27:22.585, 0, NVIDIA RTX PRO 6000 Blackwell Server Edition, 42843 MiB, 100 %, 601.21 W
2026/09/21 02:27:23.585, 0, NVIDIA RTX PRO 6000 Blackwell Server Edition, 40447 MiB, 7 %, 243.51 W
2026/09/21 02:27:24.585, 0, NVIDIA RTX PRO 6000 Blackwell Server Edition, 59083 MiB, 100 %, 538.18 W
2026/09/21 02:27:25.585, 0, NVIDIA RTX PRO 6000 Blackwell Server Edition, 59083 MiB, 100 %, 565.59 W
2026/09/21 02:27:26.585, 0, NVIDIA RTX PRO 6000 Blackwell Server Edition, 59083 MiB, 100 %, 567.25 W
2026/09/21 02:27:27.586, 0, NVIDIA RTX PRO 6000 Blackwell Server Edition, 59083 MiB, 100 %, 572.97 W
2026/09/21 02:27:28.586, 0, NVIDIA RTX PRO 6000 Blackwell Server Edition, 59083 MiB, 100 %, 566.79 W
2026/09/21 02:27:29.586, 0, NVIDIA RTX PRO 6000 Blackwell Server Edition, 59083 MiB, 100 %, 569.65 W
2026/09/21 02:27:30.586, 0, NVIDIA RTX PRO 6000 Blackwell Server Edition, 59083 MiB, 100 %, 567.11 W
2026/09/21 02:27:31.586, 0, NVIDIA RTX PRO 6000 Blackwell Server Edition, 59083 MiB, 100 %, 563.79 W
2026/09/21 02:27:32.586, 0, NVIDIA RTX PRO 6000 Blackwell Server Edition, 39281 MiB, 0 %, 417.53 W
2026/09/21 02:27:33.586, 0, NVIDIA RTX PRO 6000 Blackwell Server Edition, 42773 MiB, 16 %, 97.22 W
2026/09/21 02:27:34.587, 0, NVIDIA RTX PRO 6000 Blackwell Server Edition, 52969 MiB, 20 %, 98.11 W
2026/09/21 02:27:35.587, 0, NVIDIA RTX PRO 6000 Blackwell Server Edition, 61313 MiB, 18 %, 96.85 W
2026/09/21 02:27:36.587, 0, NVIDIA RTX PRO 6000 Blackwell Server Edition, 41229 MiB, 17 %, 133.70 W
2026/09/21 02:27:37.587, 0, NVIDIA RTX PRO 6000 Blackwell Server Edition, 46191 MiB, 4 %, 94.69 W
2026/09/21 02:27:38.587, 0, NVIDIA RTX PRO 6000 Blackwell Server Edition, 39411 MiB, 0 %, 146.08 W
2026/09/21 02:27:39.587, 0, NVIDIA RTX PRO 6000 Blackwell Server Edition, 39413 MiB, 100 %, 569.35 W
2026/09/21 02:27:40.588, 0, NVIDIA RTX PRO 6000 Blackwell Server Edition, 39413 MiB, 100 %, 571.73 W
2026/09/21 02:27:41.588, 0, NVIDIA RTX PRO 6000 Blackwell Server Edition, 39413 MiB, 98 %, 572.85 W
2026/09/21 02:27:42.588, 0, NVIDIA RTX PRO 6000 Blackwell Server Edition, 39917 MiB, 42 %, 513.74 W
2026/09/21 02:27:43.588, 0, NVIDIA RTX PRO 6000 Blackwell Server Edition, 42843 MiB, 0 %, 138.84 W
2026/09/21 02:27:44.588, 0, NVIDIA RTX PRO 6000 Blackwell Server Edition, 42843 MiB, 100 %, 597.61 W
2026/09/21 02:27:45.588, 0, NVIDIA RTX PRO 6000 Blackwell Server Edition, 42843 MiB, 100 %, 601.73 W
2026/09/21 02:27:46.588, 0, NVIDIA RTX PRO 6000 Blackwell Server Edition, 42843 MiB, 100 %, 597.49 W
2026/09/21 02:27:47.589, 0, NVIDIA RTX PRO 6000 Blackwell Server Edition, 42843 MiB, 100 %, 601.30 W
2026/09/21 02:27:48.589, 0, NVIDIA RTX PRO 6000 Blackwell Server Edition, 42843 MiB, 100 %, 599.52 W
2026/09/21 02:27:49.589, 0, NVIDIA RTX PRO 6000 Blackwell Server Edition, 42843 MiB, 100 %, 599.53 W
2026/09/21 02:27:50.589, 0, NVIDIA RTX PRO 6000 Blackwell Server Edition, 42903 MiB, 16 %, 515.33 W
2026/09/21 02:27:51.589, 0, NVIDIA RTX PRO 6000 Blackwell Server Edition, 59083 MiB, 100 %, 290.11 W
2026/09/21 02:27:52.589, 0, NVIDIA RTX PRO 6000 Blackwell Server Edition, 59083 MiB, 100 %, 551.08 W
2026/09/21 02:27:53.590, 0, NVIDIA RTX PRO 6000 Blackwell Server Edition, 59083 MiB, 100 %, 567.30 W
2026/09/21 02:27:54.590, 0, NVIDIA RTX PRO 6000 Blackwell Server Edition, 59083 MiB, 100 %, 569.79 W
2026/09/21 02:27:55.590, 0, NVIDIA RTX PRO 6000 Blackwell Server Edition, 59083 MiB, 100 %, 570.88 W
2026/09/21 02:27:56.590, 0, NVIDIA RTX PRO 6000 Blackwell Server Edition, 59083 MiB, 100 %, 567.71 W
2026/09/21 02:27:57.590, 0, NVIDIA RTX PRO 6000 Blackwell Server Edition, 59083 MiB, 100 %, 566.34 W
2026/09/21 02:27:58.590, 0, NVIDIA RTX PRO 6000 Blackwell Server Edition, 59083 MiB, 100 %, 571.09 W
2026/09/21 02:27:59.590, 0, NVIDIA RTX PRO 6000 Blackwell Server Edition, 59083 MiB, 100 %, 569.63 W
2026/09/21 02:28:00.591, 0, NVIDIA RTX PRO 6000 Blackwell Server Edition, 39281 MiB, 0 %, 232.12 W
2026/09/21 02:28:01.591, 0, NVIDIA RTX PRO 6000 Blackwell Server Edition, 45535 MiB, 18 %, 97.35 W
2026/09/21 02:28:02.591, 0, NVIDIA RTX PRO 6000 Blackwell Server Edition, 55829 MiB, 20 %, 97.72 W
2026/09/21 02:28:03.591, 0, NVIDIA RTX PRO 6000 Blackwell Server Edition, 61809 MiB, 87 %, 126.76 W
2026/09/21 02:28:04.591, 0, NVIDIA RTX PRO 6000 Blackwell Server Edition, 41871 MiB, 20 %, 111.33 W
2026/09/21 02:28:05.591, 0, NVIDIA RTX PRO 6000 Blackwell Server Edition, 46191 MiB, 27 %, 93.86 W
2026/09/21 02:28:06.592, 0, NVIDIA RTX PRO 6000 Blackwell Server Edition, 39411 MiB, 81 %, 142.84 W
2026/09/21 02:28:07.592, 0, NVIDIA RTX PRO 6000 Blackwell Server Edition, 39413 MiB, 100 %, 569.97 W
2026/09/21 02:28:08.592, 0, NVIDIA RTX PRO 6000 Blackwell Server Edition, 39413 MiB, 100 %, 570.73 W
2026/09/21 02:28:09.592, 0, NVIDIA RTX PRO 6000 Blackwell Server Edition, 39413 MiB, 100 %, 571.88 W
2026/09/21 02:28:10.592, 0, NVIDIA RTX PRO 6000 Blackwell Server Edition, 40615 MiB, 12 %, 470.99 W
2026/09/21 02:28:11.592, 0, NVIDIA RTX PRO 6000 Blackwell Server Edition, 42843 MiB, 100 %, 175.14 W
2026/09/21 02:28:12.593, 0, NVIDIA RTX PRO 6000 Blackwell Server Edition, 42843 MiB, 100 %, 600.82 W
2026/09/21 02:28:13.593, 0, NVIDIA RTX PRO 6000 Blackwell Server Edition, 42843 MiB, 100 %, 602.53 W
2026/09/21 02:28:14.594, 0, NVIDIA RTX PRO 6000 Blackwell Server Edition, 42843 MiB, 100 %, 598.08 W
2026/09/21 02:28:15.594, 0, NVIDIA RTX PRO 6000 Blackwell Server Edition, 42843 MiB, 100 %, 602.90 W
2026/09/21 02:28:16.594, 0, NVIDIA RTX PRO 6000 Blackwell Server Edition, 42843 MiB, 100 %, 599.83 W
2026/09/21 02:28:17.594, 0, NVIDIA RTX PRO 6000 Blackwell Server Edition, 42843 MiB, 100 %, 600.74 W
2026/09/21 02:28:18.594, 0, NVIDIA RTX PRO 6000 Blackwell Server Edition, 42903 MiB, 16 %, 479.76 W
2026/09/21 02:28:19.595, 0, NVIDIA RTX PRO 6000 Blackwell Server Edition, 59083 MiB, 100 %, 311.24 W
2026/09/21 02:28:20.595, 0, NVIDIA RTX PRO 6000 Blackwell Server Edition, 59083 MiB, 100 %, 566.64 W
2026/09/21 02:28:21.595, 0, NVIDIA RTX PRO 6000 Blackwell Server Edition, 59083 MiB, 100 %, 568.74 W
2026/09/21 02:28:22.596, 0, NVIDIA RTX PRO 6000 Blackwell Server Edition, 59083 MiB, 100 %, 567.81 W
2026/09/21 02:28:23.596, 0, NVIDIA RTX PRO 6000 Blackwell Server Edition, 59083 MiB, 100 %, 570.05 W
2026/09/21 02:28:24.596, 0, NVIDIA RTX PRO 6000 Blackwell Server Edition, 59083 MiB, 100 %, 569.46 W
2026/09/21 02:28:25.596, 0, NVIDIA RTX PRO 6000 Blackwell Server Edition, 59083 MiB, 100 %, 567.32 W
2026/09/21 02:28:26.596, 0, NVIDIA RTX PRO 6000 Blackwell Server Edition, 59083 MiB, 100 %, 569.02 W
2026/09/21 02:28:27.597, 0, NVIDIA RTX PRO 6000 Blackwell Server Edition, 59083 MiB, 100 %, 568.61 W
2026/09/21 02:28:28.597, 0, NVIDIA RTX PRO 6000 Blackwell Server Edition, 39281 MiB, 0 %, 186.04 W
2026/09/21 02:28:29.597, 0, NVIDIA RTX PRO 6000 Blackwell Server Edition, 47733 MiB, 19 %, 98.28 W
2026/09/21 02:28:30.597, 0, NVIDIA RTX PRO 6000 Blackwell Server Edition, 57685 MiB, 19 %, 97.76 W
2026/09/21 02:28:31.597, 0, NVIDIA RTX PRO 6000 Blackwell Server Edition, 49127 MiB, 0 %, 131.61 W
2026/09/21 02:28:32.598, 0, NVIDIA RTX PRO 6000 Blackwell Server Edition, 43247 MiB, 0 %, 97.61 W
2026/09/21 02:28:33.598, 0, NVIDIA RTX PRO 6000 Blackwell Server Edition, 39057 MiB, 13 %, 109.94 W
2026/09/21 02:28:34.598, 0, NVIDIA RTX PRO 6000 Blackwell Server Edition, 39413 MiB, 100 %, 329.81 W
2026/09/21 02:28:35.598, 0, NVIDIA RTX PRO 6000 Blackwell Server Edition, 39413 MiB, 98 %, 571.45 W
2026/09/21 02:28:36.598, 0, NVIDIA RTX PRO 6000 Blackwell Server Edition, 39413 MiB, 98 %, 570.70 W
2026/09/21 02:28:37.598, 0, NVIDIA RTX PRO 6000 Blackwell Server Edition, 39413 MiB, 100 %, 575.18 W
2026/09/21 02:28:38.599, 0, NVIDIA RTX PRO 6000 Blackwell Server Edition, 39381 MiB, 0 %, 283.07 W
2026/09/21 02:28:39.599, 0, NVIDIA RTX PRO 6000 Blackwell Server Edition, 42843 MiB, 100 %, 392.13 W
2026/09/21 02:28:40.599, 0, NVIDIA RTX PRO 6000 Blackwell Server Edition, 42843 MiB, 100 %, 602.67 W
2026/09/21 02:28:41.599, 0, NVIDIA RTX PRO 6000 Blackwell Server Edition, 42843 MiB, 100 %, 601.89 W
2026/09/21 02:28:42.599, 0, NVIDIA RTX PRO 6000 Blackwell Server Edition, 42843 MiB, 100 %, 600.02 W
2026/09/21 02:28:43.599, 0, NVIDIA RTX PRO 6000 Blackwell Server Edition, 42843 MiB, 100 %, 602.69 W
2026/09/21 02:28:44.599, 0, NVIDIA RTX PRO 6000 Blackwell Server Edition, 42843 MiB, 100 %, 600.00 W
2026/09/21 02:28:45.600, 0, NVIDIA RTX PRO 6000 Blackwell Server Edition, 42843 MiB, 100 %, 600.62 W
2026/09/21 02:28:46.600, 0, NVIDIA RTX PRO 6000 Blackwell Server Edition, 40447 MiB, 0 %, 268.86 W
2026/09/21 02:28:47.600, 0, NVIDIA RTX PRO 6000 Blackwell Server Edition, 59083 MiB, 100 %, 531.43 W
2026/09/21 02:28:48.600, 0, NVIDIA RTX PRO 6000 Blackwell Server Edition, 59083 MiB, 100 %, 563.57 W
2026/09/21 02:28:49.600, 0, NVIDIA RTX PRO 6000 Blackwell Server Edition, 59083 MiB, 100 %, 572.40 W
2026/09/21 02:28:50.600, 0, NVIDIA RTX PRO 6000 Blackwell Server Edition, 59083 MiB, 100 %, 566.40 W
2026/09/21 02:28:51.600, 0, NVIDIA RTX PRO 6000 Blackwell Server Edition, 59083 MiB, 100 %, 568.07 W
2026/09/21 02:28:52.601, 0, NVIDIA RTX PRO 6000 Blackwell Server Edition, 59083 MiB, 100 %, 573.17 W
2026/09/21 02:28:53.601, 0, NVIDIA RTX PRO 6000 Blackwell Server Edition, 59083 MiB, 100 %, 567.82 W
2026/09/21 02:28:54.601, 0, NVIDIA RTX PRO 6000 Blackwell Server Edition, 59083 MiB, 100 %, 567.41 W
2026/09/21 02:28:55.601, 0, NVIDIA RTX PRO 6000 Blackwell Server Edition, 39281 MiB, 0 %, 438.17 W
2026/09/21 02:28:56.601, 0, NVIDIA RTX PRO 6000 Blackwell Server Edition, 41801 MiB, 16 %, 98.22 W
2026/09/21 02:28:57.602, 0, NVIDIA RTX PRO 6000 Blackwell Server Edition, 51911 MiB, 19 %, 97.98 W
2026/09/21 02:28:58.602, 0, NVIDIA RTX PRO 6000 Blackwell Server Edition, 61313 MiB, 18 %, 97.42 W
2026/09/21 02:28:59.602, 0, NVIDIA RTX PRO 6000 Blackwell Server Edition, 39853 MiB, 11 %, 134.12 W
2026/09/21 02:29:00.602, 0, NVIDIA RTX PRO 6000 Blackwell Server Edition, 43249 MiB, 0 %, 94.09 W
2026/09/21 02:29:01.602, 0, NVIDIA RTX PRO 6000 Blackwell Server Edition, 39169 MiB, 4 %, 109.86 W
2026/09/21 02:29:02.603, 0, NVIDIA RTX PRO 6000 Blackwell Server Edition, 39413 MiB, 100 %, 521.34 W
2026/09/21 02:29:03.603, 0, NVIDIA RTX PRO 6000 Blackwell Server Edition, 39413 MiB, 100 %, 575.17 W
2026/09/21 02:29:04.603, 0, NVIDIA RTX PRO 6000 Blackwell Server Edition, 39413 MiB, 100 %, 573.07 W
2026/09/21 02:29:05.603, 0, NVIDIA RTX PRO 6000 Blackwell Server Edition, 39413 MiB, 100 %, 549.22 W
2026/09/21 02:29:06.603, 0, NVIDIA RTX PRO 6000 Blackwell Server Edition, 38681 MiB, 0 %, 111.57 W
2026/09/21 02:29:07.603, 0, NVIDIA RTX PRO 6000 Blackwell Server Edition, 42843 MiB, 100 %, 583.70 W
2026/09/21 02:29:08.604, 0, NVIDIA RTX PRO 6000 Blackwell Server Edition, 42843 MiB, 100 %, 603.24 W
2026/09/21 02:29:09.604, 0, NVIDIA RTX PRO 6000 Blackwell Server Edition, 42843 MiB, 100 %, 599.50 W
2026/09/21 02:29:10.604, 0, NVIDIA RTX PRO 6000 Blackwell Server Edition, 42843 MiB, 100 %, 602.76 W
2026/09/21 02:29:11.604, 0, NVIDIA RTX PRO 6000 Blackwell Server Edition, 42843 MiB, 100 %, 598.60 W
2026/09/21 02:29:12.604, 0, NVIDIA RTX PRO 6000 Blackwell Server Edition, 42843 MiB, 100 %, 600.62 W
2026/09/21 02:29:13.604, 0, NVIDIA RTX PRO 6000 Blackwell Server Edition, 42863 MiB, 81 %, 556.30 W
2026/09/21 02:29:14.605, 0, NVIDIA RTX PRO 6000 Blackwell Server Edition, 59083 MiB, 100 %, 253.84 W
2026/09/21 02:29:15.605, 0, NVIDIA RTX PRO 6000 Blackwell Server Edition, 59083 MiB, 100 %, 536.37 W
2026/09/21 02:29:16.605, 0, NVIDIA RTX PRO 6000 Blackwell Server Edition, 59083 MiB, 100 %, 567.97 W
2026/09/21 02:29:17.605, 0, NVIDIA RTX PRO 6000 Blackwell Server Edition, 59083 MiB, 100 %, 566.43 W
2026/09/21 02:29:18.605, 0, NVIDIA RTX PRO 6000 Blackwell Server Edition, 59083 MiB, 100 %, 571.76 W
2026/09/21 02:29:19.605, 0, NVIDIA RTX PRO 6000 Blackwell Server Edition, 59083 MiB, 100 %, 572.97 W
2026/09/21 02:29:20.605, 0, NVIDIA RTX PRO 6000 Blackwell Server Edition, 59083 MiB, 100 %, 572.33 W
2026/09/21 02:29:21.606, 0, NVIDIA RTX PRO 6000 Blackwell Server Edition, 59083 MiB, 100 %, 566.45 W
2026/09/21 02:29:22.606, 0, NVIDIA RTX PRO 6000 Blackwell Server Edition, 59083 MiB, 100 %, 572.70 W
2026/09/21 02:29:23.606, 0, NVIDIA RTX PRO 6000 Blackwell Server Edition, 39281 MiB, 18 %, 298.79 W
2026/09/21 02:29:24.606, 0, NVIDIA RTX PRO 6000 Blackwell Server Edition, 44987 MiB, 15 %, 97.30 W
2026/09/21 02:29:25.606, 0, NVIDIA RTX PRO 6000 Blackwell Server Edition, 55281 MiB, 19 %, 97.85 W
2026/09/21 02:29:26.607, 0, NVIDIA RTX PRO 6000 Blackwell Server Edition, 61809 MiB, 0 %, 96.12 W
2026/09/21 02:29:27.607, 0, NVIDIA RTX PRO 6000 Blackwell Server Edition, 42511 MiB, 19 %, 132.56 W
2026/09/21 02:29:28.607, 0, NVIDIA RTX PRO 6000 Blackwell Server Edition, 46191 MiB, 27 %, 108.72 W
2026/09/21 02:29:29.607, 0, NVIDIA RTX PRO 6000 Blackwell Server Edition, 39411 MiB, 72 %, 169.04 W
2026/09/21 02:29:30.607, 0, NVIDIA RTX PRO 6000 Blackwell Server Edition, 39413 MiB, 100 %, 569.50 W
2026/09/21 02:29:31.607, 0, NVIDIA RTX PRO 6000 Blackwell Server Edition, 39413 MiB, 100 %, 571.22 W
2026/09/21 02:29:32.608, 0, NVIDIA RTX PRO 6000 Blackwell Server Edition, 39413 MiB, 100 %, 572.98 W
2026/09/21 02:29:33.608, 0, NVIDIA RTX PRO 6000 Blackwell Server Edition, 40615 MiB, 13 %, 439.10 W
2026/09/21 02:29:34.608, 0, NVIDIA RTX PRO 6000 Blackwell Server Edition, 42843 MiB, 99 %, 192.89 W
2026/09/21 02:29:35.608, 0, NVIDIA RTX PRO 6000 Blackwell Server Edition, 42843 MiB, 100 %, 600.53 W
2026/09/21 02:29:36.608, 0, NVIDIA RTX PRO 6000 Blackwell Server Edition, 42843 MiB, 100 %, 602.05 W
2026/09/21 02:29:37.609, 0, NVIDIA RTX PRO 6000 Blackwell Server Edition, 42843 MiB, 100 %, 597.57 W
2026/09/21 02:29:38.609, 0, NVIDIA RTX PRO 6000 Blackwell Server Edition, 42843 MiB, 100 %, 602.57 W
2026/09/21 02:29:39.609, 0, NVIDIA RTX PRO 6000 Blackwell Server Edition, 42843 MiB, 100 %, 598.91 W
2026/09/21 02:29:40.609, 0, NVIDIA RTX PRO 6000 Blackwell Server Edition, 42843 MiB, 100 %, 600.39 W
2026/09/21 02:29:41.609, 0, NVIDIA RTX PRO 6000 Blackwell Server Edition, 42903 MiB, 8 %, 462.42 W
2026/09/21 02:29:42.609, 0, NVIDIA RTX PRO 6000 Blackwell Server Edition, 59083 MiB, 100 %, 328.83 W
2026/09/21 02:29:43.609, 0, NVIDIA RTX PRO 6000 Blackwell Server Edition, 59083 MiB, 100 %, 569.85 W
2026/09/21 02:29:44.610, 0, NVIDIA RTX PRO 6000 Blackwell Server Edition, 59083 MiB, 100 %, 568.38 W
2026/09/21 02:29:45.610, 0, NVIDIA RTX PRO 6000 Blackwell Server Edition, 59083 MiB, 100 %, 568.29 W
2026/09/21 02:29:46.610, 0, NVIDIA RTX PRO 6000 Blackwell Server Edition, 59083 MiB, 100 %, 568.88 W
2026/09/21 02:29:47.610, 0, NVIDIA RTX PRO 6000 Blackwell Server Edition, 59083 MiB, 100 %, 569.08 W
2026/09/21 02:29:48.610, 0, NVIDIA RTX PRO 6000 Blackwell Server Edition, 59083 MiB, 100 %, 569.32 W
2026/09/21 02:29:49.610, 0, NVIDIA RTX PRO 6000 Blackwell Server Edition, 59083 MiB, 100 %, 569.27 W
2026/09/21 02:29:50.610, 0, NVIDIA RTX PRO 6000 Blackwell Server Edition, 62895 MiB, 100 %, 568.61 W
2026/09/21 02:29:51.611, 0, NVIDIA RTX PRO 6000 Blackwell Server Edition, 39281 MiB, 0 %, 146.30 W
2026/09/21 02:29:52.612, 0, NVIDIA RTX PRO 6000 Blackwell Server Edition, 47733 MiB, 18 %, 97.77 W
2026/09/21 02:29:53.612, 0, NVIDIA RTX PRO 6000 Blackwell Server Edition, 57913 MiB, 20 %, 97.73 W
2026/09/21 02:29:54.612, 0, NVIDIA RTX PRO 6000 Blackwell Server Edition, 42743 MiB, 17 %, 131.83 W
2026/09/21 02:29:55.612, 0, NVIDIA RTX PRO 6000 Blackwell Server Edition, 43247 MiB, 0 %, 97.52 W
2026/09/21 02:29:56.612, 0, NVIDIA RTX PRO 6000 Blackwell Server Edition, 39057 MiB, 0 %, 110.59 W
2026/09/21 02:29:57.613, 0, NVIDIA RTX PRO 6000 Blackwell Server Edition, 39413 MiB, 100 %, 303.92 W
2026/09/21 02:29:58.613, 0, NVIDIA RTX PRO 6000 Blackwell Server Edition, 39413 MiB, 100 %, 572.46 W
2026/09/21 02:29:59.613, 0, NVIDIA RTX PRO 6000 Blackwell Server Edition, 39413 MiB, 100 %, 575.53 W
2026/09/21 02:30:00.613, 0, NVIDIA RTX PRO 6000 Blackwell Server Edition, 39413 MiB, 100 %, 574.15 W
2026/09/21 02:30:01.613, 0, NVIDIA RTX PRO 6000 Blackwell Server Edition, 39381 MiB, 0 %, 295.78 W
2026/09/21 02:30:02.613, 0, NVIDIA RTX PRO 6000 Blackwell Server Edition, 42843 MiB, 100 %, 307.65 W
2026/09/21 02:30:03.614, 0, NVIDIA RTX PRO 6000 Blackwell Server Edition, 42843 MiB, 100 %, 597.65 W
2026/09/21 02:30:04.614, 0, NVIDIA RTX PRO 6000 Blackwell Server Edition, 43402 MiB, 100 %, 600.49 W
2026/09/21 02:30:05.615, 0, NVIDIA RTX PRO 6000 Blackwell Server Edition, 42843 MiB, 100 %, 602.92 W
2026/09/21 02:30:06.838, 0, NVIDIA RTX PRO 6000 Blackwell Server Edition, 42843 MiB, 100 %, 601.50 W
2026/09/21 02:30:07.838, 0, NVIDIA RTX PRO 6000 Blackwell Server Edition, 42843 MiB, 100 %, 599.40 W
2026/09/21 02:30:08.840, 0, NVIDIA RTX PRO 6000 Blackwell Server Edition, 42843 MiB, 100 %, 601.39 W
2026/09/21 02:30:09.841, 0, NVIDIA RTX PRO 6000 Blackwell Server Edition, 40731 MiB, 7 %, 259.16 W
2026/09/21 02:30:10.841, 0, NVIDIA RTX PRO 6000 Blackwell Server Edition, 59083 MiB, 100 %, 529.51 W
2026/09/21 02:30:11.841, 0, NVIDIA RTX PRO 6000 Blackwell Server Edition, 59083 MiB, 100 %, 564.22 W
2026/09/21 02:30:12.841, 0, NVIDIA RTX PRO 6000 Blackwell Server Edition, 59083 MiB, 100 %, 571.60 W
2026/09/21 02:30:13.841, 0, NVIDIA RTX PRO 6000 Blackwell Server Edition, 59083 MiB, 100 %, 570.89 W
2026/09/21 02:30:14.842, 0, NVIDIA RTX PRO 6000 Blackwell Server Edition, 59083 MiB, 100 %, 566.26 W
2026/09/21 02:30:15.842, 0, NVIDIA RTX PRO 6000 Blackwell Server Edition, 59083 MiB, 100 %, 570.33 W
2026/09/21 02:30:16.842, 0, NVIDIA RTX PRO 6000 Blackwell Server Edition, 59083 MiB, 100 %, 568.02 W
2026/09/21 02:30:17.842, 0, NVIDIA RTX PRO 6000 Blackwell Server Edition, 59083 MiB, 100 %, 570.92 W
2026/09/21 02:30:18.842, 0, NVIDIA RTX PRO 6000 Blackwell Server Edition, 39279 MiB, 0 %, 427.16 W
2026/09/21 02:30:19.842, 0, NVIDIA RTX PRO 6000 Blackwell Server Edition, 42277 MiB, 36 %, 96.60 W
2026/09/21 02:30:20.843, 0, NVIDIA RTX PRO 6000 Blackwell Server Edition, 52419 MiB, 20 %, 97.79 W
2026/09/21 02:30:21.843, 0, NVIDIA RTX PRO 6000 Blackwell Server Edition, 61311 MiB, 19 %, 97.06 W
2026/09/21 02:30:22.843, 0, NVIDIA RTX PRO 6000 Blackwell Server Edition, 40301 MiB, 0 %, 133.40 W
2026/09/21 02:30:23.843, 0, NVIDIA RTX PRO 6000 Blackwell Server Edition, 43249 MiB, 0 %, 93.91 W
2026/09/21 02:30:24.843, 0, NVIDIA RTX PRO 6000 Blackwell Server Edition, 39411 MiB, 10 %, 109.88 W
2026/09/21 02:30:25.844, 0, NVIDIA RTX PRO 6000 Blackwell Server Edition, 39413 MiB, 100 %, 527.38 W
2026/09/21 02:30:26.844, 0, NVIDIA RTX PRO 6000 Blackwell Server Edition, 39413 MiB, 100 %, 572.07 W
2026/09/21 02:30:27.844, 0, NVIDIA RTX PRO 6000 Blackwell Server Edition, 39413 MiB, 100 %, 574.66 W
2026/09/21 02:30:28.844, 0, NVIDIA RTX PRO 6000 Blackwell Server Edition, 39683 MiB, 100 %, 532.14 W
2026/09/21 02:30:29.844, 0, NVIDIA RTX PRO 6000 Blackwell Server Edition, 42843 MiB, 0 %, 130.81 W
2026/09/21 02:30:30.844, 0, NVIDIA RTX PRO 6000 Blackwell Server Edition, 42843 MiB, 100 %, 597.18 W
2026/09/21 02:30:31.845, 0, NVIDIA RTX PRO 6000 Blackwell Server Edition, 42843 MiB, 100 %, 601.31 W
2026/09/21 02:30:32.845, 0, NVIDIA RTX PRO 6000 Blackwell Server Edition, 42843 MiB, 100 %, 598.66 W
2026/09/21 02:30:33.845, 0, NVIDIA RTX PRO 6000 Blackwell Server Edition, 42843 MiB, 100 %, 602.07 W
2026/09/21 02:30:34.845, 0, NVIDIA RTX PRO 6000 Blackwell Server Edition, 42843 MiB, 100 %, 600.70 W
2026/09/21 02:30:35.845, 0, NVIDIA RTX PRO 6000 Blackwell Server Edition, 42843 MiB, 100 %, 601.64 W
2026/09/21 02:30:36.845, 0, NVIDIA RTX PRO 6000 Blackwell Server Edition, 42899 MiB, 97 %, 517.06 W
2026/09/21 02:30:37.846, 0, NVIDIA RTX PRO 6000 Blackwell Server Edition, 59083 MiB, 100 %, 290.91 W
2026/09/21 02:30:38.846, 0, NVIDIA RTX PRO 6000 Blackwell Server Edition, 59083 MiB, 100 %, 553.18 W
2026/09/21 02:30:39.846, 0, NVIDIA RTX PRO 6000 Blackwell Server Edition, 59083 MiB, 100 %, 570.22 W
2026/09/21 02:30:40.846, 0, NVIDIA RTX PRO 6000 Blackwell Server Edition, 59083 MiB, 100 %, 569.55 W
2026/09/21 02:30:41.846, 0, NVIDIA RTX PRO 6000 Blackwell Server Edition, 59083 MiB, 100 %, 565.43 W
2026/09/21 02:30:42.847, 0, NVIDIA RTX PRO 6000 Blackwell Server Edition, 59083 MiB, 100 %, 570.14 W
2026/09/21 02:30:43.848, 0, NVIDIA RTX PRO 6000 Blackwell Server Edition, 59083 MiB, 100 %, 567.34 W
2026/09/21 02:30:44.848, 0, NVIDIA RTX PRO 6000 Blackwell Server Edition, 59083 MiB, 100 %, 566.84 W
2026/09/21 02:30:45.848, 0, NVIDIA RTX PRO 6000 Blackwell Server Edition, 59083 MiB, 100 %, 570.30 W
2026/09/21 02:30:46.849, 0, NVIDIA RTX PRO 6000 Blackwell Server Edition, 39281 MiB, 0 %, 233.10 W
2026/09/21 02:30:47.849, 0, NVIDIA RTX PRO 6000 Blackwell Server Edition, 43337 MiB, 18 %, 96.44 W
2026/09/21 02:30:48.849, 0, NVIDIA RTX PRO 6000 Blackwell Server Edition, 49713 MiB, 11 %, 96.79 W
2026/09/21 02:30:49.849, 0, NVIDIA RTX PRO 6000 Blackwell Server Edition, 56817 MiB, 18 %, 95.76 W
2026/09/21 02:30:50.849, 0, NVIDIA RTX PRO 6000 Blackwell Server Edition, 61809 MiB, 35 %, 130.85 W
2026/09/21 02:30:51.849, 0, NVIDIA RTX PRO 6000 Blackwell Server Edition, 42511 MiB, 21 %, 97.03 W
2026/09/21 02:30:52.850, 0, NVIDIA RTX PRO 6000 Blackwell Server Edition, 39057 MiB, 50 %, 110.32 W
2026/09/21 02:30:53.850, 0, NVIDIA RTX PRO 6000 Blackwell Server Edition, 39411 MiB, 100 %, 279.55 W
2026/09/21 02:30:54.850, 0, NVIDIA RTX PRO 6000 Blackwell Server Edition, 39413 MiB, 100 %, 572.53 W
2026/09/21 02:30:55.850, 0, NVIDIA RTX PRO 6000 Blackwell Server Edition, 39413 MiB, 100 %, 574.38 W
2026/09/21 02:30:56.850, 0, NVIDIA RTX PRO 6000 Blackwell Server Edition, 39413 MiB, 100 %, 572.44 W
2026/09/21 02:30:57.850, 0, NVIDIA RTX PRO 6000 Blackwell Server Edition, 39381 MiB, 0 %, 334.44 W
2026/09/21 02:30:58.851, 0, NVIDIA RTX PRO 6000 Blackwell Server Edition, 42843 MiB, 100 %, 329.56 W
2026/09/21 02:30:59.851, 0, NVIDIA RTX PRO 6000 Blackwell Server Edition, 42843 MiB, 100 %, 601.52 W
2026/09/21 02:31:00.851, 0, NVIDIA RTX PRO 6000 Blackwell Server Edition, 42843 MiB, 99 %, 601.31 W
2026/09/21 02:31:01.851, 0, NVIDIA RTX PRO 6000 Blackwell Server Edition, 42843 MiB, 100 %, 600.37 W
2026/09/21 02:31:02.851, 0, NVIDIA RTX PRO 6000 Blackwell Server Edition, 42843 MiB, 100 %, 602.43 W
2026/09/21 02:31:03.851, 0, NVIDIA RTX PRO 6000 Blackwell Server Edition, 42843 MiB, 100 %, 600.68 W
2026/09/21 02:31:04.852, 0, NVIDIA RTX PRO 6000 Blackwell Server Edition, 42843 MiB, 100 %, 602.46 W
2026/09/21 02:31:05.852, 0, NVIDIA RTX PRO 6000 Blackwell Server Edition, 39337 MiB, 0 %, 330.14 W
2026/09/21 02:31:06.852, 0, NVIDIA RTX PRO 6000 Blackwell Server Edition, 59083 MiB, 100 %, 419.66 W
2026/09/21 02:31:07.852, 0, NVIDIA RTX PRO 6000 Blackwell Server Edition, 59083 MiB, 100 %, 567.08 W
2026/09/21 02:31:08.852, 0, NVIDIA RTX PRO 6000 Blackwell Server Edition, 59083 MiB, 100 %, 566.15 W
2026/09/21 02:31:09.853, 0, NVIDIA RTX PRO 6000 Blackwell Server Edition, 59083 MiB, 100 %, 568.57 W
2026/09/21 02:31:10.853, 0, NVIDIA RTX PRO 6000 Blackwell Server Edition, 59083 MiB, 100 %, 564.53 W
2026/09/21 02:31:11.853, 0, NVIDIA RTX PRO 6000 Blackwell Server Edition, 59083 MiB, 100 %, 569.74 W
2026/09/21 02:31:12.853, 0, NVIDIA RTX PRO 6000 Blackwell Server Edition, 59083 MiB, 100 %, 564.54 W
2026/09/21 02:31:13.853, 0, NVIDIA RTX PRO 6000 Blackwell Server Edition, 59083 MiB, 100 %, 571.83 W
2026/09/21 02:31:14.853, 0, NVIDIA RTX PRO 6000 Blackwell Server Edition, 62895 MiB, 95 %, 523.22 W
2026/09/21 02:31:15.854, 0, NVIDIA RTX PRO 6000 Blackwell Server Edition, 41201 MiB, 0 %, 99.57 W
2026/09/21 02:31:16.854, 0, NVIDIA RTX PRO 6000 Blackwell Server Edition, 50799 MiB, 18 %, 97.87 W
2026/09/21 02:31:17.855, 0, NVIDIA RTX PRO 6000 Blackwell Server Edition, 60779 MiB, 19 %, 97.36 W
2026/09/21 02:31:18.855, 0, NVIDIA RTX PRO 6000 Blackwell Server Edition, 38853 MiB, 0 %, 132.35 W
2026/09/21 02:31:19.855, 0, NVIDIA RTX PRO 6000 Blackwell Server Edition, 43247 MiB, 0 %, 94.41 W
2026/09/21 02:31:20.855, 0, NVIDIA RTX PRO 6000 Blackwell Server Edition, 39169 MiB, 0 %, 109.62 W
2026/09/21 02:31:21.856, 0, NVIDIA RTX PRO 6000 Blackwell Server Edition, 39413 MiB, 100 %, 458.55 W
2026/09/21 02:31:22.856, 0, NVIDIA RTX PRO 6000 Blackwell Server Edition, 39413 MiB, 100 %, 570.25 W
2026/09/21 02:31:23.856, 0, NVIDIA RTX PRO 6000 Blackwell Server Edition, 39413 MiB, 100 %, 572.59 W
2026/09/21 02:31:24.856, 0, NVIDIA RTX PRO 6000 Blackwell Server Edition, 39413 MiB, 100 %, 572.59 W
2026/09/21 02:31:25.856, 0, NVIDIA RTX PRO 6000 Blackwell Server Edition, 38847 MiB, 13 %, 147.32 W
2026/09/21 02:31:26.856, 0, NVIDIA RTX PRO 6000 Blackwell Server Edition, 42843 MiB, 100 %, 545.45 W
2026/09/21 02:31:27.857, 0, NVIDIA RTX PRO 6000 Blackwell Server Edition, 42843 MiB, 100 %, 602.66 W
2026/09/21 02:31:28.857, 0, NVIDIA RTX PRO 6000 Blackwell Server Edition, 42843 MiB, 100 %, 600.58 W
2026/09/21 02:31:29.857, 0, NVIDIA RTX PRO 6000 Blackwell Server Edition, 42843 MiB, 100 %, 601.53 W
2026/09/21 02:31:30.857, 0, NVIDIA RTX PRO 6000 Blackwell Server Edition, 42843 MiB, 100 %, 599.92 W
2026/09/21 02:31:31.857, 0, NVIDIA RTX PRO 6000 Blackwell Server Edition, 42843 MiB, 100 %, 601.75 W
2026/09/21 02:31:32.858, 0, NVIDIA RTX PRO 6000 Blackwell Server Edition, 42843 MiB, 100 %, 593.79 W
2026/09/21 02:31:33.859, 0, NVIDIA RTX PRO 6000 Blackwell Server Edition, 58283 MiB, 100 %, 240.26 W
2026/09/21 02:31:34.859, 0, NVIDIA RTX PRO 6000 Blackwell Server Edition, 59083 MiB, 100 %, 535.95 W
2026/09/21 02:31:35.859, 0, NVIDIA RTX PRO 6000 Blackwell Server Edition, 59083 MiB, 100 %, 564.14 W
2026/09/21 02:31:36.859, 0, NVIDIA RTX PRO 6000 Blackwell Server Edition, 59083 MiB, 100 %, 567.82 W
2026/09/21 02:31:37.859, 0, NVIDIA RTX PRO 6000 Blackwell Server Edition, 59083 MiB, 100 %, 568.01 W
2026/09/21 02:31:38.859, 0, NVIDIA RTX PRO 6000 Blackwell Server Edition, 59083 MiB, 100 %, 568.01 W
2026/09/21 02:31:39.860, 0, NVIDIA RTX PRO 6000 Blackwell Server Edition, 59083 MiB, 100 %, 572.97 W
2026/09/21 02:31:40.860, 0, NVIDIA RTX PRO 6000 Blackwell Server Edition, 59083 MiB, 100 %, 569.15 W
2026/09/21 02:31:41.860, 0, NVIDIA RTX PRO 6000 Blackwell Server Edition, 59083 MiB, 100 %, 568.35 W
2026/09/21 02:31:42.860, 0, NVIDIA RTX PRO 6000 Blackwell Server Edition, 39281 MiB, 0 %, 340.43 W
2026/09/21 02:31:43.860, 0, NVIDIA RTX PRO 6000 Blackwell Server Edition, 45215 MiB, 17 %, 97.24 W
2026/09/21 02:31:44.861, 0, NVIDIA RTX PRO 6000 Blackwell Server Edition, 55167 MiB, 18 %, 97.85 W
2026/09/21 02:31:45.861, 0, NVIDIA RTX PRO 6000 Blackwell Server Edition, 61777 MiB, 0 %, 96.02 W
2026/09/21 02:31:46.861, 0, NVIDIA RTX PRO 6000 Blackwell Server Edition, 42511 MiB, 19 %, 133.54 W
2026/09/21 02:31:47.861, 0, NVIDIA RTX PRO 6000 Blackwell Server Edition, 46191 MiB, 14 %, 94.67 W
2026/09/21 02:31:48.861, 0, NVIDIA RTX PRO 6000 Blackwell Server Edition, 39411 MiB, 47 %, 153.95 W
2026/09/21 02:31:49.861, 0, NVIDIA RTX PRO 6000 Blackwell Server Edition, 39413 MiB, 98 %, 570.84 W
2026/09/21 02:31:50.862, 0, NVIDIA RTX PRO 6000 Blackwell Server Edition, 39413 MiB, 100 %, 574.44 W
2026/09/21 02:31:51.862, 0, NVIDIA RTX PRO 6000 Blackwell Server Edition, 39413 MiB, 100 %, 573.12 W
2026/09/21 02:31:52.862, 0, NVIDIA RTX PRO 6000 Blackwell Server Edition, 40615 MiB, 16 %, 455.29 W
2026/09/21 02:31:53.862, 0, NVIDIA RTX PRO 6000 Blackwell Server Edition, 42843 MiB, 99 %, 190.84 W
2026/09/21 02:31:54.862, 0, NVIDIA RTX PRO 6000 Blackwell Server Edition, 42843 MiB, 100 %, 601.23 W
2026/09/21 02:31:55.863, 0, NVIDIA RTX PRO 6000 Blackwell Server Edition, 42843 MiB, 100 %, 603.47 W
2026/09/21 02:31:56.863, 0, NVIDIA RTX PRO 6000 Blackwell Server Edition, 42843 MiB, 100 %, 598.26 W
2026/09/21 02:31:57.863, 0, NVIDIA RTX PRO 6000 Blackwell Server Edition, 42843 MiB, 100 %, 602.31 W
2026/09/21 02:31:58.863, 0, NVIDIA RTX PRO 6000 Blackwell Server Edition, 42843 MiB, 100 %, 600.84 W
2026/09/21 02:31:59.863, 0, NVIDIA RTX PRO 6000 Blackwell Server Edition, 42843 MiB, 100 %, 604.49 W
2026/09/21 02:32:00.863, 0, NVIDIA RTX PRO 6000 Blackwell Server Edition, 42903 MiB, 8 %, 467.52 W
2026/09/21 02:32:01.864, 0, NVIDIA RTX PRO 6000 Blackwell Server Edition, 59083 MiB, 100 %, 325.81 W
2026/09/21 02:32:02.864, 0, NVIDIA RTX PRO 6000 Blackwell Server Edition, 59083 MiB, 100 %, 567.37 W
2026/09/21 02:32:03.864, 0, NVIDIA RTX PRO 6000 Blackwell Server Edition, 59083 MiB, 100 %, 568.45 W
2026/09/21 02:32:04.864, 0, NVIDIA RTX PRO 6000 Blackwell Server Edition, 59083 MiB, 100 %, 568.39 W
2026/09/21 02:32:05.864, 0, NVIDIA RTX PRO 6000 Blackwell Server Edition, 59083 MiB, 100 %, 567.98 W
2026/09/21 02:32:06.864, 0, NVIDIA RTX PRO 6000 Blackwell Server Edition, 59083 MiB, 100 %, 568.77 W
2026/09/21 02:32:07.865, 0, NVIDIA RTX PRO 6000 Blackwell Server Edition, 59083 MiB, 100 %, 569.41 W
2026/09/21 02:32:08.865, 0, NVIDIA RTX PRO 6000 Blackwell Server Edition, 59083 MiB, 100 %, 569.53 W
2026/09/21 02:32:09.865, 0, NVIDIA RTX PRO 6000 Blackwell Server Edition, 62895 MiB, 100 %, 569.53 W
2026/09/21 02:32:10.865, 0, NVIDIA RTX PRO 6000 Blackwell Server Edition, 39281 MiB, 0 %, 151.33 W
2026/09/21 02:32:11.865, 0, NVIDIA RTX PRO 6000 Blackwell Server Edition, 49035 MiB, 20 %, 98.14 W
2026/09/21 02:32:12.866, 0, NVIDIA RTX PRO 6000 Blackwell Server Edition, 59129 MiB, 19 %, 97.56 W
2026/09/21 02:32:13.866, 0, NVIDIA RTX PRO 6000 Blackwell Server Edition, 38685 MiB, 32 %, 134.40 W
2026/09/21 02:32:14.866, 0, NVIDIA RTX PRO 6000 Blackwell Server Edition, 43247 MiB, 16 %, 94.55 W
2026/09/21 02:32:15.866, 0, NVIDIA RTX PRO 6000 Blackwell Server Edition, 39057 MiB, 12 %, 110.30 W
2026/09/21 02:32:16.866, 0, NVIDIA RTX PRO 6000 Blackwell Server Edition, 39413 MiB, 100 %, 347.06 W
2026/09/21 02:32:17.866, 0, NVIDIA RTX PRO 6000 Blackwell Server Edition, 39413 MiB, 98 %, 572.28 W
2026/09/21 02:32:18.867, 0, NVIDIA RTX PRO 6000 Blackwell Server Edition, 39413 MiB, 98 %, 571.26 W
2026/09/21 02:32:19.867, 0, NVIDIA RTX PRO 6000 Blackwell Server Edition, 39413 MiB, 98 %, 570.53 W
2026/09/21 02:32:20.867, 0, NVIDIA RTX PRO 6000 Blackwell Server Edition, 38685 MiB, 0 %, 259.22 W
2026/09/21 02:32:21.868, 0, NVIDIA RTX PRO 6000 Blackwell Server Edition, 42843 MiB, 100 %, 424.13 W
2026/09/21 02:32:22.868, 0, NVIDIA RTX PRO 6000 Blackwell Server Edition, 42843 MiB, 100 %, 600.82 W
2026/09/21 02:32:23.868, 0, NVIDIA RTX PRO 6000 Blackwell Server Edition, 42843 MiB, 100 %, 600.00 W
2026/09/21 02:32:24.868, 0, NVIDIA RTX PRO 6000 Blackwell Server Edition, 42843 MiB, 100 %, 602.27 W
2026/09/21 02:32:25.868, 0, NVIDIA RTX PRO 6000 Blackwell Server Edition, 42843 MiB, 99 %, 601.92 W
2026/09/21 02:32:26.869, 0, NVIDIA RTX PRO 6000 Blackwell Server Edition, 42843 MiB, 100 %, 598.17 W
2026/09/21 02:32:27.869, 0, NVIDIA RTX PRO 6000 Blackwell Server Edition, 42843 MiB, 100 %, 602.85 W
2026/09/21 02:32:28.869, 0, NVIDIA RTX PRO 6000 Blackwell Server Edition, 40731 MiB, 42 %, 245.95 W
2026/09/21 02:32:29.869, 0, NVIDIA RTX PRO 6000 Blackwell Server Edition, 59083 MiB, 100 %, 533.12 W
2026/09/21 02:32:30.869, 0, NVIDIA RTX PRO 6000 Blackwell Server Edition, 59083 MiB, 100 %, 568.53 W
2026/09/21 02:32:31.869, 0, NVIDIA RTX PRO 6000 Blackwell Server Edition, 59083 MiB, 100 %, 570.49 W
2026/09/21 02:32:32.870, 0, NVIDIA RTX PRO 6000 Blackwell Server Edition, 59083 MiB, 100 %, 566.67 W
2026/09/21 02:32:33.870, 0, NVIDIA RTX PRO 6000 Blackwell Server Edition, 59083 MiB, 100 %, 571.64 W
2026/09/21 02:32:34.870, 0, NVIDIA RTX PRO 6000 Blackwell Server Edition, 59083 MiB, 100 %, 568.90 W
2026/09/21 02:32:35.870, 0, NVIDIA RTX PRO 6000 Blackwell Server Edition, 59083 MiB, 100 %, 568.03 W
2026/09/21 02:32:36.870, 0, NVIDIA RTX PRO 6000 Blackwell Server Edition, 59083 MiB, 100 %, 571.44 W
2026/09/21 02:32:37.871, 0, NVIDIA RTX PRO 6000 Blackwell Server Edition, 39281 MiB, 36 %, 396.63 W
2026/09/21 02:32:38.871, 0, NVIDIA RTX PRO 6000 Blackwell Server Edition, 43451 MiB, 18 %, 97.08 W
2026/09/21 02:32:39.871, 0, NVIDIA RTX PRO 6000 Blackwell Server Edition, 53545 MiB, 18 %, 98.27 W
2026/09/21 02:32:40.871, 0, NVIDIA RTX PRO 6000 Blackwell Server Edition, 61313 MiB, 0 %, 96.58 W
2026/09/21 02:32:41.871, 0, NVIDIA RTX PRO 6000 Blackwell Server Edition, 41999 MiB, 19 %, 133.34 W
2026/09/21 02:32:42.871, 0, NVIDIA RTX PRO 6000 Blackwell Server Edition, 46191 MiB, 53 %, 98.25 W
2026/09/21 02:32:43.872, 0, NVIDIA RTX PRO 6000 Blackwell Server Edition, 39411 MiB, 100 %, 173.11 W
2026/09/21 02:32:44.872, 0, NVIDIA RTX PRO 6000 Blackwell Server Edition, 39413 MiB, 100 %, 571.02 W
2026/09/21 02:32:45.872, 0, NVIDIA RTX PRO 6000 Blackwell Server Edition, 39413 MiB, 100 %, 570.43 W
2026/09/21 02:32:46.872, 0, NVIDIA RTX PRO 6000 Blackwell Server Edition, 39413 MiB, 100 %, 570.05 W
2026/09/21 02:32:47.872, 0, NVIDIA RTX PRO 6000 Blackwell Server Edition, 40615 MiB, 37 %, 449.36 W
2026/09/21 02:32:48.873, 0, NVIDIA RTX PRO 6000 Blackwell Server Edition, 42843 MiB, 100 %, 215.26 W
2026/09/21 02:32:49.873, 0, NVIDIA RTX PRO 6000 Blackwell Server Edition, 42843 MiB, 100 %, 600.94 W
2026/09/21 02:32:50.873, 0, NVIDIA RTX PRO 6000 Blackwell Server Edition, 42843 MiB, 100 %, 600.72 W
2026/09/21 02:32:51.873, 0, NVIDIA RTX PRO 6000 Blackwell Server Edition, 42843 MiB, 100 %, 599.81 W
2026/09/21 02:32:52.873, 0, NVIDIA RTX PRO 6000 Blackwell Server Edition, 42843 MiB, 100 %, 601.28 W
2026/09/21 02:32:53.873, 0, NVIDIA RTX PRO 6000 Blackwell Server Edition, 42843 MiB, 100 %, 598.39 W
2026/09/21 02:32:54.874, 0, NVIDIA RTX PRO 6000 Blackwell Server Edition, 42843 MiB, 100 %, 601.52 W
2026/09/21 02:32:55.874, 0, NVIDIA RTX PRO 6000 Blackwell Server Edition, 42903 MiB, 38 %, 434.59 W
2026/09/21 02:32:56.874, 0, NVIDIA RTX PRO 6000 Blackwell Server Edition, 59083 MiB, 100 %, 347.76 W
2026/09/21 02:32:57.874, 0, NVIDIA RTX PRO 6000 Blackwell Server Edition, 59083 MiB, 100 %, 565.59 W
2026/09/21 02:32:58.874, 0, NVIDIA RTX PRO 6000 Blackwell Server Edition, 59083 MiB, 100 %, 571.01 W
2026/09/21 02:32:59.874, 0, NVIDIA RTX PRO 6000 Blackwell Server Edition, 59083 MiB, 100 %, 568.02 W
2026/09/21 02:33:00.875, 0, NVIDIA RTX PRO 6000 Blackwell Server Edition, 59083 MiB, 100 %, 567.84 W
2026/09/21 02:33:01.875, 0, NVIDIA RTX PRO 6000 Blackwell Server Edition, 59083 MiB, 100 %, 569.98 W
2026/09/21 02:33:02.875, 0, NVIDIA RTX PRO 6000 Blackwell Server Edition, 59083 MiB, 100 %, 569.02 W
2026/09/21 02:33:03.875, 0, NVIDIA RTX PRO 6000 Blackwell Server Edition, 59083 MiB, 100 %, 570.38 W
2026/09/21 02:33:04.875, 0, NVIDIA RTX PRO 6000 Blackwell Server Edition, 62895 MiB, 100 %, 569.37 W
2026/09/21 02:33:05.876, 0, NVIDIA RTX PRO 6000 Blackwell Server Edition, 39281 MiB, 0 %, 115.64 W
2026/09/21 02:33:06.876, 0, NVIDIA RTX PRO 6000 Blackwell Server Edition, 47847 MiB, 17 %, 98.06 W
2026/09/21 02:33:07.876, 0, NVIDIA RTX PRO 6000 Blackwell Server Edition, 57913 MiB, 18 %, 97.54 W
2026/09/21 02:33:08.876, 0, NVIDIA RTX PRO 6000 Blackwell Server Edition, 38711 MiB, 1 %, 133.97 W
2026/09/21 02:33:09.877, 0, NVIDIA RTX PRO 6000 Blackwell Server Edition, 42511 MiB, 1 %, 96.24 W
2026/09/21 02:33:10.877, 0, NVIDIA RTX PRO 6000 Blackwell Server Edition, 39057 MiB, 6 %, 110.54 W
2026/09/21 02:33:11.877, 0, NVIDIA RTX PRO 6000 Blackwell Server Edition, 39413 MiB, 100 %, 343.22 W
2026/09/21 02:33:12.877, 0, NVIDIA RTX PRO 6000 Blackwell Server Edition, 39413 MiB, 98 %, 574.26 W
2026/09/21 02:33:13.878, 0, NVIDIA RTX PRO 6000 Blackwell Server Edition, 39413 MiB, 98 %, 573.71 W
2026/09/21 02:33:14.878, 0, NVIDIA RTX PRO 6000 Blackwell Server Edition, 39413 MiB, 100 %, 573.68 W
2026/09/21 02:33:15.878, 0, NVIDIA RTX PRO 6000 Blackwell Server Edition, 39381 MiB, 2 %, 273.64 W
2026/09/21 02:33:16.878, 0, NVIDIA RTX PRO 6000 Blackwell Server Edition, 42843 MiB, 100 %, 372.54 W
2026/09/21 02:33:17.878, 0, NVIDIA RTX PRO 6000 Blackwell Server Edition, 42843 MiB, 100 %, 602.07 W
2026/09/21 02:33:18.878, 0, NVIDIA RTX PRO 6000 Blackwell Server Edition, 42843 MiB, 100 %, 598.41 W
2026/09/21 02:33:19.879, 0, NVIDIA RTX PRO 6000 Blackwell Server Edition, 42843 MiB, 100 %, 600.42 W
2026/09/21 02:33:20.879, 0, NVIDIA RTX PRO 6000 Blackwell Server Edition, 42843 MiB, 100 %, 601.40 W
2026/09/21 02:33:21.879, 0, NVIDIA RTX PRO 6000 Blackwell Server Edition, 42843 MiB, 100 %, 597.93 W
2026/09/21 02:33:22.879, 0, NVIDIA RTX PRO 6000 Blackwell Server Edition, 42843 MiB, 100 %, 601.70 W
2026/09/21 02:33:23.879, 0, NVIDIA RTX PRO 6000 Blackwell Server Edition, 39337 MiB, 7 %, 284.49 W
2026/09/21 02:33:24.880, 0, NVIDIA RTX PRO 6000 Blackwell Server Edition, 59083 MiB, 100 %, 438.39 W
2026/09/21 02:33:25.880, 0, NVIDIA RTX PRO 6000 Blackwell Server Edition, 59083 MiB, 100 %, 569.08 W
2026/09/21 02:33:26.880, 0, NVIDIA RTX PRO 6000 Blackwell Server Edition, 59083 MiB, 100 %, 569.27 W
2026/09/21 02:33:27.880, 0, NVIDIA RTX PRO 6000 Blackwell Server Edition, 59083 MiB, 100 %, 566.18 W
2026/09/21 02:33:28.880, 0, NVIDIA RTX PRO 6000 Blackwell Server Edition, 59083 MiB, 100 %, 572.28 W
2026/09/21 02:33:29.880, 0, NVIDIA RTX PRO 6000 Blackwell Server Edition, 59083 MiB, 100 %, 569.20 W
2026/09/21 02:33:30.880, 0, NVIDIA RTX PRO 6000 Blackwell Server Edition, 59083 MiB, 100 %, 568.06 W
2026/09/21 02:33:31.881, 0, NVIDIA RTX PRO 6000 Blackwell Server Edition, 59083 MiB, 100 %, 570.85 W
2026/09/21 02:33:32.881, 0, NVIDIA RTX PRO 6000 Blackwell Server Edition, 62895 MiB, 100 %, 504.26 W
2026/09/21 02:33:33.881, 0, NVIDIA RTX PRO 6000 Blackwell Server Edition, 41459 MiB, 4 %, 99.54 W
2026/09/21 02:33:34.881, 0, NVIDIA RTX PRO 6000 Blackwell Server Edition, 51537 MiB, 20 %, 98.15 W
2026/09/21 02:33:35.881, 0, NVIDIA RTX PRO 6000 Blackwell Server Edition, 61313 MiB, 18 %, 97.56 W
2026/09/21 02:33:36.882, 0, NVIDIA RTX PRO 6000 Blackwell Server Edition, 39565 MiB, 21 %, 133.64 W
2026/09/21 02:33:37.882, 0, NVIDIA RTX PRO 6000 Blackwell Server Edition, 43247 MiB, 14 %, 94.55 W
2026/09/21 02:33:38.883, 0, NVIDIA RTX PRO 6000 Blackwell Server Edition, 39169 MiB, 0 %, 110.59 W
2026/09/21 02:33:39.884, 0, NVIDIA RTX PRO 6000 Blackwell Server Edition, 39413 MiB, 100 %, 486.93 W
2026/09/21 02:33:40.884, 0, NVIDIA RTX PRO 6000 Blackwell Server Edition, 39413 MiB, 100 %, 573.65 W
2026/09/21 02:33:41.884, 0, NVIDIA RTX PRO 6000 Blackwell Server Edition, 39413 MiB, 100 %, 577.21 W
2026/09/21 02:33:42.884, 0, NVIDIA RTX PRO 6000 Blackwell Server Edition, 39413 MiB, 100 %, 573.91 W
2026/09/21 02:33:43.884, 0, NVIDIA RTX PRO 6000 Blackwell Server Edition, 39941 MiB, 9 %, 114.97 W
2026/09/21 02:33:44.884, 0, NVIDIA RTX PRO 6000 Blackwell Server Edition, 42843 MiB, 100 %, 565.79 W
2026/09/21 02:33:45.884, 0, NVIDIA RTX PRO 6000 Blackwell Server Edition, 42843 MiB, 100 %, 603.35 W
2026/09/21 02:33:46.885, 0, NVIDIA RTX PRO 6000 Blackwell Server Edition, 42843 MiB, 100 %, 598.50 W
2026/09/21 02:33:47.885, 0, NVIDIA RTX PRO 6000 Blackwell Server Edition, 42843 MiB, 100 %, 602.78 W
2026/09/21 02:33:48.885, 0, NVIDIA RTX PRO 6000 Blackwell Server Edition, 42843 MiB, 100 %, 600.35 W
2026/09/21 02:33:49.885, 0, NVIDIA RTX PRO 6000 Blackwell Server Edition, 42843 MiB, 100 %, 602.67 W
2026/09/21 02:33:50.885, 0, NVIDIA RTX PRO 6000 Blackwell Server Edition, 42863 MiB, 100 %, 578.04 W
2026/09/21 02:33:51.885, 0, NVIDIA RTX PRO 6000 Blackwell Server Edition, 59083 MiB, 100 %, 245.98 W
2026/09/21 02:33:52.886, 0, NVIDIA RTX PRO 6000 Blackwell Server Edition, 59083 MiB, 100 %, 536.72 W
2026/09/21 02:33:53.886, 0, NVIDIA RTX PRO 6000 Blackwell Server Edition, 59083 MiB, 100 %, 571.34 W
2026/09/21 02:33:54.886, 0, NVIDIA RTX PRO 6000 Blackwell Server Edition, 59083 MiB, 100 %, 565.72 W
2026/09/21 02:33:55.886, 0, NVIDIA RTX PRO 6000 Blackwell Server Edition, 59083 MiB, 100 %, 572.16 W
2026/09/21 02:33:56.886, 0, NVIDIA RTX PRO 6000 Blackwell Server Edition, 59083 MiB, 100 %, 568.64 W
2026/09/21 02:33:57.886, 0, NVIDIA RTX PRO 6000 Blackwell Server Edition, 59083 MiB, 100 %, 569.82 W
2026/09/21 02:33:58.887, 0, NVIDIA RTX PRO 6000 Blackwell Server Edition, 59083 MiB, 100 %, 571.16 W
2026/09/21 02:33:59.887, 0, NVIDIA RTX PRO 6000 Blackwell Server Edition, 59083 MiB, 100 %, 567.93 W
2026/09/21 02:34:00.887, 0, NVIDIA RTX PRO 6000 Blackwell Server Edition, 39281 MiB, 0 %, 268.23 W
2026/09/21 02:34:01.887, 0, NVIDIA RTX PRO 6000 Blackwell Server Edition, 45405 MiB, 17 %, 97.63 W
2026/09/21 02:34:02.887, 0, NVIDIA RTX PRO 6000 Blackwell Server Edition, 55395 MiB, 19 %, 97.99 W
2026/09/21 02:34:03.888, 0, NVIDIA RTX PRO 6000 Blackwell Server Edition, 61809 MiB, 0 %, 126.79 W
2026/09/21 02:34:04.888, 0, NVIDIA RTX PRO 6000 Blackwell Server Edition, 42511 MiB, 20 %, 110.69 W
2026/09/21 02:34:05.888, 0, NVIDIA RTX PRO 6000 Blackwell Server Edition, 46191 MiB, 27 %, 108.29 W
2026/09/21 02:34:06.888, 0, NVIDIA RTX PRO 6000 Blackwell Server Edition, 38965 MiB, 6 %, 99.12 W
2026/09/21 02:34:07.888, 0, NVIDIA RTX PRO 6000 Blackwell Server Edition, 39413 MiB, 100 %, 541.06 W
2026/09/21 02:34:08.889, 0, NVIDIA RTX PRO 6000 Blackwell Server Edition, 39413 MiB, 100 %, 572.93 W
2026/09/21 02:34:09.889, 0, NVIDIA RTX PRO 6000 Blackwell Server Edition, 39413 MiB, 100 %, 571.93 W
2026/09/21 02:34:10.889, 0, NVIDIA RTX PRO 6000 Blackwell Server Edition, 39521 MiB, 100 %, 530.31 W
2026/09/21 02:34:11.889, 0, NVIDIA RTX PRO 6000 Blackwell Server Edition, 42843 MiB, 0 %, 138.99 W
2026/09/21 02:34:12.889, 0, NVIDIA RTX PRO 6000 Blackwell Server Edition, 42843 MiB, 100 %, 598.17 W
2026/09/21 02:34:13.889, 0, NVIDIA RTX PRO 6000 Blackwell Server Edition, 42843 MiB, 100 %, 599.00 W
2026/09/21 02:34:14.890, 0, NVIDIA RTX PRO 6000 Blackwell Server Edition, 42843 MiB, 100 %, 601.03 W
2026/09/21 02:34:15.890, 0, NVIDIA RTX PRO 6000 Blackwell Server Edition, 42843 MiB, 100 %, 600.61 W
2026/09/21 02:34:16.890, 0, NVIDIA RTX PRO 6000 Blackwell Server Edition, 42843 MiB, 100 %, 598.98 W
2026/09/21 02:34:17.890, 0, NVIDIA RTX PRO 6000 Blackwell Server Edition, 42843 MiB, 100 %, 602.05 W
2026/09/21 02:34:18.890, 0, NVIDIA RTX PRO 6000 Blackwell Server Edition, 42899 MiB, 55 %, 511.64 W
2026/09/21 02:34:19.890, 0, NVIDIA RTX PRO 6000 Blackwell Server Edition, 59083 MiB, 100 %, 294.08 W
2026/09/21 02:34:20.891, 0, NVIDIA RTX PRO 6000 Blackwell Server Edition, 59083 MiB, 100 %, 558.02 W
2026/09/21 02:34:21.891, 0, NVIDIA RTX PRO 6000 Blackwell Server Edition, 59083 MiB, 100 %, 566.76 W
2026/09/21 02:34:22.891, 0, NVIDIA RTX PRO 6000 Blackwell Server Edition, 59083 MiB, 100 %, 566.77 W
2026/09/21 02:34:23.891, 0, NVIDIA RTX PRO 6000 Blackwell Server Edition, 59083 MiB, 100 %, 570.25 W
2026/09/21 02:34:24.891, 0, NVIDIA RTX PRO 6000 Blackwell Server Edition, 59083 MiB, 100 %, 565.61 W
2026/09/21 02:34:25.892, 0, NVIDIA RTX PRO 6000 Blackwell Server Edition, 59083 MiB, 100 %, 569.88 W
2026/09/21 02:34:26.892, 0, NVIDIA RTX PRO 6000 Blackwell Server Edition, 59083 MiB, 100 %, 566.60 W
2026/09/21 02:34:27.892, 0, NVIDIA RTX PRO 6000 Blackwell Server Edition, 59083 MiB, 100 %, 569.77 W
2026/09/21 02:34:28.892, 0, NVIDIA RTX PRO 6000 Blackwell Server Edition, 39281 MiB, 0 %, 226.22 W
2026/09/21 02:34:29.892, 0, NVIDIA RTX PRO 6000 Blackwell Server Edition, 46837 MiB, 18 %, 97.99 W
2026/09/21 02:34:30.892, 0, NVIDIA RTX PRO 6000 Blackwell Server Edition, 57159 MiB, 20 %, 97.77 W
2026/09/21 02:34:31.892, 0, NVIDIA RTX PRO 6000 Blackwell Server Edition, 61713 MiB, 59 %, 133.57 W
2026/09/21 02:34:32.893, 0, NVIDIA RTX PRO 6000 Blackwell Server Edition, 42511 MiB, 0 %, 97.67 W
2026/09/21 02:34:33.893, 0, NVIDIA RTX PRO 6000 Blackwell Server Edition, 39057 MiB, 0 %, 109.78 W
2026/09/21 02:34:34.893, 0, NVIDIA RTX PRO 6000 Blackwell Server Edition, 39413 MiB, 100 %, 324.79 W
2026/09/21 02:34:35.893, 0, NVIDIA RTX PRO 6000 Blackwell Server Edition, 39413 MiB, 100 %, 575.52 W
2026/09/21 02:34:36.893, 0, NVIDIA RTX PRO 6000 Blackwell Server Edition, 39413 MiB, 100 %, 575.27 W
2026/09/21 02:34:37.893, 0, NVIDIA RTX PRO 6000 Blackwell Server Edition, 39413 MiB, 100 %, 573.68 W
2026/09/21 02:34:38.894, 0, NVIDIA RTX PRO 6000 Blackwell Server Edition, 39381 MiB, 1 %, 293.58 W
2026/09/21 02:34:39.894, 0, NVIDIA RTX PRO 6000 Blackwell Server Edition, 42843 MiB, 100 %, 390.27 W
2026/09/21 02:34:40.894, 0, NVIDIA RTX PRO 6000 Blackwell Server Edition, 42843 MiB, 100 %, 601.70 W
2026/09/21 02:34:41.894, 0, NVIDIA RTX PRO 6000 Blackwell Server Edition, 42843 MiB, 100 %, 599.62 W
2026/09/21 02:34:42.894, 0, NVIDIA RTX PRO 6000 Blackwell Server Edition, 42843 MiB, 100 %, 599.23 W
2026/09/21 02:34:43.895, 0, NVIDIA RTX PRO 6000 Blackwell Server Edition, 42843 MiB, 100 %, 599.78 W
2026/09/21 02:34:44.895, 0, NVIDIA RTX PRO 6000 Blackwell Server Edition, 42843 MiB, 100 %, 598.11 W
2026/09/21 02:34:45.895, 0, NVIDIA RTX PRO 6000 Blackwell Server Edition, 42843 MiB, 100 %, 602.94 W
2026/09/21 02:34:46.895, 0, NVIDIA RTX PRO 6000 Blackwell Server Edition, 39479 MiB, 7 %, 270.97 W
2026/09/21 02:34:47.895, 0, NVIDIA RTX PRO 6000 Blackwell Server Edition, 59083 MiB, 100 %, 521.57 W
2026/09/21 02:34:48.895, 0, NVIDIA RTX PRO 6000 Blackwell Server Edition, 59083 MiB, 100 %, 564.68 W
2026/09/21 02:34:49.896, 0, NVIDIA RTX PRO 6000 Blackwell Server Edition, 59083 MiB, 100 %, 573.55 W
2026/09/21 02:34:50.896, 0, NVIDIA RTX PRO 6000 Blackwell Server Edition, 59083 MiB, 100 %, 564.77 W
2026/09/21 02:34:51.896, 0, NVIDIA RTX PRO 6000 Blackwell Server Edition, 59083 MiB, 100 %, 568.75 W
2026/09/21 02:34:52.896, 0, NVIDIA RTX PRO 6000 Blackwell Server Edition, 59083 MiB, 100 %, 573.51 W
2026/09/21 02:34:53.896, 0, NVIDIA RTX PRO 6000 Blackwell Server Edition, 59083 MiB, 100 %, 567.88 W
2026/09/21 02:34:54.896, 0, NVIDIA RTX PRO 6000 Blackwell Server Edition, 59083 MiB, 100 %, 566.45 W
2026/09/21 02:34:55.897, 0, NVIDIA RTX PRO 6000 Blackwell Server Edition, 39281 MiB, 0 %, 435.93 W
2026/09/21 02:34:56.897, 0, NVIDIA RTX PRO 6000 Blackwell Server Edition, 41687 MiB, 36 %, 96.98 W
2026/09/21 02:34:57.897, 0, NVIDIA RTX PRO 6000 Blackwell Server Edition, 51119 MiB, 17 %, 98.03 W
2026/09/21 02:34:58.897, 0, NVIDIA RTX PRO 6000 Blackwell Server Edition, 60779 MiB, 16 %, 97.53 W
2026/09/21 02:34:59.897, 0, NVIDIA RTX PRO 6000 Blackwell Server Edition, 39145 MiB, 1 %, 132.73 W
2026/09/21 02:35:00.897, 0, NVIDIA RTX PRO 6000 Blackwell Server Edition, 43247 MiB, 0 %, 94.60 W
2026/09/21 02:35:01.898, 0, NVIDIA RTX PRO 6000 Blackwell Server Edition, 39169 MiB, 4 %, 109.88 W
2026/09/21 02:35:02.898, 0, NVIDIA RTX PRO 6000 Blackwell Server Edition, 39413 MiB, 100 %, 463.58 W
2026/09/21 02:35:03.898, 0, NVIDIA RTX PRO 6000 Blackwell Server Edition, 39413 MiB, 100 %, 569.04 W
2026/09/21 02:35:04.898, 0, NVIDIA RTX PRO 6000 Blackwell Server Edition, 39413 MiB, 100 %, 573.52 W
2026/09/21 02:35:05.898, 0, NVIDIA RTX PRO 6000 Blackwell Server Edition, 39413 MiB, 100 %, 572.57 W
2026/09/21 02:35:06.899, 0, NVIDIA RTX PRO 6000 Blackwell Server Edition, 42843 MiB, 4 %, 144.83 W
2026/09/21 02:35:07.899, 0, NVIDIA RTX PRO 6000 Blackwell Server Edition, 42843 MiB, 100 %, 554.61 W
2026/09/21 02:35:08.899, 0, NVIDIA RTX PRO 6000 Blackwell Server Edition, 42843 MiB, 100 %, 601.00 W
2026/09/21 02:35:09.899, 0, NVIDIA RTX PRO 6000 Blackwell Server Edition, 42843 MiB, 100 %, 598.90 W
2026/09/21 02:35:10.899, 0, NVIDIA RTX PRO 6000 Blackwell Server Edition, 42843 MiB, 100 %, 601.99 W
2026/09/21 02:35:11.900, 0, NVIDIA RTX PRO 6000 Blackwell Server Edition, 42843 MiB, 100 %, 597.91 W
2026/09/21 02:35:12.900, 0, NVIDIA RTX PRO 6000 Blackwell Server Edition, 42843 MiB, 100 %, 601.90 W
2026/09/21 02:35:13.900, 0, NVIDIA RTX PRO 6000 Blackwell Server Edition, 42865 MiB, 100 %, 575.28 W
2026/09/21 02:35:14.900, 0, NVIDIA RTX PRO 6000 Blackwell Server Edition, 59083 MiB, 100 %, 244.76 W
2026/09/21 02:35:15.900, 0, NVIDIA RTX PRO 6000 Blackwell Server Edition, 59083 MiB, 100 %, 536.41 W
2026/09/21 02:35:16.901, 0, NVIDIA RTX PRO 6000 Blackwell Server Edition, 59083 MiB, 100 %, 571.44 W
2026/09/21 02:35:17.901, 0, NVIDIA RTX PRO 6000 Blackwell Server Edition, 59083 MiB, 100 %, 569.96 W
2026/09/21 02:35:18.901, 0, NVIDIA RTX PRO 6000 Blackwell Server Edition, 59083 MiB, 100 %, 568.40 W
2026/09/21 02:35:19.901, 0, NVIDIA RTX PRO 6000 Blackwell Server Edition, 59083 MiB, 100 %, 568.35 W
2026/09/21 02:35:20.901, 0, NVIDIA RTX PRO 6000 Blackwell Server Edition, 59083 MiB, 100 %, 567.43 W
2026/09/21 02:35:21.901, 0, NVIDIA RTX PRO 6000 Blackwell Server Edition, 59083 MiB, 100 %, 570.59 W
2026/09/21 02:35:22.902, 0, NVIDIA RTX PRO 6000 Blackwell Server Edition, 59083 MiB, 100 %, 568.89 W
2026/09/21 02:35:23.902, 0, NVIDIA RTX PRO 6000 Blackwell Server Edition, 39281 MiB, 0 %, 268.11 W
2026/09/21 02:35:24.902, 0, NVIDIA RTX PRO 6000 Blackwell Server Edition, 45779 MiB, 19 %, 97.58 W
2026/09/21 02:35:25.902, 0, NVIDIA RTX PRO 6000 Blackwell Server Edition, 56035 MiB, 20 %, 97.90 W
2026/09/21 02:35:26.902, 0, NVIDIA RTX PRO 6000 Blackwell Server Edition, 61809 MiB, 72 %, 132.88 W
2026/09/21 02:35:27.902, 0, NVIDIA RTX PRO 6000 Blackwell Server Edition, 42511 MiB, 5 %, 97.87 W
2026/09/21 02:35:28.903, 0, NVIDIA RTX PRO 6000 Blackwell Server Edition, 39057 MiB, 0 %, 109.42 W
2026/09/21 02:35:29.903, 0, NVIDIA RTX PRO 6000 Blackwell Server Edition, 39411 MiB, 100 %, 239.21 W
2026/09/21 02:35:30.903, 0, NVIDIA RTX PRO 6000 Blackwell Server Edition, 39413 MiB, 100 %, 572.57 W
2026/09/21 02:35:31.903, 0, NVIDIA RTX PRO 6000 Blackwell Server Edition, 39413 MiB, 100 %, 574.47 W
2026/09/21 02:35:32.903, 0, NVIDIA RTX PRO 6000 Blackwell Server Edition, 39413 MiB, 100 %, 574.79 W
2026/09/21 02:35:33.903, 0, NVIDIA RTX PRO 6000 Blackwell Server Edition, 39381 MiB, 0 %, 372.99 W
2026/09/21 02:35:34.903, 0, NVIDIA RTX PRO 6000 Blackwell Server Edition, 42843 MiB, 100 %, 295.19 W
2026/09/21 02:35:35.904, 0, NVIDIA RTX PRO 6000 Blackwell Server Edition, 42843 MiB, 100 %, 600.33 W
2026/09/21 02:35:36.904, 0, NVIDIA RTX PRO 6000 Blackwell Server Edition, 42843 MiB, 99 %, 599.72 W
2026/09/21 02:35:37.904, 0, NVIDIA RTX PRO 6000 Blackwell Server Edition, 42843 MiB, 100 %, 598.91 W
2026/09/21 02:35:38.904, 0, NVIDIA RTX PRO 6000 Blackwell Server Edition, 42843 MiB, 100 %, 600.71 W
2026/09/21 02:35:39.904, 0, NVIDIA RTX PRO 6000 Blackwell Server Edition, 42843 MiB, 100 %, 600.11 W
2026/09/21 02:35:40.904, 0, NVIDIA RTX PRO 6000 Blackwell Server Edition, 42843 MiB, 100 %, 601.98 W
2026/09/21 02:35:41.905, 0, NVIDIA RTX PRO 6000 Blackwell Server Edition, 39337 MiB, 0 %, 352.98 W
2026/09/21 02:35:42.905, 0, NVIDIA RTX PRO 6000 Blackwell Server Edition, 59083 MiB, 100 %, 437.17 W
2026/09/21 02:35:43.905, 0, NVIDIA RTX PRO 6000 Blackwell Server Edition, 59083 MiB, 100 %, 566.94 W
2026/09/21 02:35:44.905, 0, NVIDIA RTX PRO 6000 Blackwell Server Edition, 59083 MiB, 100 %, 570.29 W
2026/09/21 02:35:45.905, 0, NVIDIA RTX PRO 6000 Blackwell Server Edition, 59083 MiB, 100 %, 568.49 W
2026/09/21 02:35:46.905, 0, NVIDIA RTX PRO 6000 Blackwell Server Edition, 59083 MiB, 100 %, 566.83 W
2026/09/21 02:35:47.905, 0, NVIDIA RTX PRO 6000 Blackwell Server Edition, 59083 MiB, 100 %, 572.21 W
2026/09/21 02:35:48.906, 0, NVIDIA RTX PRO 6000 Blackwell Server Edition, 59083 MiB, 100 %, 564.96 W
2026/09/21 02:35:49.906, 0, NVIDIA RTX PRO 6000 Blackwell Server Edition, 59083 MiB, 100 %, 570.35 W
2026/09/21 02:35:50.906, 0, NVIDIA RTX PRO 6000 Blackwell Server Edition, 62895 MiB, 20 %, 526.64 W
2026/09/21 02:35:51.906, 0, NVIDIA RTX PRO 6000 Blackwell Server Edition, 41201 MiB, 30 %, 99.44 W
2026/09/21 02:35:52.906, 0, NVIDIA RTX PRO 6000 Blackwell Server Edition, 50685 MiB, 18 %, 98.21 W
2026/09/21 02:35:53.906, 0, NVIDIA RTX PRO 6000 Blackwell Server Edition, 61007 MiB, 19 %, 97.57 W
2026/09/21 02:35:54.907, 0, NVIDIA RTX PRO 6000 Blackwell Server Edition, 39145 MiB, 0 %, 132.11 W
2026/09/21 02:35:55.907, 0, NVIDIA RTX PRO 6000 Blackwell Server Edition, 43247 MiB, 0 %, 94.67 W
2026/09/21 02:35:56.907, 0, NVIDIA RTX PRO 6000 Blackwell Server Edition, 39169 MiB, 10 %, 109.65 W
2026/09/21 02:35:57.907, 0, NVIDIA RTX PRO 6000 Blackwell Server Edition, 39413 MiB, 100 %, 478.39 W
2026/09/21 02:35:58.907, 0, NVIDIA RTX PRO 6000 Blackwell Server Edition, 39413 MiB, 100 %, 572.43 W
2026/09/21 02:35:59.907, 0, NVIDIA RTX PRO 6000 Blackwell Server Edition, 39413 MiB, 100 %, 572.31 W
2026/09/21 02:36:00.908, 0, NVIDIA RTX PRO 6000 Blackwell Server Edition, 39413 MiB, 100 %, 574.39 W
2026/09/21 02:36:01.908, 0, NVIDIA RTX PRO 6000 Blackwell Server Edition, 38847 MiB, 0 %, 121.17 W
2026/09/21 02:36:02.908, 0, NVIDIA RTX PRO 6000 Blackwell Server Edition, 42843 MiB, 100 %, 564.28 W
2026/09/21 02:36:03.908, 0, NVIDIA RTX PRO 6000 Blackwell Server Edition, 42843 MiB, 100 %, 603.13 W
2026/09/21 02:36:04.908, 0, NVIDIA RTX PRO 6000 Blackwell Server Edition, 42843 MiB, 100 %, 597.57 W
2026/09/21 02:36:05.908, 0, NVIDIA RTX PRO 6000 Blackwell Server Edition, 42843 MiB, 100 %, 603.31 W
2026/09/21 02:36:06.908, 0, NVIDIA RTX PRO 6000 Blackwell Server Edition, 42843 MiB, 100 %, 598.51 W
2026/09/21 02:36:07.909, 0, NVIDIA RTX PRO 6000 Blackwell Server Edition, 42843 MiB, 100 %, 600.95 W
2026/09/21 02:36:08.909, 0, NVIDIA RTX PRO 6000 Blackwell Server Edition, 42843 MiB, 100 %, 576.82 W
2026/09/21 02:36:09.909, 0, NVIDIA RTX PRO 6000 Blackwell Server Edition, 59083 MiB, 100 %, 245.54 W
2026/09/21 02:36:10.909, 0, NVIDIA RTX PRO 6000 Blackwell Server Edition, 59083 MiB, 100 %, 536.09 W
2026/09/21 02:36:11.909, 0, NVIDIA RTX PRO 6000 Blackwell Server Edition, 59083 MiB, 100 %, 571.16 W
2026/09/21 02:36:12.909, 0, NVIDIA RTX PRO 6000 Blackwell Server Edition, 59083 MiB, 100 %, 565.33 W
2026/09/21 02:36:13.909, 0, NVIDIA RTX PRO 6000 Blackwell Server Edition, 59083 MiB, 100 %, 571.98 W
2026/09/21 02:36:14.909, 0, NVIDIA RTX PRO 6000 Blackwell Server Edition, 59083 MiB, 100 %, 572.16 W
2026/09/21 02:36:15.910, 0, NVIDIA RTX PRO 6000 Blackwell Server Edition, 59083 MiB, 100 %, 566.49 W
2026/09/21 02:36:16.910, 0, NVIDIA RTX PRO 6000 Blackwell Server Edition, 59083 MiB, 100 %, 573.05 W
2026/09/21 02:36:17.910, 0, NVIDIA RTX PRO 6000 Blackwell Server Edition, 59083 MiB, 100 %, 567.77 W
2026/09/21 02:36:18.910, 0, NVIDIA RTX PRO 6000 Blackwell Server Edition, 39281 MiB, 0 %, 260.49 W
2026/09/21 02:36:19.910, 0, NVIDIA RTX PRO 6000 Blackwell Server Edition, 44553 MiB, 19 %, 97.23 W
2026/09/21 02:36:20.910, 0, NVIDIA RTX PRO 6000 Blackwell Server Edition, 54619 MiB, 19 %, 97.89 W
2026/09/21 02:36:21.911, 0, NVIDIA RTX PRO 6000 Blackwell Server Edition, 61745 MiB, 0 %, 115.67 W
2026/09/21 02:36:22.911, 0, NVIDIA RTX PRO 6000 Blackwell Server Edition, 42511 MiB, 21 %, 122.61 W
2026/09/21 02:36:23.911, 0, NVIDIA RTX PRO 6000 Blackwell Server Edition, 46191 MiB, 60 %, 109.08 W
2026/09/21 02:36:24.911, 0, NVIDIA RTX PRO 6000 Blackwell Server Edition, 39411 MiB, 100 %, 209.27 W
2026/09/21 02:36:25.911, 0, NVIDIA RTX PRO 6000 Blackwell Server Edition, 39413 MiB, 100 %, 570.62 W
2026/09/21 02:36:26.911, 0, NVIDIA RTX PRO 6000 Blackwell Server Edition, 39413 MiB, 100 %, 571.56 W
2026/09/21 02:36:27.912, 0, NVIDIA RTX PRO 6000 Blackwell Server Edition, 39413 MiB, 100 %, 571.77 W
2026/09/21 02:36:28.912, 0, NVIDIA RTX PRO 6000 Blackwell Server Edition, 40615 MiB, 32 %, 401.93 W
2026/09/21 02:36:29.912, 0, NVIDIA RTX PRO 6000 Blackwell Server Edition, 42843 MiB, 100 %, 278.04 W
2026/09/21 02:36:30.912, 0, NVIDIA RTX PRO 6000 Blackwell Server Edition, 42843 MiB, 100 %, 601.69 W
2026/09/21 02:36:31.912, 0, NVIDIA RTX PRO 6000 Blackwell Server Edition, 42843 MiB, 100 %, 599.58 W
2026/09/21 02:36:32.912, 0, NVIDIA RTX PRO 6000 Blackwell Server Edition, 42843 MiB, 100 %, 599.08 W
2026/09/21 02:36:33.912, 0, NVIDIA RTX PRO 6000 Blackwell Server Edition, 42843 MiB, 100 %, 600.62 W
2026/09/21 02:36:34.912, 0, NVIDIA RTX PRO 6000 Blackwell Server Edition, 42843 MiB, 100 %, 597.72 W
2026/09/21 02:36:35.913, 0, NVIDIA RTX PRO 6000 Blackwell Server Edition, 42843 MiB, 100 %, 601.96 W
2026/09/21 02:36:36.913, 0, NVIDIA RTX PRO 6000 Blackwell Server Edition, 39337 MiB, 0 %, 366.28 W
2026/09/21 02:36:37.913, 0, NVIDIA RTX PRO 6000 Blackwell Server Edition, 59083 MiB, 100 %, 433.19 W
2026/09/21 02:36:38.913, 0, NVIDIA RTX PRO 6000 Blackwell Server Edition, 59083 MiB, 100 %, 564.32 W
2026/09/21 02:36:39.913, 0, NVIDIA RTX PRO 6000 Blackwell Server Edition, 59083 MiB, 100 %, 568.33 W
2026/09/21 02:36:40.913, 0, NVIDIA RTX PRO 6000 Blackwell Server Edition, 59083 MiB, 100 %, 567.47 W
2026/09/21 02:36:41.914, 0, NVIDIA RTX PRO 6000 Blackwell Server Edition, 59083 MiB, 100 %, 570.18 W
2026/09/21 02:36:42.914, 0, NVIDIA RTX PRO 6000 Blackwell Server Edition, 59083 MiB, 100 %, 568.83 W
2026/09/21 02:36:43.914, 0, NVIDIA RTX PRO 6000 Blackwell Server Edition, 59083 MiB, 100 %, 571.35 W
2026/09/21 02:36:44.914, 0, NVIDIA RTX PRO 6000 Blackwell Server Edition, 59083 MiB, 100 %, 567.00 W
2026/09/21 02:36:45.914, 0, NVIDIA RTX PRO 6000 Blackwell Server Edition, 62895 MiB, 100 %, 559.14 W
2026/09/21 02:36:46.914, 0, NVIDIA RTX PRO 6000 Blackwell Server Edition, 41201 MiB, 0 %, 101.86 W
2026/09/21 02:36:47.914, 0, NVIDIA RTX PRO 6000 Blackwell Server Edition, 49583 MiB, 19 %, 98.57 W
2026/09/21 02:36:48.914, 0, NVIDIA RTX PRO 6000 Blackwell Server Edition, 59819 MiB, 17 %, 97.70 W
2026/09/21 02:36:49.915, 0, NVIDIA RTX PRO 6000 Blackwell Server Edition, 38685 MiB, 37 %, 134.88 W
2026/09/21 02:36:50.915, 0, NVIDIA RTX PRO 6000 Blackwell Server Edition, 43247 MiB, 2 %, 94.61 W
2026/09/21 02:36:51.915, 0, NVIDIA RTX PRO 6000 Blackwell Server Edition, 39061 MiB, 1 %, 109.98 W
2026/09/21 02:36:52.915, 0, NVIDIA RTX PRO 6000 Blackwell Server Edition, 39413 MiB, 98 %, 389.98 W
2026/09/21 02:36:53.915, 0, NVIDIA RTX PRO 6000 Blackwell Server Edition, 39413 MiB, 98 %, 572.80 W
2026/09/21 02:36:54.915, 0, NVIDIA RTX PRO 6000 Blackwell Server Edition, 39413 MiB, 100 %, 573.20 W
2026/09/21 02:36:55.915, 0, NVIDIA RTX PRO 6000 Blackwell Server Edition, 39413 MiB, 100 %, 573.28 W
2026/09/21 02:36:56.915, 0, NVIDIA RTX PRO 6000 Blackwell Server Edition, 38847 MiB, 0 %, 219.14 W
2026/09/21 02:36:57.915, 0, NVIDIA RTX PRO 6000 Blackwell Server Edition, 42843 MiB, 100 %, 479.29 W
2026/09/21 02:36:58.916, 0, NVIDIA RTX PRO 6000 Blackwell Server Edition, 42843 MiB, 100 %, 602.13 W
2026/09/21 02:36:59.916, 0, NVIDIA RTX PRO 6000 Blackwell Server Edition, 42843 MiB, 100 %, 598.48 W
2026/09/21 02:37:00.916, 0, NVIDIA RTX PRO 6000 Blackwell Server Edition, 42843 MiB, 100 %, 600.79 W
2026/09/21 02:37:01.916, 0, NVIDIA RTX PRO 6000 Blackwell Server Edition, 42843 MiB, 99 %, 599.83 W
2026/09/21 02:37:02.916, 0, NVIDIA RTX PRO 6000 Blackwell Server Edition, 42843 MiB, 100 %, 601.70 W
2026/09/21 02:37:03.916, 0, NVIDIA RTX PRO 6000 Blackwell Server Edition, 42843 MiB, 100 %, 600.45 W
2026/09/21 02:37:04.917, 0, NVIDIA RTX PRO 6000 Blackwell Server Edition, 51271 MiB, 31 %, 252.49 W
2026/09/21 02:37:05.917, 0, NVIDIA RTX PRO 6000 Blackwell Server Edition, 59083 MiB, 100 %, 522.49 W
2026/09/21 02:37:06.917, 0, NVIDIA RTX PRO 6000 Blackwell Server Edition, 59083 MiB, 100 %, 571.27 W
2026/09/21 02:37:07.917, 0, NVIDIA RTX PRO 6000 Blackwell Server Edition, 59083 MiB, 100 %, 563.83 W
2026/09/21 02:37:08.917, 0, NVIDIA RTX PRO 6000 Blackwell Server Edition, 59083 MiB, 100 %, 568.96 W
2026/09/21 02:37:09.917, 0, NVIDIA RTX PRO 6000 Blackwell Server Edition, 59083 MiB, 100 %, 569.20 W
2026/09/21 02:37:10.917, 0, NVIDIA RTX PRO 6000 Blackwell Server Edition, 59083 MiB, 100 %, 566.71 W
2026/09/21 02:37:11.918, 0, NVIDIA RTX PRO 6000 Blackwell Server Edition, 59083 MiB, 100 %, 569.87 W
2026/09/21 02:37:12.918, 0, NVIDIA RTX PRO 6000 Blackwell Server Edition, 59083 MiB, 100 %, 569.44 W
2026/09/21 02:37:13.918, 0, NVIDIA RTX PRO 6000 Blackwell Server Edition, 39281 MiB, 30 %, 347.33 W
2026/09/21 02:37:14.918, 0, NVIDIA RTX PRO 6000 Blackwell Server Edition, 43999 MiB, 16 %, 96.90 W
2026/09/21 02:37:15.918, 0, NVIDIA RTX PRO 6000 Blackwell Server Edition, 54109 MiB, 18 %, 97.93 W
2026/09/21 02:37:16.918, 0, NVIDIA RTX PRO 6000 Blackwell Server Edition, 61527 MiB, 2 %, 96.47 W
2026/09/21 02:37:17.918, 0, NVIDIA RTX PRO 6000 Blackwell Server Edition, 42511 MiB, 14 %, 135.08 W
2026/09/21 02:37:18.918, 0, NVIDIA RTX PRO 6000 Blackwell Server Edition, 46191 MiB, 0 %, 107.12 W
2026/09/21 02:37:19.919, 0, NVIDIA RTX PRO 6000 Blackwell Server Edition, 39411 MiB, 31 %, 169.78 W
2026/09/21 02:37:20.919, 0, NVIDIA RTX PRO 6000 Blackwell Server Edition, 39413 MiB, 98 %, 570.85 W
2026/09/21 02:37:21.919, 0, NVIDIA RTX PRO 6000 Blackwell Server Edition, 39413 MiB, 100 %, 571.09 W
2026/09/21 02:37:22.919, 0, NVIDIA RTX PRO 6000 Blackwell Server Edition, 39413 MiB, 100 %, 574.33 W
2026/09/21 02:37:23.919, 0, NVIDIA RTX PRO 6000 Blackwell Server Edition, 40615 MiB, 15 %, 445.61 W
2026/09/21 02:37:24.920, 0, NVIDIA RTX PRO 6000 Blackwell Server Edition, 42843 MiB, 100 %, 225.11 W
2026/09/21 02:37:25.920, 0, NVIDIA RTX PRO 6000 Blackwell Server Edition, 42843 MiB, 100 %, 599.02 W
2026/09/21 02:37:26.920, 0, NVIDIA RTX PRO 6000 Blackwell Server Edition, 42843 MiB, 100 %, 601.27 W
2026/09/21 02:37:27.920, 0, NVIDIA RTX PRO 6000 Blackwell Server Edition, 42843 MiB, 100 %, 600.28 W
2026/09/21 02:37:28.920, 0, NVIDIA RTX PRO 6000 Blackwell Server Edition, 42843 MiB, 100 %, 599.97 W
2026/09/21 02:37:29.920, 0, NVIDIA RTX PRO 6000 Blackwell Server Edition, 42843 MiB, 100 %, 598.85 W
2026/09/21 02:37:30.920, 0, NVIDIA RTX PRO 6000 Blackwell Server Edition, 42843 MiB, 100 %, 599.65 W
2026/09/21 02:37:31.921, 0, NVIDIA RTX PRO 6000 Blackwell Server Edition, 42903 MiB, 12 %, 427.98 W
2026/09/21 02:37:32.921, 0, NVIDIA RTX PRO 6000 Blackwell Server Edition, 59083 MiB, 100 %, 351.56 W
2026/09/21 02:37:33.921, 0, NVIDIA RTX PRO 6000 Blackwell Server Edition, 59083 MiB, 100 %, 570.33 W
2026/09/21 02:37:34.921, 0, NVIDIA RTX PRO 6000 Blackwell Server Edition, 59083 MiB, 100 %, 567.56 W
2026/09/21 02:37:35.921, 0, NVIDIA RTX PRO 6000 Blackwell Server Edition, 59083 MiB, 100 %, 571.26 W
2026/09/21 02:37:36.921, 0, NVIDIA RTX PRO 6000 Blackwell Server Edition, 59083 MiB, 100 %, 570.89 W
2026/09/21 02:37:37.922, 0, NVIDIA RTX PRO 6000 Blackwell Server Edition, 59083 MiB, 100 %, 571.51 W
2026/09/21 02:37:38.922, 0, NVIDIA RTX PRO 6000 Blackwell Server Edition, 59083 MiB, 100 %, 569.02 W
2026/09/21 02:37:39.922, 0, NVIDIA RTX PRO 6000 Blackwell Server Edition, 59083 MiB, 100 %, 567.57 W
2026/09/21 02:37:40.922, 0, NVIDIA RTX PRO 6000 Blackwell Server Edition, 62895 MiB, 100 %, 568.61 W
2026/09/21 02:37:41.922, 0, NVIDIA RTX PRO 6000 Blackwell Server Edition, 39281 MiB, 0 %, 115.50 W
2026/09/21 02:37:42.922, 0, NVIDIA RTX PRO 6000 Blackwell Server Edition, 48829 MiB, 20 %, 98.38 W
2026/09/21 02:37:43.923, 0, NVIDIA RTX PRO 6000 Blackwell Server Edition, 58955 MiB, 18 %, 97.81 W
2026/09/21 02:37:44.923, 0, NVIDIA RTX PRO 6000 Blackwell Server Edition, 38685 MiB, 0 %, 133.06 W
2026/09/21 02:37:45.923, 0, NVIDIA RTX PRO 6000 Blackwell Server Edition, 43247 MiB, 0 %, 94.83 W
2026/09/21 02:37:46.923, 0, NVIDIA RTX PRO 6000 Blackwell Server Edition, 39061 MiB, 1 %, 110.21 W
2026/09/21 02:37:47.923, 0, NVIDIA RTX PRO 6000 Blackwell Server Edition, 39413 MiB, 98 %, 411.40 W
2026/09/21 02:37:48.923, 0, NVIDIA RTX PRO 6000 Blackwell Server Edition, 39413 MiB, 98 %, 571.31 W
2026/09/21 02:37:49.923, 0, NVIDIA RTX PRO 6000 Blackwell Server Edition, 39413 MiB, 100 %, 573.50 W
2026/09/21 02:37:50.924, 0, NVIDIA RTX PRO 6000 Blackwell Server Edition, 39413 MiB, 100 %, 573.80 W
2026/09/21 02:37:51.924, 0, NVIDIA RTX PRO 6000 Blackwell Server Edition, 38847 MiB, 0 %, 192.43 W
2026/09/21 02:37:52.924, 0, NVIDIA RTX PRO 6000 Blackwell Server Edition, 42843 MiB, 100 %, 498.73 W
2026/09/21 02:37:53.924, 0, NVIDIA RTX PRO 6000 Blackwell Server Edition, 42843 MiB, 100 %, 600.59 W
2026/09/21 02:37:54.924, 0, NVIDIA RTX PRO 6000 Blackwell Server Edition, 42843 MiB, 100 %, 598.74 W
2026/09/21 02:37:55.925, 0, NVIDIA RTX PRO 6000 Blackwell Server Edition, 42843 MiB, 100 %, 600.66 W
2026/09/21 02:37:56.925, 0, NVIDIA RTX PRO 6000 Blackwell Server Edition, 42843 MiB, 99 %, 602.28 W
2026/09/21 02:37:57.925, 0, NVIDIA RTX PRO 6000 Blackwell Server Edition, 42843 MiB, 100 %, 599.59 W
2026/09/21 02:37:58.925, 0, NVIDIA RTX PRO 6000 Blackwell Server Edition, 42843 MiB, 100 %, 601.90 W
2026/09/21 02:37:59.925, 0, NVIDIA RTX PRO 6000 Blackwell Server Edition, 51271 MiB, 27 %, 242.41 W
2026/09/21 02:38:00.926, 0, NVIDIA RTX PRO 6000 Blackwell Server Edition, 59083 MiB, 100 %, 532.49 W
2026/09/21 02:38:01.926, 0, NVIDIA RTX PRO 6000 Blackwell Server Edition, 59083 MiB, 100 %, 571.56 W
2026/09/21 02:38:02.926, 0, NVIDIA RTX PRO 6000 Blackwell Server Edition, 59083 MiB, 100 %, 570.37 W
2026/09/21 02:38:03.927, 0, NVIDIA RTX PRO 6000 Blackwell Server Edition, 59083 MiB, 100 %, 567.98 W
2026/09/21 02:38:04.927, 0, NVIDIA RTX PRO 6000 Blackwell Server Edition, 59083 MiB, 100 %, 569.42 W
2026/09/21 02:38:05.927, 0, NVIDIA RTX PRO 6000 Blackwell Server Edition, 59083 MiB, 100 %, 567.35 W
2026/09/21 02:38:06.927, 0, NVIDIA RTX PRO 6000 Blackwell Server Edition, 59083 MiB, 100 %, 569.98 W
2026/09/21 02:38:07.927, 0, NVIDIA RTX PRO 6000 Blackwell Server Edition, 59083 MiB, 100 %, 573.30 W
2026/09/21 02:38:08.927, 0, NVIDIA RTX PRO 6000 Blackwell Server Edition, 39281 MiB, 0 %, 329.83 W
2026/09/21 02:38:09.927, 0, NVIDIA RTX PRO 6000 Blackwell Server Edition, 43885 MiB, 17 %, 97.28 W
2026/09/21 02:38:10.928, 0, NVIDIA RTX PRO 6000 Blackwell Server Edition, 51507 MiB, 12 %, 97.37 W
2026/09/21 02:38:11.928, 0, NVIDIA RTX PRO 6000 Blackwell Server Edition, 59417 MiB, 18 %, 96.51 W
2026/09/21 02:38:12.928, 0, NVIDIA RTX PRO 6000 Blackwell Server Edition, 38685 MiB, 45 %, 134.90 W
2026/09/21 02:38:13.928, 0, NVIDIA RTX PRO 6000 Blackwell Server Edition, 43247 MiB, 14 %, 94.52 W
2026/09/21 02:38:14.928, 0, NVIDIA RTX PRO 6000 Blackwell Server Edition, 39061 MiB, 2 %, 109.52 W
2026/09/21 02:38:15.928, 0, NVIDIA RTX PRO 6000 Blackwell Server Edition, 39413 MiB, 100 %, 430.27 W
2026/09/21 02:38:16.928, 0, NVIDIA RTX PRO 6000 Blackwell Server Edition, 39413 MiB, 100 %, 574.98 W
2026/09/21 02:38:17.929, 0, NVIDIA RTX PRO 6000 Blackwell Server Edition, 39413 MiB, 100 %, 575.93 W
2026/09/21 02:38:18.929, 0, NVIDIA RTX PRO 6000 Blackwell Server Edition, 39413 MiB, 100 %, 572.43 W
2026/09/21 02:38:19.929, 0, NVIDIA RTX PRO 6000 Blackwell Server Edition, 38847 MiB, 5 %, 181.51 W
2026/09/21 02:38:20.929, 0, NVIDIA RTX PRO 6000 Blackwell Server Edition, 42843 MiB, 100 %, 503.82 W
2026/09/21 02:38:21.929, 0, NVIDIA RTX PRO 6000 Blackwell Server Edition, 42843 MiB, 100 %, 601.50 W
2026/09/21 02:38:22.930, 0, NVIDIA RTX PRO 6000 Blackwell Server Edition, 42843 MiB, 100 %, 598.67 W
2026/09/21 02:38:23.930, 0, NVIDIA RTX PRO 6000 Blackwell Server Edition, 42843 MiB, 100 %, 599.69 W
2026/09/21 02:38:24.930, 0, NVIDIA RTX PRO 6000 Blackwell Server Edition, 42843 MiB, 99 %, 600.72 W
2026/09/21 02:38:25.930, 0, NVIDIA RTX PRO 6000 Blackwell Server Edition, 42843 MiB, 100 %, 601.54 W
2026/09/21 02:38:26.930, 0, NVIDIA RTX PRO 6000 Blackwell Server Edition, 42843 MiB, 100 %, 600.48 W
2026/09/21 02:38:27.930, 0, NVIDIA RTX PRO 6000 Blackwell Server Edition, 50183 MiB, 79 %, 256.77 W
2026/09/21 02:38:28.930, 0, NVIDIA RTX PRO 6000 Blackwell Server Edition, 59083 MiB, 100 %, 522.25 W
2026/09/21 02:38:29.930, 0, NVIDIA RTX PRO 6000 Blackwell Server Edition, 59083 MiB, 100 %, 568.74 W
2026/09/21 02:38:30.930, 0, NVIDIA RTX PRO 6000 Blackwell Server Edition, 59083 MiB, 100 %, 569.26 W
2026/09/21 02:38:31.931, 0, NVIDIA RTX PRO 6000 Blackwell Server Edition, 59083 MiB, 100 %, 564.05 W
2026/09/21 02:38:32.931, 0, NVIDIA RTX PRO 6000 Blackwell Server Edition, 59083 MiB, 100 %, 571.79 W
2026/09/21 02:38:33.931, 0, NVIDIA RTX PRO 6000 Blackwell Server Edition, 59083 MiB, 100 %, 573.55 W
2026/09/21 02:38:34.931, 0, NVIDIA RTX PRO 6000 Blackwell Server Edition, 59083 MiB, 100 %, 565.27 W
2026/09/21 02:38:35.931, 0, NVIDIA RTX PRO 6000 Blackwell Server Edition, 59083 MiB, 100 %, 571.43 W
2026/09/21 02:38:36.931, 0, NVIDIA RTX PRO 6000 Blackwell Server Edition, 39281 MiB, 0 %, 364.23 W
2026/09/21 02:38:37.931, 0, NVIDIA RTX PRO 6000 Blackwell Server Edition, 43771 MiB, 15 %, 97.36 W
2026/09/21 02:38:38.932, 0, NVIDIA RTX PRO 6000 Blackwell Server Edition, 53545 MiB, 20 %, 98.21 W
2026/09/21 02:38:39.932, 0, NVIDIA RTX PRO 6000 Blackwell Server Edition, 61313 MiB, 3 %, 97.06 W
2026/09/21 02:38:40.932, 0, NVIDIA RTX PRO 6000 Blackwell Server Edition, 41101 MiB, 12 %, 137.86 W
2026/09/21 02:38:41.932, 0, NVIDIA RTX PRO 6000 Blackwell Server Edition, 46191 MiB, 4 %, 94.27 W
2026/09/21 02:38:42.932, 0, NVIDIA RTX PRO 6000 Blackwell Server Edition, 39411 MiB, 10 %, 128.33 W
2026/09/21 02:38:43.932, 0, NVIDIA RTX PRO 6000 Blackwell Server Edition, 39413 MiB, 98 %, 569.16 W
2026/09/21 02:38:44.932, 0, NVIDIA RTX PRO 6000 Blackwell Server Edition, 39413 MiB, 98 %, 572.25 W
2026/09/21 02:38:45.932, 0, NVIDIA RTX PRO 6000 Blackwell Server Edition, 39413 MiB, 100 %, 575.84 W
2026/09/21 02:38:46.933, 0, NVIDIA RTX PRO 6000 Blackwell Server Edition, 40615 MiB, 15 %, 486.16 W
2026/09/21 02:38:47.933, 0, NVIDIA RTX PRO 6000 Blackwell Server Edition, 42843 MiB, 99 %, 186.72 W
2026/09/21 02:38:48.933, 0, NVIDIA RTX PRO 6000 Blackwell Server Edition, 42843 MiB, 100 %, 598.67 W
2026/09/21 02:38:49.933, 0, NVIDIA RTX PRO 6000 Blackwell Server Edition, 42843 MiB, 100 %, 602.56 W
2026/09/21 02:38:50.933, 0, NVIDIA RTX PRO 6000 Blackwell Server Edition, 42843 MiB, 100 %, 599.78 W
2026/09/21 02:38:51.933, 0, NVIDIA RTX PRO 6000 Blackwell Server Edition, 42843 MiB, 100 %, 602.74 W
2026/09/21 02:38:52.933, 0, NVIDIA RTX PRO 6000 Blackwell Server Edition, 42843 MiB, 100 %, 599.30 W
2026/09/21 02:38:53.933, 0, NVIDIA RTX PRO 6000 Blackwell Server Edition, 42843 MiB, 100 %, 600.83 W
2026/09/21 02:38:54.934, 0, NVIDIA RTX PRO 6000 Blackwell Server Edition, 42903 MiB, 16 %, 475.49 W
2026/09/21 02:38:55.934, 0, NVIDIA RTX PRO 6000 Blackwell Server Edition, 59083 MiB, 100 %, 328.93 W
2026/09/21 02:38:56.934, 0, NVIDIA RTX PRO 6000 Blackwell Server Edition, 59083 MiB, 100 %, 567.85 W
2026/09/21 02:38:57.934, 0, NVIDIA RTX PRO 6000 Blackwell Server Edition, 59083 MiB, 100 %, 569.78 W
2026/09/21 02:38:58.934, 0, NVIDIA RTX PRO 6000 Blackwell Server Edition, 59083 MiB, 100 %, 569.03 W
2026/09/21 02:38:59.934, 0, NVIDIA RTX PRO 6000 Blackwell Server Edition, 59083 MiB, 100 %, 567.87 W
2026/09/21 02:39:00.934, 0, NVIDIA RTX PRO 6000 Blackwell Server Edition, 59083 MiB, 100 %, 569.20 W
2026/09/21 02:39:01.935, 0, NVIDIA RTX PRO 6000 Blackwell Server Edition, 59083 MiB, 100 %, 568.82 W
2026/09/21 02:39:02.935, 0, NVIDIA RTX PRO 6000 Blackwell Server Edition, 59083 MiB, 100 %, 567.92 W
2026/09/21 02:39:03.935, 0, NVIDIA RTX PRO 6000 Blackwell Server Edition, 62895 MiB, 100 %, 569.54 W
2026/09/21 02:39:04.935, 0, NVIDIA RTX PRO 6000 Blackwell Server Edition, 39281 MiB, 0 %, 165.23 W
2026/09/21 02:39:05.935, 0, NVIDIA RTX PRO 6000 Blackwell Server Edition, 47733 MiB, 18 %, 98.29 W
2026/09/21 02:39:06.935, 0, NVIDIA RTX PRO 6000 Blackwell Server Edition, 57685 MiB, 19 %, 98.16 W
2026/09/21 02:39:07.935, 0, NVIDIA RTX PRO 6000 Blackwell Server Edition, 47873 MiB, 0 %, 132.87 W
2026/09/21 02:39:08.936, 0, NVIDIA RTX PRO 6000 Blackwell Server Edition, 42511 MiB, 0 %, 97.88 W
2026/09/21 02:39:09.936, 0, NVIDIA RTX PRO 6000 Blackwell Server Edition, 39057 MiB, 14 %, 110.25 W
2026/09/21 02:39:10.957, 0, NVIDIA RTX PRO 6000 Blackwell Server Edition, 39413 MiB, 100 %, 309.78 W
2026/09/21 02:39:11.957, 0, NVIDIA RTX PRO 6000 Blackwell Server Edition, 39413 MiB, 100 %, 574.60 W
2026/09/21 02:39:12.957, 0, NVIDIA RTX PRO 6000 Blackwell Server Edition, 39413 MiB, 100 %, 575.96 W
2026/09/21 02:39:13.957, 0, NVIDIA RTX PRO 6000 Blackwell Server Edition, 39413 MiB, 98 %, 575.04 W
2026/09/21 02:39:14.957, 0, NVIDIA RTX PRO 6000 Blackwell Server Edition, 39381 MiB, 2 %, 297.83 W
2026/09/21 02:39:15.958, 0, NVIDIA RTX PRO 6000 Blackwell Server Edition, 42843 MiB, 100 %, 363.92 W
2026/09/21 02:39:16.958, 0, NVIDIA RTX PRO 6000 Blackwell Server Edition, 42843 MiB, 100 %, 601.16 W
2026/09/21 02:39:17.958, 0, NVIDIA RTX PRO 6000 Blackwell Server Edition, 42843 MiB, 100 %, 601.15 W
2026/09/21 02:39:18.958, 0, NVIDIA RTX PRO 6000 Blackwell Server Edition, 42843 MiB, 100 %, 602.72 W
2026/09/21 02:39:19.958, 0, NVIDIA RTX PRO 6000 Blackwell Server Edition, 42843 MiB, 100 %, 601.47 W
2026/09/21 02:39:20.958, 0, NVIDIA RTX PRO 6000 Blackwell Server Edition, 42843 MiB, 100 %, 601.09 W
2026/09/21 02:39:21.959, 0, NVIDIA RTX PRO 6000 Blackwell Server Edition, 42843 MiB, 100 %, 601.54 W
2026/09/21 02:39:22.959, 0, NVIDIA RTX PRO 6000 Blackwell Server Edition, 39337 MiB, 7 %, 292.34 W
2026/09/21 02:39:23.959, 0, NVIDIA RTX PRO 6000 Blackwell Server Edition, 59083 MiB, 100 %, 482.40 W
2026/09/21 02:39:24.959, 0, NVIDIA RTX PRO 6000 Blackwell Server Edition, 59083 MiB, 100 %, 565.89 W
2026/09/21 02:39:25.959, 0, NVIDIA RTX PRO 6000 Blackwell Server Edition, 59083 MiB, 100 %, 569.90 W
2026/09/21 02:39:26.959, 0, NVIDIA RTX PRO 6000 Blackwell Server Edition, 59083 MiB, 100 %, 570.73 W
2026/09/21 02:39:27.960, 0, NVIDIA RTX PRO 6000 Blackwell Server Edition, 59083 MiB, 100 %, 565.64 W
2026/09/21 02:39:28.960, 0, NVIDIA RTX PRO 6000 Blackwell Server Edition, 59083 MiB, 100 %, 574.46 W
2026/09/21 02:39:29.960, 0, NVIDIA RTX PRO 6000 Blackwell Server Edition, 59083 MiB, 100 %, 567.53 W
2026/09/21 02:39:30.960, 0, NVIDIA RTX PRO 6000 Blackwell Server Edition, 59083 MiB, 100 %, 566.47 W
2026/09/21 02:39:31.960, 0, NVIDIA RTX PRO 6000 Blackwell Server Edition, 39281 MiB, 8 %, 454.05 W
2026/09/21 02:39:32.960, 0, NVIDIA RTX PRO 6000 Blackwell Server Edition, 41687 MiB, 16 %, 99.71 W
2026/09/21 02:39:33.960, 0, NVIDIA RTX PRO 6000 Blackwell Server Edition, 50479 MiB, 13 %, 98.23 W
2026/09/21 02:39:34.960, 0, NVIDIA RTX PRO 6000 Blackwell Server Edition, 57639 MiB, 19 %, 96.57 W
2026/09/21 02:39:35.960, 0, NVIDIA RTX PRO 6000 Blackwell Server Edition, 49013 MiB, 0 %, 130.19 W
2026/09/21 02:39:36.961, 0, NVIDIA RTX PRO 6000 Blackwell Server Edition, 42511 MiB, 0 %, 97.39 W
2026/09/21 02:39:37.961, 0, NVIDIA RTX PRO 6000 Blackwell Server Edition, 39057 MiB, 5 %, 111.35 W
2026/09/21 02:39:38.978, 0, NVIDIA RTX PRO 6000 Blackwell Server Edition, 39413 MiB, 100 %, 314.99 W
2026/09/21 02:39:39.978, 0, NVIDIA RTX PRO 6000 Blackwell Server Edition, 39413 MiB, 98 %, 570.55 W
2026/09/21 02:39:40.979, 0, NVIDIA RTX PRO 6000 Blackwell Server Edition, 39413 MiB, 98 %, 572.73 W
2026/09/21 02:39:41.979, 0, NVIDIA RTX PRO 6000 Blackwell Server Edition, 39413 MiB, 100 %, 575.86 W
2026/09/21 02:39:42.979, 0, NVIDIA RTX PRO 6000 Blackwell Server Edition, 39381 MiB, 0 %, 302.49 W
2026/09/21 02:39:43.979, 0, NVIDIA RTX PRO 6000 Blackwell Server Edition, 42843 MiB, 100 %, 369.49 W
2026/09/21 02:39:44.979, 0, NVIDIA RTX PRO 6000 Blackwell Server Edition, 42843 MiB, 100 %, 601.32 W
2026/09/21 02:39:45.979, 0, NVIDIA RTX PRO 6000 Blackwell Server Edition, 42843 MiB, 100 %, 601.09 W
2026/09/21 02:39:46.979, 0, NVIDIA RTX PRO 6000 Blackwell Server Edition, 42843 MiB, 100 %, 602.49 W
2026/09/21 02:39:47.980, 0, NVIDIA RTX PRO 6000 Blackwell Server Edition, 42843 MiB, 100 %, 601.80 W
2026/09/21 02:39:48.980, 0, NVIDIA RTX PRO 6000 Blackwell Server Edition, 42843 MiB, 100 %, 599.28 W
2026/09/21 02:39:49.980, 0, NVIDIA RTX PRO 6000 Blackwell Server Edition, 42843 MiB, 100 %, 602.76 W
2026/09/21 02:39:50.980, 0, NVIDIA RTX PRO 6000 Blackwell Server Edition, 39337 MiB, 0 %, 282.10 W
2026/09/21 02:39:51.980, 0, NVIDIA RTX PRO 6000 Blackwell Server Edition, 59083 MiB, 100 %, 482.42 W
2026/09/21 02:39:52.980, 0, NVIDIA RTX PRO 6000 Blackwell Server Edition, 59083 MiB, 100 %, 563.34 W
2026/09/21 02:39:53.980, 0, NVIDIA RTX PRO 6000 Blackwell Server Edition, 59083 MiB, 100 %, 571.98 W
2026/09/21 02:39:54.981, 0, NVIDIA RTX PRO 6000 Blackwell Server Edition, 59083 MiB, 100 %, 568.72 W
2026/09/21 02:39:55.981, 0, NVIDIA RTX PRO 6000 Blackwell Server Edition, 59083 MiB, 100 %, 566.49 W
2026/09/21 02:39:56.981, 0, NVIDIA RTX PRO 6000 Blackwell Server Edition, 59083 MiB, 100 %, 573.46 W
2026/09/21 02:39:57.981, 0, NVIDIA RTX PRO 6000 Blackwell Server Edition, 59083 MiB, 100 %, 565.12 W
2026/09/21 02:39:58.981, 0, NVIDIA RTX PRO 6000 Blackwell Server Edition, 59083 MiB, 100 %, 570.02 W
2026/09/21 02:39:59.981, 0, NVIDIA RTX PRO 6000 Blackwell Server Edition, 39303 MiB, 0 %, 451.46 W
2026/09/21 02:40:00.982, 0, NVIDIA RTX PRO 6000 Blackwell Server Edition, 41573 MiB, 13 %, 99.94 W
2026/09/21 02:40:01.982, 0, NVIDIA RTX PRO 6000 Blackwell Server Edition, 51477 MiB, 17 %, 98.35 W
2026/09/21 02:40:02.982, 0, NVIDIA RTX PRO 6000 Blackwell Server Edition, 61313 MiB, 18 %, 97.66 W
2026/09/21 02:40:03.982, 0, NVIDIA RTX PRO 6000 Blackwell Server Edition, 39565 MiB, 10 %, 134.38 W
2026/09/21 02:40:04.982, 0, NVIDIA RTX PRO 6000 Blackwell Server Edition, 43249 MiB, 0 %, 94.51 W
2026/09/21 02:40:05.982, 0, NVIDIA RTX PRO 6000 Blackwell Server Edition, 39169 MiB, 0 %, 109.89 W
2026/09/21 02:40:06.982, 0, NVIDIA RTX PRO 6000 Blackwell Server Edition, 39413 MiB, 100 %, 524.18 W
2026/09/21 02:40:07.982, 0, NVIDIA RTX PRO 6000 Blackwell Server Edition, 39413 MiB, 100 %, 571.89 W
2026/09/21 02:40:08.983, 0, NVIDIA RTX PRO 6000 Blackwell Server Edition, 39413 MiB, 100 %, 575.98 W
2026/09/21 02:40:09.983, 0, NVIDIA RTX PRO 6000 Blackwell Server Edition, 39413 MiB, 71 %, 547.27 W
2026/09/21 02:40:10.983, 0, NVIDIA RTX PRO 6000 Blackwell Server Edition, 42843 MiB, 0 %, 120.31 W
2026/09/21 02:40:11.983, 0, NVIDIA RTX PRO 6000 Blackwell Server Edition, 42843 MiB, 100 %, 598.16 W
2026/09/21 02:40:12.983, 0, NVIDIA RTX PRO 6000 Blackwell Server Edition, 42843 MiB, 100 %, 602.55 W
2026/09/21 02:40:13.983, 0, NVIDIA RTX PRO 6000 Blackwell Server Edition, 42843 MiB, 100 %, 598.95 W
2026/09/21 02:40:14.984, 0, NVIDIA RTX PRO 6000 Blackwell Server Edition, 42843 MiB, 100 %, 601.90 W
2026/09/21 02:40:15.984, 0, NVIDIA RTX PRO 6000 Blackwell Server Edition, 42843 MiB, 100 %, 599.88 W
2026/09/21 02:40:16.984, 0, NVIDIA RTX PRO 6000 Blackwell Server Edition, 42843 MiB, 100 %, 600.90 W
2026/09/21 02:40:17.984, 0, NVIDIA RTX PRO 6000 Blackwell Server Edition, 42879 MiB, 20 %, 537.39 W
2026/09/21 02:40:18.985, 0, NVIDIA RTX PRO 6000 Blackwell Server Edition, 59083 MiB, 100 %, 273.62 W
2026/09/21 02:40:19.985, 0, NVIDIA RTX PRO 6000 Blackwell Server Edition, 59083 MiB, 100 %, 541.11 W
2026/09/21 02:40:20.985, 0, NVIDIA RTX PRO 6000 Blackwell Server Edition, 59083 MiB, 100 %, 570.81 W
2026/09/21 02:40:21.985, 0, NVIDIA RTX PRO 6000 Blackwell Server Edition, 59083 MiB, 100 %, 570.22 W
2026/09/21 02:40:22.985, 0, NVIDIA RTX PRO 6000 Blackwell Server Edition, 59083 MiB, 100 %, 567.47 W
2026/09/21 02:40:23.986, 0, NVIDIA RTX PRO 6000 Blackwell Server Edition, 59083 MiB, 100 %, 570.55 W
2026/09/21 02:40:24.986, 0, NVIDIA RTX PRO 6000 Blackwell Server Edition, 59083 MiB, 100 %, 569.05 W
2026/09/21 02:40:25.986, 0, NVIDIA RTX PRO 6000 Blackwell Server Edition, 59083 MiB, 100 %, 567.40 W
2026/09/21 02:40:26.986, 0, NVIDIA RTX PRO 6000 Blackwell Server Edition, 59083 MiB, 100 %, 573.28 W
2026/09/21 02:40:27.986, 0, NVIDIA RTX PRO 6000 Blackwell Server Edition, 39281 MiB, 0 %, 242.11 W
2026/09/21 02:40:28.986, 0, NVIDIA RTX PRO 6000 Blackwell Server Edition, 45215 MiB, 18 %, 98.06 W
2026/09/21 02:40:29.987, 0, NVIDIA RTX PRO 6000 Blackwell Server Edition, 55281 MiB, 19 %, 98.10 W
2026/09/21 02:40:30.987, 0, NVIDIA RTX PRO 6000 Blackwell Server Edition, 61809 MiB, 67 %, 130.82 W
2026/09/21 02:40:31.987, 0, NVIDIA RTX PRO 6000 Blackwell Server Edition, 42511 MiB, 17 %, 99.48 W
2026/09/21 02:40:32.987, 0, NVIDIA RTX PRO 6000 Blackwell Server Edition, 46191 MiB, 0 %, 109.40 W
2026/09/21 02:40:33.987, 0, NVIDIA RTX PRO 6000 Blackwell Server Edition, 39411 MiB, 100 %, 252.97 W
2026/09/21 02:40:34.987, 0, NVIDIA RTX PRO 6000 Blackwell Server Edition, 39413 MiB, 100 %, 573.55 W
2026/09/21 02:40:35.987, 0, NVIDIA RTX PRO 6000 Blackwell Server Edition, 39413 MiB, 100 %, 571.84 W
2026/09/21 02:40:36.987, 0, NVIDIA RTX PRO 6000 Blackwell Server Edition, 39413 MiB, 100 %, 573.04 W
2026/09/21 02:40:37.987, 0, NVIDIA RTX PRO 6000 Blackwell Server Edition, 40615 MiB, 0 %, 363.22 W
2026/09/21 02:40:38.988, 0, NVIDIA RTX PRO 6000 Blackwell Server Edition, 42843 MiB, 100 %, 299.53 W
2026/09/21 02:40:39.988, 0, NVIDIA RTX PRO 6000 Blackwell Server Edition, 42843 MiB, 100 %, 601.70 W
2026/09/21 02:40:40.988, 0, NVIDIA RTX PRO 6000 Blackwell Server Edition, 42843 MiB, 99 %, 601.76 W
2026/09/21 02:40:41.988, 0, NVIDIA RTX PRO 6000 Blackwell Server Edition, 42843 MiB, 100 %, 601.95 W
2026/09/21 02:40:42.988, 0, NVIDIA RTX PRO 6000 Blackwell Server Edition, 42843 MiB, 100 %, 600.48 W
2026/09/21 02:40:43.988, 0, NVIDIA RTX PRO 6000 Blackwell Server Edition, 42843 MiB, 100 %, 599.23 W
2026/09/21 02:40:44.988, 0, NVIDIA RTX PRO 6000 Blackwell Server Edition, 42843 MiB, 100 %, 601.69 W
2026/09/21 02:40:45.988, 0, NVIDIA RTX PRO 6000 Blackwell Server Edition, 39337 MiB, 37 %, 403.07 W
2026/09/21 02:40:46.989, 0, NVIDIA RTX PRO 6000 Blackwell Server Edition, 59083 MiB, 100 %, 373.46 W
2026/09/21 02:40:47.989, 0, NVIDIA RTX PRO 6000 Blackwell Server Edition, 59083 MiB, 100 %, 565.49 W
2026/09/21 02:40:48.989, 0, NVIDIA RTX PRO 6000 Blackwell Server Edition, 59083 MiB, 100 %, 571.57 W
2026/09/21 02:40:49.989, 0, NVIDIA RTX PRO 6000 Blackwell Server Edition, 59083 MiB, 100 %, 567.41 W
2026/09/21 02:40:50.989, 0, NVIDIA RTX PRO 6000 Blackwell Server Edition, 59083 MiB, 100 %, 571.55 W
2026/09/21 02:40:51.989, 0, NVIDIA RTX PRO 6000 Blackwell Server Edition, 59083 MiB, 100 %, 569.67 W
2026/09/21 02:40:52.989, 0, NVIDIA RTX PRO 6000 Blackwell Server Edition, 59083 MiB, 100 %, 568.97 W
2026/09/21 02:40:53.989, 0, NVIDIA RTX PRO 6000 Blackwell Server Edition, 59083 MiB, 100 %, 572.56 W
2026/09/21 02:40:54.989, 0, NVIDIA RTX PRO 6000 Blackwell Server Edition, 62895 MiB, 100 %, 562.18 W
2026/09/21 02:40:55.990, 0, NVIDIA RTX PRO 6000 Blackwell Server Edition, 41201 MiB, 0 %, 100.22 W
2026/09/21 02:40:56.990, 0, NVIDIA RTX PRO 6000 Blackwell Server Edition, 50131 MiB, 18 %, 99.17 W
2026/09/21 02:40:57.990, 0, NVIDIA RTX PRO 6000 Blackwell Server Edition, 59477 MiB, 16 %, 97.90 W
2026/09/21 02:40:58.990, 0, NVIDIA RTX PRO 6000 Blackwell Server Edition, 38685 MiB, 0 %, 134.52 W
2026/09/21 02:40:59.990, 0, NVIDIA RTX PRO 6000 Blackwell Server Edition, 43247 MiB, 0 %, 94.99 W
2026/09/21 02:41:00.990, 0, NVIDIA RTX PRO 6000 Blackwell Server Edition, 39061 MiB, 14 %, 111.35 W
2026/09/21 02:41:01.991, 0, NVIDIA RTX PRO 6000 Blackwell Server Edition, 39413 MiB, 100 %, 394.90 W
2026/09/21 02:41:02.991, 0, NVIDIA RTX PRO 6000 Blackwell Server Edition, 39413 MiB, 99 %, 573.06 W
2026/09/21 02:41:03.991, 0, NVIDIA RTX PRO 6000 Blackwell Server Edition, 39413 MiB, 98 %, 575.36 W
2026/09/21 02:41:04.991, 0, NVIDIA RTX PRO 6000 Blackwell Server Edition, 39413 MiB, 98 %, 576.89 W
2026/09/21 02:41:05.991, 0, NVIDIA RTX PRO 6000 Blackwell Server Edition, 38847 MiB, 0 %, 214.93 W
2026/09/21 02:41:06.991, 0, NVIDIA RTX PRO 6000 Blackwell Server Edition, 42843 MiB, 100 %, 456.22 W
2026/09/21 02:41:07.991, 0, NVIDIA RTX PRO 6000 Blackwell Server Edition, 42843 MiB, 100 %, 602.97 W
2026/09/21 02:41:08.991, 0, NVIDIA RTX PRO 6000 Blackwell Server Edition, 42843 MiB, 100 %, 598.73 W
2026/09/21 02:41:09.991, 0, NVIDIA RTX PRO 6000 Blackwell Server Edition, 42843 MiB, 100 %, 598.70 W
2026/09/21 02:41:10.992, 0, NVIDIA RTX PRO 6000 Blackwell Server Edition, 42843 MiB, 99 %, 599.40 W
2026/09/21 02:41:11.992, 0, NVIDIA RTX PRO 6000 Blackwell Server Edition, 42843 MiB, 100 %, 600.62 W
2026/09/21 02:41:12.992, 0, NVIDIA RTX PRO 6000 Blackwell Server Edition, 42843 MiB, 100 %, 600.10 W
2026/09/21 02:41:13.992, 0, NVIDIA RTX PRO 6000 Blackwell Server Edition, 50183 MiB, 21 %, 250.00 W
2026/09/21 02:41:14.992, 0, NVIDIA RTX PRO 6000 Blackwell Server Edition, 59083 MiB, 100 %, 519.75 W
2026/09/21 02:41:15.992, 0, NVIDIA RTX PRO 6000 Blackwell Server Edition, 59083 MiB, 100 %, 565.91 W
2026/09/21 02:41:16.992, 0, NVIDIA RTX PRO 6000 Blackwell Server Edition, 59083 MiB, 100 %, 571.26 W
2026/09/21 02:41:17.993, 0, NVIDIA RTX PRO 6000 Blackwell Server Edition, 59083 MiB, 100 %, 568.76 W
2026/09/21 02:41:18.993, 0, NVIDIA RTX PRO 6000 Blackwell Server Edition, 59083 MiB, 100 %, 573.33 W
2026/09/21 02:41:19.993, 0, NVIDIA RTX PRO 6000 Blackwell Server Edition, 59083 MiB, 100 %, 570.12 W
2026/09/21 02:41:20.993, 0, NVIDIA RTX PRO 6000 Blackwell Server Edition, 59083 MiB, 100 %, 570.66 W
2026/09/21 02:41:21.993, 0, NVIDIA RTX PRO 6000 Blackwell Server Edition, 59083 MiB, 100 %, 574.62 W
2026/09/21 02:41:22.994, 0, NVIDIA RTX PRO 6000 Blackwell Server Edition, 39281 MiB, 44 %, 358.21 W
2026/09/21 02:41:23.994, 0, NVIDIA RTX PRO 6000 Blackwell Server Edition, 43771 MiB, 16 %, 97.45 W
2026/09/21 02:41:24.994, 0, NVIDIA RTX PRO 6000 Blackwell Server Edition, 53865 MiB, 20 %, 98.55 W
2026/09/21 02:41:25.994, 0, NVIDIA RTX PRO 6000 Blackwell Server Edition, 61457 MiB, 1 %, 97.12 W
2026/09/21 02:41:26.994, 0, NVIDIA RTX PRO 6000 Blackwell Server Edition, 41999 MiB, 13 %, 135.45 W
2026/09/21 02:41:27.994, 0, NVIDIA RTX PRO 6000 Blackwell Server Edition, 46191 MiB, 4 %, 96.43 W
2026/09/21 02:41:28.995, 0, NVIDIA RTX PRO 6000 Blackwell Server Edition, 39411 MiB, 18 %, 168.87 W
2026/09/21 02:41:29.995, 0, NVIDIA RTX PRO 6000 Blackwell Server Edition, 39413 MiB, 98 %, 571.43 W
2026/09/21 02:41:30.995, 0, NVIDIA RTX PRO 6000 Blackwell Server Edition, 39413 MiB, 98 %, 575.77 W
2026/09/21 02:41:31.995, 0, NVIDIA RTX PRO 6000 Blackwell Server Edition, 39413 MiB, 100 %, 575.26 W
2026/09/21 02:41:32.995, 0, NVIDIA RTX PRO 6000 Blackwell Server Edition, 40615 MiB, 16 %, 459.01 W
2026/09/21 02:41:33.995, 0, NVIDIA RTX PRO 6000 Blackwell Server Edition, 42843 MiB, 99 %, 212.76 W
2026/09/21 02:41:34.996, 0, NVIDIA RTX PRO 6000 Blackwell Server Edition, 42843 MiB, 100 %, 600.30 W
2026/09/21 02:41:35.996, 0, NVIDIA RTX PRO 6000 Blackwell Server Edition, 42843 MiB, 100 %, 600.57 W
2026/09/21 02:41:36.996, 0, NVIDIA RTX PRO 6000 Blackwell Server Edition, 42843 MiB, 100 %, 601.49 W
2026/09/21 02:41:37.996, 0, NVIDIA RTX PRO 6000 Blackwell Server Edition, 42843 MiB, 100 %, 601.06 W
2026/09/21 02:41:38.996, 0, NVIDIA RTX PRO 6000 Blackwell Server Edition, 42843 MiB, 100 %, 599.32 W
2026/09/21 02:41:39.996, 0, NVIDIA RTX PRO 6000 Blackwell Server Edition, 42843 MiB, 100 %, 602.53 W
2026/09/21 02:41:40.997, 0, NVIDIA RTX PRO 6000 Blackwell Server Edition, 42903 MiB, 8 %, 442.58 W
2026/09/21 02:41:41.997, 0, NVIDIA RTX PRO 6000 Blackwell Server Edition, 59083 MiB, 100 %, 338.13 W
2026/09/21 02:41:42.997, 0, NVIDIA RTX PRO 6000 Blackwell Server Edition, 59083 MiB, 100 %, 571.30 W
2026/09/21 02:41:43.997, 0, NVIDIA RTX PRO 6000 Blackwell Server Edition, 59083 MiB, 100 %, 567.92 W
2026/09/21 02:41:44.997, 0, NVIDIA RTX PRO 6000 Blackwell Server Edition, 59083 MiB, 100 %, 568.90 W
2026/09/21 02:41:45.997, 0, NVIDIA RTX PRO 6000 Blackwell Server Edition, 59083 MiB, 100 %, 570.90 W
2026/09/21 02:41:46.998, 0, NVIDIA RTX PRO 6000 Blackwell Server Edition, 59083 MiB, 100 %, 568.17 W
2026/09/21 02:41:47.998, 0, NVIDIA RTX PRO 6000 Blackwell Server Edition, 59083 MiB, 100 %, 570.07 W
2026/09/21 02:41:48.998, 0, NVIDIA RTX PRO 6000 Blackwell Server Edition, 59083 MiB, 100 %, 570.27 W
2026/09/21 02:41:49.998, 0, NVIDIA RTX PRO 6000 Blackwell Server Edition, 62895 MiB, 100 %, 569.26 W
2026/09/21 02:41:50.998, 0, NVIDIA RTX PRO 6000 Blackwell Server Edition, 39281 MiB, 0 %, 126.91 W
2026/09/21 02:41:51.999, 0, NVIDIA RTX PRO 6000 Blackwell Server Edition, 47847 MiB, 18 %, 98.49 W
2026/09/21 02:41:52.999, 0, NVIDIA RTX PRO 6000 Blackwell Server Edition, 57799 MiB, 19 %, 97.87 W
2026/09/21 02:41:53.999, 0, NVIDIA RTX PRO 6000 Blackwell Server Edition, 38711 MiB, 2 %, 132.16 W
2026/09/21 02:41:55.000, 0, NVIDIA RTX PRO 6000 Blackwell Server Edition, 42511 MiB, 0 %, 97.38 W
2026/09/21 02:41:56.000, 0, NVIDIA RTX PRO 6000 Blackwell Server Edition, 39057 MiB, 6 %, 110.38 W
2026/09/21 02:41:57.000, 0, NVIDIA RTX PRO 6000 Blackwell Server Edition, 39413 MiB, 100 %, 356.05 W
2026/09/21 02:41:58.000, 0, NVIDIA RTX PRO 6000 Blackwell Server Edition, 39413 MiB, 100 %, 571.35 W
2026/09/21 02:41:59.002, 0, NVIDIA RTX PRO 6000 Blackwell Server Edition, 39413 MiB, 100 %, 572.58 W
2026/09/21 02:42:00.002, 0, NVIDIA RTX PRO 6000 Blackwell Server Edition, 39413 MiB, 98 %, 573.20 W
2026/09/21 02:42:01.002, 0, NVIDIA RTX PRO 6000 Blackwell Server Edition, 38681 MiB, 2 %, 264.34 W
2026/09/21 02:42:02.002, 0, NVIDIA RTX PRO 6000 Blackwell Server Edition, 42843 MiB, 100 %, 414.08 W
2026/09/21 02:42:03.003, 0, NVIDIA RTX PRO 6000 Blackwell Server Edition, 42843 MiB, 100 %, 603.27 W
2026/09/21 02:42:04.003, 0, NVIDIA RTX PRO 6000 Blackwell Server Edition, 42843 MiB, 100 %, 599.58 W
2026/09/21 02:42:05.003, 0, NVIDIA RTX PRO 6000 Blackwell Server Edition, 42843 MiB, 100 %, 599.61 W
2026/09/21 02:42:06.003, 0, NVIDIA RTX PRO 6000 Blackwell Server Edition, 42843 MiB, 100 %, 599.68 W
2026/09/21 02:42:07.003, 0, NVIDIA RTX PRO 6000 Blackwell Server Edition, 42843 MiB, 100 %, 600.05 W
2026/09/21 02:42:08.003, 0, NVIDIA RTX PRO 6000 Blackwell Server Edition, 42843 MiB, 100 %, 599.91 W
2026/09/21 02:42:09.003, 0, NVIDIA RTX PRO 6000 Blackwell Server Edition, 39337 MiB, 7 %, 251.31 W
2026/09/21 02:42:10.004, 0, NVIDIA RTX PRO 6000 Blackwell Server Edition, 59083 MiB, 100 %, 511.28 W
2026/09/21 02:42:11.004, 0, NVIDIA RTX PRO 6000 Blackwell Server Edition, 59083 MiB, 100 %, 569.31 W
2026/09/21 02:42:12.004, 0, NVIDIA RTX PRO 6000 Blackwell Server Edition, 59083 MiB, 100 %, 567.38 W
2026/09/21 02:42:13.004, 0, NVIDIA RTX PRO 6000 Blackwell Server Edition, 59083 MiB, 100 %, 569.79 W
2026/09/21 02:42:14.004, 0, NVIDIA RTX PRO 6000 Blackwell Server Edition, 59083 MiB, 100 %, 567.81 W
2026/09/21 02:42:15.005, 0, NVIDIA RTX PRO 6000 Blackwell Server Edition, 59083 MiB, 100 %, 564.57 W
2026/09/21 02:42:16.005, 0, NVIDIA RTX PRO 6000 Blackwell Server Edition, 59083 MiB, 100 %, 574.70 W
2026/09/21 02:42:17.005, 0, NVIDIA RTX PRO 6000 Blackwell Server Edition, 59083 MiB, 100 %, 569.25 W
2026/09/21 02:42:18.005, 0, NVIDIA RTX PRO 6000 Blackwell Server Edition, 39281 MiB, 0 %, 438.78 W
2026/09/21 02:42:19.005, 0, NVIDIA RTX PRO 6000 Blackwell Server Edition, 41315 MiB, 0 %, 98.55 W
2026/09/21 02:42:20.005, 0, NVIDIA RTX PRO 6000 Blackwell Server Edition, 51233 MiB, 18 %, 98.53 W
2026/09/21 02:42:21.006, 0, NVIDIA RTX PRO 6000 Blackwell Server Edition, 61313 MiB, 19 %, 98.01 W
2026/09/21 02:42:22.006, 0, NVIDIA RTX PRO 6000 Blackwell Server Edition, 39565 MiB, 0 %, 133.45 W
2026/09/21 02:42:23.006, 0, NVIDIA RTX PRO 6000 Blackwell Server Edition, 43249 MiB, 0 %, 94.63 W
2026/09/21 02:42:24.006, 0, NVIDIA RTX PRO 6000 Blackwell Server Edition, 39169 MiB, 12 %, 111.16 W
2026/09/21 02:42:25.006, 0, NVIDIA RTX PRO 6000 Blackwell Server Edition, 39413 MiB, 100 %, 541.18 W
2026/09/21 02:42:26.006, 0, NVIDIA RTX PRO 6000 Blackwell Server Edition, 39413 MiB, 100 %, 575.72 W
2026/09/21 02:42:27.006, 0, NVIDIA RTX PRO 6000 Blackwell Server Edition, 39413 MiB, 100 %, 573.74 W
2026/09/21 02:42:28.007, 0, NVIDIA RTX PRO 6000 Blackwell Server Edition, 39413 MiB, 100 %, 532.02 W
2026/09/21 02:42:29.007, 0, NVIDIA RTX PRO 6000 Blackwell Server Edition, 42843 MiB, 0 %, 140.32 W
2026/09/21 02:42:30.007, 0, NVIDIA RTX PRO 6000 Blackwell Server Edition, 42843 MiB, 100 %, 597.99 W
2026/09/21 02:42:31.007, 0, NVIDIA RTX PRO 6000 Blackwell Server Edition, 42843 MiB, 100 %, 600.94 W
2026/09/21 02:42:32.007, 0, NVIDIA RTX PRO 6000 Blackwell Server Edition, 42843 MiB, 100 %, 597.78 W
2026/09/21 02:42:33.007, 0, NVIDIA RTX PRO 6000 Blackwell Server Edition, 42843 MiB, 100 %, 602.03 W
2026/09/21 02:42:34.007, 0, NVIDIA RTX PRO 6000 Blackwell Server Edition, 42843 MiB, 100 %, 599.65 W
2026/09/21 02:42:35.007, 0, NVIDIA RTX PRO 6000 Blackwell Server Edition, 42843 MiB, 100 %, 599.98 W
2026/09/21 02:42:36.008, 0, NVIDIA RTX PRO 6000 Blackwell Server Edition, 42889 MiB, 99 %, 555.82 W
2026/09/21 02:42:37.008, 0, NVIDIA RTX PRO 6000 Blackwell Server Edition, 59083 MiB, 100 %, 269.32 W
2026/09/21 02:42:38.008, 0, NVIDIA RTX PRO 6000 Blackwell Server Edition, 59083 MiB, 100 %, 539.42 W
2026/09/21 02:42:39.008, 0, NVIDIA RTX PRO 6000 Blackwell Server Edition, 59083 MiB, 100 %, 568.44 W
2026/09/21 02:42:40.008, 0, NVIDIA RTX PRO 6000 Blackwell Server Edition, 59083 MiB, 100 %, 568.12 W
2026/09/21 02:42:41.009, 0, NVIDIA RTX PRO 6000 Blackwell Server Edition, 59083 MiB, 100 %, 572.15 W
2026/09/21 02:42:42.009, 0, NVIDIA RTX PRO 6000 Blackwell Server Edition, 59083 MiB, 100 %, 572.46 W
2026/09/21 02:42:43.009, 0, NVIDIA RTX PRO 6000 Blackwell Server Edition, 59083 MiB, 100 %, 573.52 W
2026/09/21 02:42:44.009, 0, NVIDIA RTX PRO 6000 Blackwell Server Edition, 59083 MiB, 100 %, 570.78 W
2026/09/21 02:42:45.009, 0, NVIDIA RTX PRO 6000 Blackwell Server Edition, 59083 MiB, 100 %, 573.46 W
2026/09/21 02:42:46.009, 0, NVIDIA RTX PRO 6000 Blackwell Server Edition, 39281 MiB, 0 %, 246.78 W
2026/09/21 02:42:47.009, 0, NVIDIA RTX PRO 6000 Blackwell Server Edition, 47081 MiB, 19 %, 98.40 W
2026/09/21 02:42:48.009, 0, NVIDIA RTX PRO 6000 Blackwell Server Edition, 56931 MiB, 20 %, 98.59 W
2026/09/21 02:42:49.010, 0, NVIDIA RTX PRO 6000 Blackwell Server Edition, 61809 MiB, 0 %, 133.14 W
2026/09/21 02:42:50.010, 0, NVIDIA RTX PRO 6000 Blackwell Server Edition, 42511 MiB, 0 %, 97.90 W
2026/09/21 02:42:51.010, 0, NVIDIA RTX PRO 6000 Blackwell Server Edition, 39057 MiB, 0 %, 111.03 W
2026/09/21 02:42:52.046, 0, NVIDIA RTX PRO 6000 Blackwell Server Edition, 39411 MiB, 100 %, 247.14 W
2026/09/21 02:42:53.046, 0, NVIDIA RTX PRO 6000 Blackwell Server Edition, 39413 MiB, 100 %, 570.98 W
2026/09/21 02:42:54.046, 0, NVIDIA RTX PRO 6000 Blackwell Server Edition, 39413 MiB, 100 %, 576.06 W
2026/09/21 02:42:55.046, 0, NVIDIA RTX PRO 6000 Blackwell Server Edition, 39413 MiB, 100 %, 576.96 W
2026/09/21 02:42:56.046, 0, NVIDIA RTX PRO 6000 Blackwell Server Edition, 39381 MiB, 15 %, 365.18 W
2026/09/21 02:42:57.048, 0, NVIDIA RTX PRO 6000 Blackwell Server Edition, 42843 MiB, 100 %, 300.43 W
2026/09/21 02:42:58.048, 0, NVIDIA RTX PRO 6000 Blackwell Server Edition, 42843 MiB, 100 %, 601.22 W
2026/09/21 02:42:59.048, 0, NVIDIA RTX PRO 6000 Blackwell Server Edition, 42843 MiB, 100 %, 600.80 W
2026/09/21 02:43:00.048, 0, NVIDIA RTX PRO 6000 Blackwell Server Edition, 42843 MiB, 100 %, 598.67 W
2026/09/21 02:43:01.048, 0, NVIDIA RTX PRO 6000 Blackwell Server Edition, 42843 MiB, 100 %, 603.35 W
2026/09/21 02:43:02.048, 0, NVIDIA RTX PRO 6000 Blackwell Server Edition, 42843 MiB, 100 %, 597.27 W
2026/09/21 02:43:03.048, 0, NVIDIA RTX PRO 6000 Blackwell Server Edition, 42843 MiB, 100 %, 601.73 W
2026/09/21 02:43:04.048, 0, NVIDIA RTX PRO 6000 Blackwell Server Edition, 39337 MiB, 0 %, 363.77 W
2026/09/21 02:43:05.049, 0, NVIDIA RTX PRO 6000 Blackwell Server Edition, 59083 MiB, 100 %, 428.70 W
2026/09/21 02:43:06.049, 0, NVIDIA RTX PRO 6000 Blackwell Server Edition, 59083 MiB, 100 %, 566.77 W
2026/09/21 02:43:07.049, 0, NVIDIA RTX PRO 6000 Blackwell Server Edition, 59083 MiB, 100 %, 569.26 W
2026/09/21 02:43:08.049, 0, NVIDIA RTX PRO 6000 Blackwell Server Edition, 59083 MiB, 100 %, 569.10 W
2026/09/21 02:43:09.049, 0, NVIDIA RTX PRO 6000 Blackwell Server Edition, 59083 MiB, 100 %, 566.34 W
2026/09/21 02:43:10.049, 0, NVIDIA RTX PRO 6000 Blackwell Server Edition, 59083 MiB, 100 %, 568.26 W
2026/09/21 02:43:11.050, 0, NVIDIA RTX PRO 6000 Blackwell Server Edition, 59083 MiB, 100 %, 573.19 W
2026/09/21 02:43:12.050, 0, NVIDIA RTX PRO 6000 Blackwell Server Edition, 5908