epoch,utilization,memory_mib,power_watts
1789954999.51,17.0,41801.0,92.35
1789955000.51,17.0,51971.0,94.41
1789955001.51,18.0,61313.0,94.0
1789955002.51,12.0,40205.0,129.12
1789955003.51,0.0,43249.0,93.51
1789955004.511,0.0,39411.0,110.56
1789955005.511,100.0,39413.0,525.56
1789955006.511,100.0,39413.0,562.18
1789955007.511,98.0,39413.0,565.19
1789955008.511,63.0,39413.0,533.67
1789955009.511,0.0,42843.0,109.49
1789955010.512,100.0,42843.0,580.49
1789955011.512,100.0,42843.0,601.16
1789955012.512,100.0,42843.0,598.19
1789955013.512,100.0,42843.0,600.85
1789955014.512,100.0,42843.0,597.67
1789955015.512,100.0,42843.0,602.07
1789955016.513,46.0,42883.0,545.42
1789955017.513,100.0,59083.0,270.25
1789955018.513,100.0,59083.0,537.27
1789955019.513,100.0,59083.0,566.49
1789955020.513,100.0,59083.0,567.89
1789955021.513,100.0,59083.0,567.05
1789955022.514,100.0,59083.0,564.17
1789955023.514,100.0,59083.0,571.15
1789955024.514,100.0,59083.0,566.28
1789955025.514,100.0,59083.0,566.14
1789955026.514,0.0,39281.0,242.41
1789955027.514,19.0,45969.0,96.58
1789955028.514,20.0,56149.0,96.49
1789955029.515,93.0,61809.0,131.23
1789955030.515,5.0,42511.0,96.63
1789955031.515,0.0,39057.0,109.43
1789955032.526,100.0,39411.0,263.51
1789955033.526,100.0,39413.0,567.25
1789955034.526,100.0,39413.0,567.83
1789955035.526,100.0,39413.0,567.65
1789955036.527,0.0,39381.0,354.54
1789955037.527,100.0,42843.0,299.4
1789955038.527,100.0,42843.0,596.86
1789955039.527,99.0,42843.0,600.09
1789955040.527,100.0,42843.0,598.58
1789955041.527,100.0,42843.0,603.64
1789955042.528,100.0,42843.0,595.64
1789955043.528,100.0,42843.0,601.55
1789955044.528,0.0,39337.0,360.68
1789955045.529,100.0,59083.0,414.18
1789955046.529,100.0,59083.0,570.96
1789955047.529,100.0,59083.0,566.46
1789955048.529,100.0,59083.0,566.08
1789955049.529,100.0,59083.0,567.93
1789955050.53,100.0,59083.0,570.67
1789955051.53,100.0,59083.0,564.35
1789955052.53,100.0,59083.0,569.04
1789955053.53,3.0,62895.0,537.34
1789955054.53,0.0,41201.0,98.53
1789955055.53,18.0,49583.0,98.17
1789955056.531,19.0,59591.0,97.3
1789955057.531,1.0,38685.0,132.63
1789955058.531,0.0,43247.0,94.25
1789955059.531,5.0,39169.0,110.54
1789955060.531,100.0,39413.0,414.24
1789955061.531,100.0,39413.0,569.24
1789955062.532,100.0,39413.0,570.87
1789955063.532,100.0,39413.0,570.47
1789955064.532,11.0,38847.0,209.93
1789955065.532,100.0,42843.0,463.07
1789955066.532,100.0,42843.0,600.33
1789955067.532,100.0,42843.0,599.55
1789955068.533,100.0,42843.0,601.26
1789955069.533,100.0,42843.0,598.05
1789955070.533,100.0,42843.0,600.39
1789955071.533,100.0,42843.0,601.8
1789955072.533,79.0,40731.0,241.03
1789955073.533,100.0,59083.0,525.29
1789955074.533,100.0,59083.0,567.75
1789955075.534,100.0,59083.0,569.45
1789955076.534,100.0,59083.0,571.46
1789955077.534,100.0,59083.0,565.85
1789955078.534,100.0,59083.0,573.82
1789955079.534,100.0,59083.0,567.62
1789955080.534,100.0,59083.0,569.02
1789955081.535,0.0,39281.0,368.39
1789955082.535,18.0,43223.0,97.23
1789955083.535,18.0,53431.0,97.95
1789955084.535,0.0,61313.0,96.53
1789955085.535,18.0,41871.0,136.54
1789955086.536,71.0,46191.0,109.53
1789955087.536,100.0,39411.0,186.62
1789955088.536,100.0,39413.0,569.69
1789955089.536,100.0,39413.0,570.78
1789955090.536,100.0,39413.0,570.58
1789955091.536,36.0,40615.0,433.64
1789955092.536,100.0,42843.0,232.86
1789955093.537,100.0,42843.0,600.84
1789955094.537,100.0,42843.0,598.85
1789955095.537,100.0,42843.0,599.71
1789955096.537,100.0,42843.0,601.62
1789955097.537,100.0,42843.0,598.88
1789955098.537,100.0,42843.0,601.24
1789955099.537,11.0,42903.0,476.45
1789955100.538,100.0,59083.0,324.38
1789955101.538,100.0,59083.0,567.81
1789955102.538,100.0,59083.0,568.81
1789955103.538,100.0,59083.0,568.34
1789955104.538,100.0,59083.0,568.86
1789955105.538,100.0,59083.0,568.5
1789955106.541,100.0,59642.0,565.5
1789955107.541,100.0,59083.0,569.88
1789955108.644,100.0,62895.0,568.66
1789955109.645,4.0,41201.0,115.24
1789955110.645,14.0,48487.0,98.76
1789955111.645,16.0,56611.0,97.28
1789955112.646,36.0,61809.0,128.26
1789955113.646,21.0,42511.0,108.63
1789955114.646,44.0,46191.0,108.29
1789955115.646,100.0,39411.0,183.75
1789955116.646,100.0,39413.0,571.31
1789955117.646,100.0,39413.0,572.56
1789955118.646,100.0,39413.0,572.59
1789955119.647,36.0,40615.0,414.74
1789955120.647,100.0,42843.0,238.33
1789955121.647,100.0,42843.0,600.76
1789955122.647,100.0,42843.0,598.77
1789955123.647,100.0,42843.0,598.0
1789955124.647,100.0,42843.0,600.1
1789955125.648,100.0,42843.0,597.35
1789955126.648,100.0,42843.0,601.51
1789955127.648,50.0,42903.0,415.25
1789955128.648,100.0,59083.0,349.84
1789955129.648,100.0,59083.0,568.81
1789955130.648,100.0,59083.0,571.15
1789955131.648,100.0,59083.0,566.76
1789955132.649,100.0,59083.0,572.38
1789955133.649,100.0,59083.0,566.82
1789955134.649,100.0,59083.0,567.45
1789955135.649,100.0,59083.0,568.26
1789955136.649,90.0,62895.0,564.16
1789955137.649,36.0,41201.0,105.81
1789955138.649,19.0,50251.0,98.51
1789955139.65,19.0,60573.0,98.09
1789955140.65,0.0,38957.0,132.96
1789955141.65,0.0,43247.0,94.9
1789955142.65,0.0,39169.0,110.54
1789955143.65,100.0,39413.0,488.37
1789955144.65,100.0,39413.0,573.33
1789955145.65,100.0,39413.0,576.8
1789955146.65,91.0,39413.0,572.65
1789955147.651,0.0,39941.0,124.83
1789955148.651,100.0,42843.0,569.82
1789955149.651,100.0,42843.0,600.56
1789955150.651,100.0,42843.0,597.78
1789955151.651,100.0,42843.0,602.14
1789955152.651,100.0,42843.0,599.55
1789955153.652,100.0,42843.0,599.06
1789955154.652,47.0,42863.0,563.9
1789955155.652,100.0,59083.0,245.02
1789955156.652,100.0,59083.0,536.9
1789955157.652,100.0,59083.0,571.98
1789955158.652,100.0,59083.0,571.53
1789955159.653,100.0,59083.0,566.03
1789955160.653,100.0,59083.0,572.88
1789955161.653,100.0,59083.0,568.31
1789955162.653,100.0,59083.0,569.39
1789955163.653,100.0,59083.0,571.25
1789955164.653,0.0,39281.0,268.81
1789955165.654,19.0,45855.0,98.13
1789955166.654,20.0,56323.0,98.41
1789955167.654,11.0,61809.0,133.8
1789955168.654,0.0,42511.0,97.75
1789955169.654,14.0,39057.0,110.06
1789955170.654,100.0,39411.0,315.14
1789955171.654,100.0,39413.0,572.13
1789955172.655,98.0,39413.0,571.34
1789955173.655,98.0,39413.0,572.52
1789955174.655,0.0,39381.0,303.62
1789955175.655,100.0,42843.0,390.35
1789955176.655,100.0,42843.0,599.83
1789955177.655,100.0,42843.0,599.13
1789955178.656,100.0,42843.0,600.32
1789955179.656,100.0,42843.0,600.58
1789955180.656,100.0,42843.0,599.59
1789955181.656,100.0,42843.0,601.14
1789955182.656,0.0,39337.0,273.15
1789955183.656,100.0,59083.0,499.28
1789955184.657,100.0,59083.0,571.75
1789955185.657,100.0,59083.0,563.87
1789955186.657,100.0,59083.0,570.26
1789955187.657,100.0,59083.0,566.59
1789955188.657,100.0,59083.0,569.84
1789955189.657,100.0,59083.0,571.42
1789955190.657,100.0,59083.0,566.78
1789955191.657,68.0,39281.0,478.22
1789955192.658,0.0,41921.0,100.25
1789955193.658,17.0,52101.0,98.41
1789955194.658,19.0,61313.0,97.86
1789955195.658,0.0,40461.0,133.29
1789955196.658,0.0,43249.0,94.81
1789955197.658,11.0,39411.0,111.6
1789955198.658,100.0,39413.0,537.16
1789955199.659,100.0,39413.0,575.27
1789955200.659,100.0,39413.0,570.26
1789955201.659,100.0,39683.0,538.04
1789955202.659,1.0,42843.0,112.33
1789955203.659,100.0,42843.0,599.29
1789955204.659,100.0,42843.0,601.4
1789955205.659,100.0,42843.0,598.85
1789955206.659,100.0,42843.0,601.08
1789955207.66,100.0,42843.0,598.01
1789955208.66,100.0,42843.0,599.88
1789955209.66,100.0,42899.0,539.91
1789955210.66,100.0,59083.0,265.53
1789955211.66,100.0,59083.0,538.42
1789955212.66,100.0,59083.0,568.28
1789955213.66,100.0,59083.0,567.19
1789955214.66,100.0,59083.0,567.65
1789955215.661,100.0,59083.0,571.52
1789955216.661,100.0,59083.0,569.2
1789955217.661,100.0,59083.0,571.41
1789955218.661,100.0,59083.0,572.94
1789955219.661,0.0,39281.0,245.14
1789955220.661,19.0,46517.0,98.14
1789955221.661,19.0,56741.0,98.14
1789955222.662,86.0,61809.0,132.59
1789955223.662,7.0,42511.0,98.16
1789955224.662,0.0,39057.0,110.41
1789955225.679,100.0,39413.0,312.46
1789955226.679,100.0,39413.0,575.56
1789955227.679,100.0,39413.0,572.67
1789955228.68,98.0,39413.0,572.93
1789955229.68,2.0,39381.0,296.91
1789955230.68,100.0,42843.0,379.93
1789955231.68,100.0,42843.0,600.19
1789955232.68,100.0,42843.0,600.27
1789955233.68,100.0,42843.0,599.26
1789955234.681,100.0,42843.0,602.05
1789955235.681,100.0,42843.0,599.09
1789955236.681,100.0,42843.0,600.96
1789955237.681,7.0,40589.0,276.22
1789955238.681,100.0,59083.0,512.23
1789955239.681,100.0,59083.0,568.98
1789955240.682,100.0,59083.0,567.14
1789955241.682,100.0,59083.0,573.36
1789955242.682,100.0,59083.0,568.28
1789955243.682,100.0,59083.0,569.61
1789955244.682,100.0,59083.0,571.68
1789955245.682,100.0,59083.0,567.96
1789955246.683,0.0,39281.0,441.2
1789955247.683,40.0,42149.0,97.26
1789955248.683,18.0,52215.0,98.47
1789955249.683,18.0,61313.0,97.38
1789955250.683,6.0,40589.0,134.84
1789955251.683,0.0,44719.0,94.36
1789955252.683,0.0,39411.0,122.99
1789955253.684,100.0,39413.0,571.13
1789955254.684,100.0,39413.0,575.78
1789955255.684,98.0,39413.0,573.43
1789955256.684,54.0,39917.0,490.65
1789955257.684,0.0,42843.0,160.05
1789955258.684,100.0,42843.0,598.26
1789955259.685,100.0,42843.0,600.74
1789955260.685,100.0,42843.0,595.76
1789955261.685,100.0,42843.0,601.66
1789955262.685,100.0,42843.0,601.69
1789955263.685,100.0,42843.0,602.29
1789955264.685,33.0,42903.0,498.01
1789955265.685,100.0,59083.0,299.75
1789955266.686,100.0,59083.0,563.47
1789955267.686,100.0,59083.0,569.36
1789955268.686,100.0,59083.0,569.44
1789955269.686,100.0,59083.0,567.91
1789955270.686,100.0,59083.0,569.97
1789955271.686,100.0,59083.0,569.08
1789955272.686,100.0,59083.0,567.93
1789955273.687,100.0,59083.0,569.98
1789955274.687,0.0,39281.0,198.46
1789955275.687,19.0,46951.0,98.38
1789955276.687,19.0,56817.0,97.97
1789955277.687,0.0,61313.0,95.46
1789955278.687,12.0,41615.0,133.83
1789955279.688,4.0,46191.0,95.93
1789955280.688,0.0,39411.0,162.3
1789955281.688,99.0,39413.0,569.75
1789955282.688,98.0,39413.0,572.95
1789955283.688,98.0,39413.0,575.59
1789955284.688,14.0,40615.0,460.37
1789955285.688,49.0,42843.0,204.25
1789955286.689,100.0,42843.0,599.21
1789955287.689,100.0,42843.0,600.54
1789955288.689,100.0,42843.0,596.31
1789955289.689,100.0,42843.0,602.95
1789955290.689,100.0,42843.0,599.87
1789955291.69,100.0,42843.0,601.3
1789955292.69,9.0,42903.0,450.82
1789955293.69,100.0,59083.0,335.41
1789955294.69,100.0,59083.0,570.66
1789955295.69,100.0,59083.0,568.51
1789955296.69,100.0,59083.0,569.17
1789955297.691,100.0,59083.0,569.19
1789955298.691,100.0,59083.0,569.29
1789955299.691,100.0,59083.0,568.74
1789955300.691,100.0,59083.0,569.08
1789955301.691,100.0,62895.0,569.27
1789955302.691,0.0,39281.0,122.41
1789955303.692,20.0,48487.0,98.42
1789955304.692,20.0,58667.0,97.74
1789955305.692,0.0,38685.0,133.81
1789955306.692,0.0,43247.0,95.74
1789955307.692,6.0,39061.0,111.02
1789955308.692,98.0,39413.0,374.47
1789955309.693,98.0,39413.0,571.22
1789955310.693,98.0,39413.0,571.05
1789955311.693,100.0,39413.0,573.03
1789955312.693,0.0,38847.0,241.64
1789955313.693,100.0,42843.0,452.74
1789955314.693,100.0,42843.0,601.89
1789955315.694,100.0,42843.0,597.99
1789955316.694,100.0,42843.0,601.62
1789955317.694,100.0,42843.0,599.42
1789955318.694,100.0,42843.0,600.35
1789955319.694,100.0,42843.0,600.8
1789955320.695,61.0,40731.0,242.07
1789955321.695,100.0,59083.0,529.38
1789955322.695,100.0,59083.0,566.99
1789955323.695,100.0,59083.0,574.22
1789955324.695,100.0,59083.0,565.62
1789955325.696,100.0,59083.0,573.24
1789955326.696,100.0,59083.0,569.07
1789955327.696,100.0,59083.0,565.6
1789955328.696,100.0,59083.0,571.58
1789955329.696,0.0,39281.0,379.77
1789955330.696,18.0,42697.0,96.79
1789955331.697,19.0,52421.0,98.34
1789955332.697,14.0,61313.0,97.32
1789955333.697,12.0,40653.0,134.24
1789955334.697,4.0,44719.0,94.31
1789955335.697,1.0,39411.0,110.21
1789955336.697,98.0,39413.0,557.74
1789955337.697,98.0,39413.0,574.23
1789955338.698,99.0,39413.0,573.71
1789955339.698,15.0,39917.0,503.76
1789955340.698,66.0,42843.0,148.7
1789955341.698,100.0,42843.0,601.73
1789955342.698,100.0,42843.0,602.09
1789955343.698,100.0,42843.0,595.3
1789955344.699,100.0,42843.0,602.35
1789955345.699,100.0,42843.0,599.85
1789955346.699,100.0,42843.0,602.01
1789955347.699,8.0,42903.0,497.33
1789955348.699,100.0,59083.0,302.74
1789955349.699,100.0,59083.0,565.26
1789955350.699,100.0,59083.0,568.65
1789955351.7,100.0,59083.0,567.79
1789955352.7,100.0,59083.0,567.85
1789955353.7,100.0,59083.0,570.83
1789955354.7,100.0,59083.0,570.32
1789955355.7,100.0,59083.0,568.69
1789955356.7,100.0,59083.0,571.21
1789955357.701,0.0,39281.0,197.56
1789955358.701,18.0,48411.0,98.35
1789955359.701,18.0,58553.0,97.75
1789955360.701,8.0,38685.0,133.28
1789955361.708,2.0,43247.0,95.88
1789955362.709,2.0,39061.0,110.71
1789955363.709,98.0,39413.0,379.21
1789955364.709,100.0,39413.0,571.8
1789955365.709,100.0,39413.0,573.45
1789955366.709,100.0,39413.0,575.0
1789955367.709,0.0,38793.0,230.03
1789955368.71,100.0,42843.0,440.84
1789955369.71,100.0,42843.0,604.11
1789955370.71,100.0,42843.0,599.01
1789955371.71,100.0,42843.0,599.68
1789955372.71,99.0,42843.0,599.5
1789955373.71,100.0,42843.0,601.1
1789955374.711,100.0,42843.0,598.67
1789955375.711,7.0,40731.0,246.54
1789955376.711,100.0,59083.0,528.17
1789955377.711,100.0,59083.0,570.28
1789955378.711,100.0,59083.0,564.69
1789955379.711,100.0,59083.0,573.63
1789955380.711,100.0,59083.0,568.16
1789955381.712,100.0,59083.0,567.27
1789955382.712,100.0,59083.0,572.7
1789955383.712,100.0,59083.0,566.76
1789955384.712,38.0,39281.0,381.46
1789955385.712,18.0,42697.0,96.86
1789955386.712,20.0,52779.0,98.14
1789955387.713,10.0,61313.0,97.05
1789955388.713,13.0,41005.0,133.86
1789955389.713,4.0,46191.0,94.28
1789955390.713,8.0,39411.0,146.36
1789955391.713,98.0,39413.0,571.41
1789955392.713,98.0,39413.0,574.82
1789955393.714,100.0,39413.0,573.12
1789955394.714,16.0,40615.0,467.81
1789955395.714,94.0,42843.0,195.56
1789955396.714,100.0,42843.0,599.41
1789955397.714,100.0,42843.0,599.78
1789955398.715,100.0,42843.0,598.03
1789955399.715,100.0,42843.0,600.75
1789955400.715,100.0,42843.0,601.07
1789955401.715,100.0,42843.0,601.96
1789955402.715,58.0,42903.0,467.29
1789955403.715,100.0,59083.0,325.58
1789955404.716,100.0,59083.0,568.1
1789955405.716,100.0,59083.0,568.72
1789955406.716,100.0,59083.0,568.65
1789955407.716,100.0,59083.0,569.89
1789955408.716,100.0,59083.0,568.73
1789955409.717,100.0,59083.0,568.01
1789955410.717,100.0,59083.0,569.73
1789955411.717,100.0,59083.0,568.78
1789955412.717,4.0,39281.0,146.43
1789955413.717,18.0,48281.0,98.46
1789955414.717,16.0,58119.0,97.58
1789955415.718,30.0,38695.0,133.54
1789955416.718,16.0,43247.0,95.22
1789955417.718,2.0,39057.0,110.65
1789955418.718,100.0,39413.0,321.06
1789955419.718,100.0,39413.0,571.57
1789955420.718,100.0,39413.0,570.79
1789955421.719,98.0,39413.0,571.64
1789955422.719,2.0,38685.0,289.17
1789955423.719,100.0,42843.0,374.26
1789955424.719,100.0,42843.0,599.48
1789955425.719,100.0,42843.0,598.88
1789955426.719,100.0,42843.0,601.69
1789955427.72,100.0,42843.0,600.64
1789955428.72,100.0,42843.0,599.18
1789955429.72,100.0,42843.0,602.18
1789955430.72,7.0,39879.0,272.17
1789955431.72,100.0,59083.0,484.61
1789955432.721,100.0,59083.0,569.42
1789955433.721,100.0,59083.0,566.74
1789955434.721,100.0,59083.0,571.61
1789955435.721,100.0,59083.0,567.94
1789955436.721,100.0,59083.0,570.73
1789955437.721,100.0,59083.0,574.63
1789955438.722,100.0,59083.0,566.79
1789955439.722,1.0,39281.0,452.59
1789955440.722,36.0,42263.0,100.03
1789955441.722,12.0,49583.0,97.44
1789955442.722,18.0,59129.0,96.96
1789955443.723,0.0,38685.0,134.35
1789955444.723,0.0,43247.0,94.66
1789955445.723,11.0,39061.0,109.68
1789955446.723,99.0,39413.0,392.68
1789955447.723,98.0,39413.0,569.45
1789955448.723,98.0,39413.0,571.86
1789955449.724,100.0,39413.0,572.41
1789955450.724,0.0,38847.0,214.04
1789955451.724,100.0,42843.0,447.8
1789955452.724,100.0,42843.0,601.03
1789955453.724,100.0,42843.0,598.18
1789955454.726,100.0,42843.0,599.28
1789955455.726,100.0,42843.0,599.04
1789955456.726,100.0,42843.0,599.66
1789955457.726,100.0,42843.0,599.05
1789955458.726,0.0,40731.0,242.83
1789955459.727,100.0,59083.0,523.16
1789955460.727,100.0,59083.0,569.17
1789955461.727,100.0,59083.0,571.29
1789955462.727,100.0,59083.0,569.2
1789955463.727,100.0,59083.0,570.5
1789955464.728,100.0,59083.0,570.22
1789955465.728,100.0,59083.0,566.66
1789955466.728,100.0,59083.0,572.68
1789955467.728,0.0,39281.0,373.51
1789955468.728,16.0,43017.0,96.84
1789955469.728,19.0,52649.0,98.04
1789955470.729,19.0,61313.0,96.85
1789955471.729,4.0,40845.0,133.9
1789955472.729,0.0,44719.0,93.94
1789955473.729,0.0,39411.0,127.48
1789955474.729,100.0,39413.0,567.58
1789955475.729,100.0,39413.0,572.94
1789955476.729,100.0,39413.0,574.54
1789955477.73,80.0,40615.0,485.13
1789955478.73,0.0,42843.0,186.27
1789955479.73,100.0,42843.0,601.17
1789955480.73,100.0,42843.0,598.08
1789955481.73,100.0,42843.0,598.89
1789955482.731,100.0,42843.0,601.32
1789955483.731,100.0,42843.0,598.18
1789955484.731,100.0,42843.0,601.26
1789955485.731,8.0,42903.0,477.21
1789955486.731,100.0,59083.0,328.66
1789955487.731,100.0,59083.0,567.4
1789955488.732,100.0,59083.0,569.65
1789955489.732,100.0,59083.0,569.53
1789955490.732,100.0,59083.0,567.52
1789955491.733,100.0,59083.0,568.64
1789955492.733,100.0,59083.0,569.25
1789955493.733,100.0,59083.0,568.44
1789955494.734,100.0,59083.0,570.48
1789955495.734,0.0,39281.0,143.81
1789955496.734,18.0,47961.0,98.35
1789955497.734,20.0,58119.0,97.93
1789955498.734,0.0,38685.0,135.49
1789955499.758,2.0,43247.0,95.44
1789955500.758,1.0,39061.0,110.64
1789955501.758,98.0,39413.0,391.46
1789955502.758,98.0,39413.0,573.59
1789955503.758,100.0,39413.0,572.53
1789955504.758,100.0,39413.0,571.0
1789955505.759,0.0,38847.0,230.61
1789955506.759,100.0,42843.0,450.36
1789955507.759,100.0,42843.0,599.73
1789955508.759,100.0,42843.0,601.58
1789955509.759,100.0,42843.0,600.94
1789955510.759,99.0,42843.0,600.92
1789955511.76,100.0,42843.0,597.78
1789955512.76,100.0,42843.0,601.54
1789955513.76,0.0,40731.0,252.96
1789955514.76,100.0,59083.0,521.26
1789955515.76,100.0,59083.0,570.76
1789955516.761,100.0,59083.0,564.07
1789955517.761,100.0,59083.0,574.14
1789955518.761,100.0,59083.0,571.69
1789955519.761,100.0,59083.0,565.57
1789955520.761,100.0,59083.0,570.33
1789955521.761,100.0,59083.0,571.1
1789955522.762,44.0,39281.0,359.41
1789955523.762,15.0,43885.0,97.49
1789955524.762,18.0,54109.0,98.25
1789955525.762,0.0,61527.0,96.52
1789955526.762,19.0,42511.0,134.52
1789955527.763,28.0,46191.0,109.47
1789955528.763,98.0,39411.0,208.24
1789955529.763,100.0,39413.0,570.02
1789955530.763,100.0,39413.0,573.49
1789955531.763,100.0,39413.0,575.94
1789955532.764,16.0,40615.0,404.5
1789955533.764,100.0,42843.0,268.07
1789955534.764,100.0,42843.0,597.73
1789955535.764,100.0,42843.0,602.97
1789955536.764,100.0,42843.0,600.9
1789955537.764,100.0,42843.0,598.86
1789955538.764,100.0,42843.0,598.77
1789955539.765,100.0,42843.0,601.44
1789955540.765,58.0,42903.0,389.52
1789955541.765,100.0,59083.0,394.7
1789955542.765,100.0,59083.0,566.26
1789955543.765,100.0,59083.0,571.3
1789955544.766,100.0,59083.0,571.85
1789955545.766,100.0,59083.0,567.28
1789955546.766,100.0,59083.0,568.29
1789955547.766,100.0,59083.0,571.23
1789955548.766,100.0,59083.0,569.1
1789955549.766,100.0,62895.0,568.04
1789955550.767,0.0,39281.0,116.85
1789955551.767,19.0,49469.0,98.64
1789955552.767,18.0,59705.0,97.67
1789955553.767,45.0,38685.0,134.23
1789955554.767,14.0,43247.0,94.82
1789955555.768,0.0,39169.0,110.66
1789955556.768,100.0,39413.0,443.35
1789955557.768,100.0,39413.0,571.9
1789955558.768,100.0,39413.0,573.21
1789955559.768,100.0,39413.0,573.47
1789955560.768,12.0,38847.0,169.2
1789955561.769,100.0,42843.0,519.49
1789955562.769,100.0,42843.0,601.42
1789955563.769,100.0,42843.0,598.03
1789955564.769,100.0,42843.0,603.1
1789955565.769,100.0,42843.0,599.18
1789955566.769,100.0,42843.0,600.84
1789955567.769,100.0,42843.0,599.4
1789955568.77,100.0,58283.0,240.35
1789955569.77,100.0,59083.0,534.03
1789955570.77,100.0,59083.0,568.84
1789955571.77,100.0,59083.0,567.07
1789955572.77,100.0,59083.0,572.78
1789955573.771,100.0,59083.0,564.55
1789955574.771,100.0,59083.0,570.79
1789955575.771,100.0,59083.0,568.73
1789955576.772,100.0,59083.0,568.2
1789955577.772,0.0,39281.0,337.74
1789955578.772,19.0,44493.0,97.55
1789955579.772,18.0,54299.0,98.1
1789955580.772,0.0,61457.0,96.54
1789955581.772,18.0,41999.0,133.67
1789955582.773,62.0,46191.0,103.41
1789955583.773,100.0,39411.0,171.73
1789955584.773,100.0,39413.0,570.17
1789955585.773,100.0,39413.0,571.12
1789955586.773,100.0,39413.0,574.4
1789955587.773,38.0,40615.0,452.67
1789955588.774,100.0,42843.0,204.34
1789955589.774,100.0,42843.0,602.21
1789955590.774,100.0,42843.0,599.14
1789955591.774,100.0,42843.0,598.55
1789955592.774,100.0,42843.0,603.44
1789955593.774,100.0,42843.0,598.5
1789955594.775,100.0,42843.0,600.31
1789955595.775,46.0,42903.0,450.05
1789955596.775,100.0,59083.0,320.58
1789955597.775,100.0,59083.0,568.26
1789955598.775,100.0,59083.0,568.2
1789955599.775,100.0,59083.0,568.23
1789955600.776,100.0,59083.0,569.2
1789955601.776,100.0,59083.0,568.82
1789955602.776,100.0,59083.0,568.35
1789955603.776,100.0,59083.0,570.43
1789955604.776,100.0,59083.0,569.23
1789955605.776,0.0,39281.0,161.33
1789955606.777,20.0,48167.0,98.48
1789955607.777,19.0,57685.0,97.75
1789955608.777,0.0,50267.0,133.55
1789955609.777,2.0,43247.0,97.7
1789955610.777,1.0,39057.0,110.02
1789955611.778,98.0,39413.0,354.87
1789955612.778,98.0,39413.0,570.57
1789955613.778,100.0,39413.0,571.69
1789955614.778,100.0,39413.0,571.66
1789955615.778,0.0,38685.0,258.55
1789955616.778,100.0,42843.0,415.55
1789955617.779,100.0,42843.0,601.07
1789955618.779,100.0,42843.0,598.06
1789955619.779,100.0,42843.0,600.72
1789955620.779,99.0,42843.0,600.47
1789955621.779,100.0,42843.0,600.25
1789955622.779,100.0,42843.0,601.03
1789955623.78,0.0,40589.0,243.48
1789955624.78,100.0,59083.0,538.35
1789955625.78,100.0,59083.0,565.88
1789955626.78,100.0,59083.0,572.58
1789955627.78,100.0,59083.0,566.28
1789955628.781,100.0,59083.0,564.76
1789955629.781,100.0,59083.0,573.47
1789955630.781,100.0,59083.0,565.61
1789955631.781,100.0,59083.0,564.51
1789955632.781,30.0,39281.0,430.56
1789955633.781,20.0,42355.0,97.04
1789955634.782,20.0,52649.0,98.24
1789955635.782,10.0,61313.0,97.1
1789955636.782,12.0,40685.0,133.05
1789955637.782,4.0,44719.0,94.34
1789955638.782,0.0,39169.0,109.57
1789955639.782,100.0,39413.0,530.77
1789955640.783,100.0,39413.0,574.64
1789955641.783,100.0,39413.0,574.21
1789955642.783,81.0,39413.0,529.81
1789955643.783,0.0,42843.0,118.45
1789955644.783,100.0,42843.0,597.49
1789955645.783,100.0,42843.0,602.0
1789955646.784,100.0,42843.0,597.33
1789955647.784,100.0,42843.0,600.62
1789955648.784,100.0,42843.0,599.78
1789955649.784,100.0,42843.0,600.49
1789955650.784,100.0,42865.0,584.34
1789955651.784,100.0,59083.0,243.96
1789955652.784,100.0,59083.0,534.44
1789955653.785,100.0,59083.0,567.22
1789955654.785,100.0,59083.0,570.95
1789955655.785,100.0,59083.0,569.43
1789955656.785,100.0,59083.0,566.11
1789955657.785,100.0,59083.0,570.84
1789955658.786,100.0,59083.0,571.67
1789955659.786,100.0,59083.0,566.42
1789955660.786,0.0,39281.0,278.58
1789955661.786,17.0,45969.0,97.61
1789955662.786,17.0,55905.0,98.04
1789955663.786,0.0,61809.0,122.15
1789955664.787,20.0,42511.0,115.64
1789955665.787,62.0,46191.0,109.1
1789955666.787,99.0,39411.0,186.19
1789955667.787,100.0,39413.0,573.38
1789955668.787,100.0,39413.0,574.02
1789955669.787,100.0,39413.0,573.14
1789955670.788,33.0,40615.0,426.15
1789955671.788,100.0,42843.0,221.21
1789955672.788,100.0,42843.0,600.59
1789955673.788,100.0,42843.0,600.18
1789955674.788,100.0,42843.0,597.28
1789955675.788,100.0,42843.0,600.96
1789955676.789,100.0,42843.0,597.82
1789955677.789,100.0,42843.0,599.75
1789955678.789,48.0,42903.0,427.02
1789955679.789,100.0,59083.0,345.63
1789955680.789,100.0,59083.0,570.96
1789955681.789,100.0,59083.0,567.81
1789955682.79,100.0,59083.0,567.9
1789955683.79,100.0,59083.0,570.87
1789955684.79,100.0,59083.0,570.07
1789955685.79,100.0,59083.0,568.64
1789955686.79,100.0,59083.0,569.42
1789955687.791,100.0,62895.0,568.47
1789955688.791,0.0,39281.0,120.53
1789955689.791,18.0,48487.0,97.96
1789955690.791,20.0,58553.0,97.4
1789955691.791,0.0,38685.0,133.91
1789955692.792,0.0,43247.0,95.37
1789955693.792,13.0,39057.0,110.13
1789955694.792,100.0,39413.0,342.34
1789955695.792,100.0,39413.0,573.18
1789955696.792,99.0,39413.0,572.96
1789955697.793,98.0,39413.0,572.28
1789955698.793,2.0,38685.0,262.09
1789955699.793,100.0,42843.0,414.65
1789955700.793,100.0,42843.0,600.99
1789955701.793,100.0,42843.0,598.96
1789955702.793,100.0,42843.0,599.72
1789955703.793,100.0,42843.0,601.33
1789955704.794,100.0,42843.0,598.62
1789955705.794,100.0,42843.0,601.44
1789955706.794,0.0,40731.0,248.24
1789955707.794,100.0,59083.0,530.29
1789955708.794,100.0,59083.0,571.41
1789955709.794,100.0,59083.0,566.61
1789955710.795,100.0,59083.0,570.17
1789955711.795,100.0,59083.0,570.76
1789955712.795,100.0,59083.0,565.27
1789955713.795,100.0,59083.0,573.71
1789955714.795,100.0,59083.0,568.89
1789955715.795,0.0,39281.0,406.08
1789955716.795,16.0,43131.0,96.93
1789955717.796,19.0,53317.0,98.08
1789955718.796,17.0,61313.0,96.88
1789955719.796,15.0,41229.0,131.67
1789955720.796,0.0,46191.0,94.05
1789955721.796,0.0,39411.0,139.08
1789955722.797,100.0,39413.0,569.32
1789955723.797,100.0,39413.0,570.73
1789955724.797,98.0,39413.0,571.15
1789955725.797,41.0,40615.0,461.51
1789955726.797,1.0,42843.0,198.27
1789955727.797,100.0,42843.0,602.11
1789955728.797,100.0,42843.0,600.49
1789955729.798,100.0,42843.0,596.92
1789955730.798,100.0,42843.0,602.27
1789955731.798,100.0,42843.0,598.92
1789955732.798,100.0,42843.0,601.3
1789955733.798,16.0,42903.0,469.82
1789955734.798,100.0,59083.0,321.28
1789955735.799,100.0,59083.0,567.21
1789955736.799,100.0,59083.0,567.35
1789955737.799,100.0,59083.0,568.99
1789955738.799,100.0,59083.0,569.15
1789955739.799,100.0,59083.0,569.27
1789955740.799,100.0,59083.0,569.44
1789955741.799,100.0,59083.0,568.51
1789955742.8,100.0,59083.0,570.11
1789955743.8,0.0,39281.0,165.5
1789955744.8,19.0,47847.0,98.07
1789955745.8,19.0,58073.0,97.66
1789955746.8,0.0,38687.0,134.32
1789955747.801,0.0,43247.0,95.31
1789955748.801,1.0,39057.0,110.2
1789955749.801,98.0,39413.0,336.97
1789955750.801,98.0,39413.0,574.32
1789955751.801,100.0,39413.0,573.36
1789955752.801,100.0,39413.0,574.12
1789955753.802,0.0,38793.0,275.73
1789955754.802,100.0,42843.0,418.52
1789955755.802,100.0,42843.0,600.32
1789955756.802,100.0,42843.0,597.27
1789955757.802,100.0,42843.0,600.96
1789955758.802,99.0,42843.0,598.98
1789955759.802,100.0,42843.0,601.25
1789955760.803,100.0,42843.0,601.54
1789955761.803,39.0,40731.0,247.19
1789955762.803,100.0,59083.0,532.81
1789955763.803,100.0,59083.0,567.47
1789955764.803,100.0,59083.0,571.1
1789955765.803,100.0,59083.0,567.63
1789955766.804,100.0,59083.0,569.91
1789955767.804,100.0,59083.0,571.95
1789955768.804,100.0,59083.0,564.19
1789955769.804,100.0,59083.0,570.05
1789955770.804,26.0,39281.0,400.05
1789955771.804,0.0,41201.0,95.47
1789955772.805,17.0,47271.0,97.01
1789955773.805,18.0,57479.0,97.46
1789955774.805,0.0,49241.0,131.48
1789955775.805,0.0,43247.0,97.22
1789955776.805,14.0,39057.0,110.01
1789955777.805,98.0,39413.0,327.49
1789955778.806,98.0,39413.0,570.23
1789955779.806,98.0,39413.0,571.88
1789955780.806,100.0,39413.0,575.95
1789955781.806,0.0,38685.0,275.41
1789955782.806,100.0,42843.0,413.13
1789955783.806,100.0,42843.0,601.84
1789955784.807,100.0,42843.0,598.79
1789955785.807,100.0,42843.0,599.21
1789955786.807,100.0,42843.0,602.32
1789955787.807,100.0,42843.0,598.88
1789955788.807,100.0,42843.0,601.21
1789955789.807,0.0,40731.0,249.36
1789955790.807,100.0,59083.0,538.09
1789955791.808,100.0,59083.0,567.54
1789955792.808,100.0,59083.0,565.12
1789955793.808,100.0,59083.0,570.94
1789955794.808,100.0,59083.0,563.95
1789955795.808,100.0,59083.0,570.42
1789955796.809,100.0,59083.0,573.46
1789955797.809,100.0,59083.0,563.17
1789955798.809,44.0,39281.0,418.86
1789955799.809,18.0,42583.0,96.77
1789955800.809,19.0,52809.0,98.05
1789955801.809,14.0,61313.0,96.93
1789955802.81,14.0,40717.0,131.98
1789955803.81,4.0,44719.0,93.96
1789955804.81,1.0,39411.0,126.51
1789955805.81,98.0,39413.0,568.44
1789955806.81,98.0,39413.0,574.91
1789955807.81,99.0,39413.0,574.2
1789955808.81,16.0,40615.0,486.95
1789955809.811,92.0,42843.0,185.45
1789955810.811,100.0,42843.0,600.57
1789955811.811,100.0,42843.0,600.15
1789955812.811,100.0,42843.0,597.57
1789955813.811,100.0,42843.0,600.14
1789955814.811,100.0,42843.0,600.68
1789955815.811,100.0,42843.0,600.08
1789955816.811,8.0,42903.0,472.09
1789955817.812,100.0,59083.0,324.66
1789955818.812,100.0,59083.0,567.4
1789955819.812,100.0,59083.0,568.03
1789955820.812,100.0,59083.0,568.49
1789955821.812,100.0,59083.0,568.61
1789955822.812,100.0,59083.0,568.44
1789955823.813,100.0,59083.0,568.28
1789955824.813,100.0,59083.0,569.04
1789955825.813,100.0,59083.0,567.23
1789955826.813,0.0,39281.0,166.29
1789955827.813,20.0,48281.0,98.26
1789955828.813,19.0,58507.0,97.42
1789955829.813,14.0,38685.0,134.24
1789955830.813,14.0,43247.0,94.63
1789955831.814,1.0,39061.0,109.72
1789955832.814,100.0,39413.0,415.91
1789955833.814,100.0,39413.0,572.56
1789955834.814,100.0,39413.0,572.38
1789955835.814,100.0,39413.0,572.63
1789955836.814,7.0,38847.0,194.87
1789955837.814,100.0,42843.0,485.97
1789955838.815,100.0,42843.0,600.52
1789955839.815,100.0,42843.0,598.72
1789955840.815,100.0,42843.0,601.71
1789955841.815,100.0,42843.0,599.93
1789955842.815,100.0,42843.0,600.65
1789955843.815,100.0,42843.0,599.64
1789955844.816,100.0,40731.0,249.77
1789955845.816,100.0,59083.0,523.23
1789955846.816,100.0,59083.0,568.64
1789955847.816,100.0,59083.0,566.65
1789955848.816,100.0,59083.0,572.95
1789955849.816,100.0,59083.0,567.75
1789955850.816,100.0,59083.0,572.87
1789955851.816,100.0,59083.0,567.23
1789955852.817,100.0,59083.0,565.9
1789955853.817,44.0,39281.0,386.52
1789955854.817,17.0,43657.0,97.04
1789955855.817,19.0,53865.0,98.19
1789955856.817,10.0,61313.0,96.91
1789955857.817,11.0,41871.0,133.05
1789955858.818,4.0,46191.0,94.13
1789955859.818,1.0,39411.0,156.13
1789955860.818,98.0,39413.0,568.73
1789955861.818,98.0,39413.0,571.65
1789955862.818,99.0,39413.0,576.13
1789955863.818,14.0,40615.0,456.77
1789955864.818,18.0,42843.0,177.23
1789955865.818,100.0,42843.0,598.28
1789955866.819,100.0,42843.0,601.09
1789955867.819,100.0,42843.0,599.77
1789955868.819,100.0,42843.0,601.63
1789955869.819,100.0,42843.0,599.02
1789955870.819,100.0,42843.0,600.72
1789955871.819,13.0,42903.0,478.27
1789955872.819,100.0,59083.0,320.25
1789955873.82,100.0,59083.0,568.21
1789955874.82,100.0,59083.0,569.04
1789955875.821,100.0,59083.0,568.68
1789955876.821,100.0,59083.0,569.69
1789955877.821,100.0,59083.0,569.25
1789955878.821,100.0,59083.0,569.47
1789955879.821,100.0,59083.0,568.04
1789955880.821,100.0,59083.0,569.5
1789955881.822,0.0,39281.0,175.59
1789955882.822,20.0,48829.0,98.37
1789955883.822,19.0,59129.0,97.72
1789955884.822,0.0,38685.0,133.56
1789955885.822,2.0,43247.0,94.72
1789955886.822,0.0,39061.0,109.41
1789955887.822,98.0,39413.0,405.79
1789955888.823,98.0,39413.0,571.77
1789955889.823,100.0,39413.0,572.04
1789955890.823,100.0,39413.0,571.81
1789955891.823,0.0,38847.0,201.84
1789955892.823,100.0,42843.0,487.06
1789955893.823,100.0,42843.0,601.95
1789955894.823,100.0,42843.0,599.13
1789955895.824,100.0,42843.0,601.4
1789955896.824,99.0,42843.0,601.13
1789955897.824,100.0,42843.0,601.22
1789955898.824,100.0,42843.0,600.13
1789955899.824,12.0,51271.0,255.86
1789955900.824,100.0,59083.0,526.47
1789955901.824,100.0,59083.0,569.43
1789955902.825,100.0,59083.0,563.51
1789955903.825,100.0,59083.0,567.28
1789955904.825,100.0,59083.0,568.05
1789955905.825,100.0,59083.0,566.87
1789955906.826,100.0,59083.0,569.84
1789955907.826,100.0,59083.0,567.07
1789955908.826,44.0,39281.0,341.27
1789955909.826,17.0,44205.0,97.28
1789955910.826,19.0,54603.0,98.17
1789955911.826,0.0,61715.0,102.62
1789955912.826,17.0,42511.0,127.63
1789955913.826,28.0,46191.0,109.79
1789955914.827,99.0,39411.0,220.45
1789955915.827,100.0,39413.0,571.38
1789955916.827,100.0,39413.0,571.06
1789955917.827,100.0,39413.0,571.78
1789955918.827,22.0,40615.0,387.13
1789955919.828,100.0,42843.0,279.69
1789955920.828,100.0,42843.0,600.82
1789955921.828,100.0,42843.0,601.96
1789955922.828,100.0,42843.0,597.62
1789955923.828,100.0,42843.0,601.6
1789955924.828,100.0,42843.0,597.76
1789955925.828,100.0,42843.0,603.52
1789955926.828,58.0,39337.0,365.83
1789955927.829,100.0,59083.0,422.05
1789955928.829,100.0,59083.0,566.54
1789955929.829,100.0,59083.0,570.04
1789955930.829,100.0,59083.0,571.59
1789955931.829,100.0,59083.0,564.61
1789955932.829,100.0,59083.0,571.63
1789955933.829,100.0,59083.0,567.79
1789955934.829,100.0,59083.0,568.45
1789955935.83,100.0,62895.0,529.44
1789955936.83,4.0,41201.0,99.14
1789955937.83,19.0,49469.0,98.9
1789955938.83,17.0,59705.0,97.51
1789955939.83,30.0,38685.0,135.06
1789955940.83,14.0,43247.0,94.6
1789955941.83,0.0,39169.0,110.83
1789955942.831,100.0,39413.0,468.81
1789955943.831,100.0,39413.0,574.58
1789955944.831,100.0,39413.0,572.26
1789955945.831,100.0,39413.0,572.52
1789955946.831,12.0,38847.0,152.85
1789955947.831,100.0,42843.0,544.66
1789955948.832,100.0,42843.0,601.79
1789955949.832,100.0,42843.0,599.61
1789955950.832,100.0,42843.0,601.87
1789955951.832,100.0,42843.0,598.5
1789955952.832,100.0,42843.0,600.76
1789955953.832,100.0,42843.0,597.53
1789955954.832,100.0,59083.0,238.74
1789955955.833,100.0,59083.0,539.8
1789955956.833,100.0,59083.0,568.92
1789955957.833,100.0,59083.0,567.91
1789955958.833,100.0,59083.0,565.95
1789955959.833,100.0,59083.0,569.81
1789955960.833,100.0,59083.0,567.18
1789955961.833,100.0,59083.0,568.95
1789955962.834,100.0,59083.0,570.62
1789955963.834,0.0,39281.0,335.6
1789955964.834,18.0,44781.0,97.43
1789955965.834,19.0,55053.0,98.21
1789955966.834,0.0,61809.0,102.23
1789955967.834,20.0,42511.0,134.39
1789955968.835,66.0,46191.0,109.57
1789955969.835,1.0,39411.0,106.7
1789955970.835,98.0,39413.0,571.4
1789955971.835,98.0,39413.0,574.41
1789955972.835,100.0,39413.0,570.84
1789955973.835,16.0,40615.0,489.89
1789955974.836,87.0,42843.0,181.67
1789955975.836,100.0,42843.0,599.36
1789955976.836,100.0,42843.0,602.73
1789955977.836,100.0,42843.0,597.82
1789955978.836,100.0,42843.0,602.0
1789955979.836,100.0,42843.0,600.0
1789955980.836,100.0,42843.0,601.65
1789955981.837,8.0,42903.0,480.81
1789955982.837,100.0,59083.0,322.47
1789955983.837,100.0,59083.0,566.95
1789955984.837,100.0,59083.0,568.69
1789955985.837,100.0,59083.0,568.67
1789955986.837,100.0,59083.0,569.42
1789955987.838,100.0,59083.0,568.55
1789955988.838,100.0,59083.0,569.61
1789955989.838,100.0,59083.0,569.95
1789955990.838,100.0,59083.0,569.72
1789955991.838,0.0,39281.0,167.7
1789955992.838,18.0,47619.0,98.14
1789955993.839,18.0,57799.0,97.98
1789955994.839,0.0,38709.0,130.25
1789955995.839,0.0,43247.0,97.7
1789955996.839,14.0,39057.0,110.66
1789955997.839,100.0,39413.0,337.56
1789955998.839,100.0,39413.0,570.44
1789955999.839,98.0,39413.0,572.43
1789956000.839,98.0,39413.0,571.21
1789956001.84,2.0,39381.0,278.89
1789956002.84,100.0,42843.0,344.48
1789956003.851,100.0,43404.0,601.58
1789956004.852,100.0,42843.0,598.67
1789956006.13,100.0,42843.0,602.0
1789956007.13,99.0,42843.0,599.75
1789956008.133,100.0,42843.0,600.63
1789956009.133,100.0,42843.0,600.38
1789956010.133,0.0,51271.0,237.6
1789956011.133,100.0,59083.0,528.58
1789956012.133,100.0,59083.0,569.58
1789956013.133,100.0,59083.0,563.84
1789956014.133,100.0,59083.0,571.16
1789956015.134,100.0,59083.0,570.66
1789956016.134,100.0,59083.0,568.12
1789956017.134,100.0,59083.0,570.79
1789956018.134,100.0,59083.0,564.32
1789956019.134,3.0,39279.0,341.67
1789956020.134,20.0,44779.0,97.84
1789956021.135,19.0,55035.0,98.05
1789956022.135,0.0,61807.0,121.34
1789956023.135,19.0,42511.0,110.71
1789956024.135,61.0,46191.0,110.32
1789956025.135,100.0,39411.0,225.64
1789956026.136,100.0,39413.0,570.41
1789956027.136,100.0,39413.0,572.03
1789956028.136,100.0,39413.0,573.6
1789956029.136,36.0,40615.0,385.16
1789956030.136,100.0,42843.0,286.63
1789956031.136,100.0,42843.0,603.11
1789956032.136,100.0,42843.0,601.45
1789956033.136,100.0,42843.0,599.12
1789956034.137,100.0,42843.0,602.15
1789956035.137,100.0,42843.0,598.67
1789956036.137,100.0,42843.0,602.82
1789956037.137,0.0,39337.0,372.12
1789956038.137,100.0,59083.0,427.54
1789956039.138,100.0,59083.0,568.23
1789956040.138,100.0,59083.0,568.27
1789956041.138,100.0,59083.0,565.5
1789956042.138,100.0,59083.0,572.45
1789956043.138,100.0,59083.0,573.05
1789956044.138,100.0,59083.0,567.25
1789956045.138,100.0,59083.0,571.65
1789956046.139,100.0,62895.0,560.07
1789956047.139,4.0,41201.0,102.26
1789956048.139,19.0,49697.0,98.72
1789956049.139,18.0,59705.0,97.88
1789956050.139,40.0,38685.0,134.87
1789956051.139,14.0,43247.0,94.95
1789956052.139,0.0,39115.0,109.93
1789956053.14,100.0,39413.0,388.78
1789956054.14,100.0,39413.0,571.08
1789956055.14,100.0,39413.0,575.18
1789956056.14,100.0,39413.0,575.14
1789956057.14,3.0,38847.0,216.17
1789956058.14,100.0,42843.0,461.08
1789956059.14,100.0,42843.0,601.63
1789956060.141,100.0,42843.0,598.38
1789956061.141,100.0,42843.0,601.8
1789956062.141,99.0,42843.0,599.71
1789956063.141,100.0,42843.0,600.62
1789956064.141,100.0,42843.0,602.58
1789956065.141,18.0,40731.0,226.43
1789956066.142,100.0,59083.0,531.18
1789956067.142,100.0,59083.0,568.27
1789956068.142,100.0,59083.0,569.88
1789956069.142,100.0,59083.0,569.52
1789956070.142,100.0,59083.0,567.89
1789956071.142,100.0,59083.0,572.15
1789956072.143,100.0,59083.0,566.99
1789956073.143,100.0,59083.0,570.07
1789956074.143,37.0,39281.0,378.16
1789956075.143,17.0,43565.0,97.26
1789956076.143,20.0,53751.0,98.33
1789956077.143,0.0,61313.0,96.84
1789956078.144,15.0,41871.0,134.24
1789956079.144,1.0,46191.0,94.22
1789956080.144,28.0,39411.0,155.16
1789956081.144,98.0,39413.0,571.83
1789956082.144,99.0,39413.0,575.96
1789956083.145,100.0,39413.0,574.42
1789956084.145,14.0,40615.0,455.86
1789956085.145,99.0,42843.0,205.11
1789956086.145,100.0,42843.0,600.75
1789956087.145,100.0,42843.0,601.01
1789956088.145,100.0,42843.0,598.15
1789956089.145,100.0,42843.0,602.11
1789956090.146,100.0,42843.0,599.77
1789956091.146,100.0,42843.0,603.48
1789956092.146,8.0,42903.0,461.48
1789956093.146,100.0,59083.0,331.48
1789956094.146,100.0,59083.0,570.26
1789956095.146,100.0,59083.0,568.31
1789956096.147,100.0,59083.0,568.9
1789956097.147,100.0,59083.0,568.7
1789956098.147,100.0,59083.0,569.0
1789956099.147,100.0,59083.0,569.08
1789956100.147,100.0,59083.0,569.79
1789956101.147,100.0,62895.0,569.87
1789956102.147,4.0,39281.0,148.7
1789956103.148,19.0,48715.0,98.49
1789956104.148,18.0,58895.0,97.95
1789956105.148,26.0,38685.0,134.45
1789956106.148,14.0,43247.0,94.89
1789956107.148,0.0,39061.0,110.06
1789956108.149,100.0,39413.0,405.96
1789956109.149,100.0,39413.0,574.03
1789956110.149,100.0,39413.0,573.35
1789956111.149,100.0,39413.0,572.91
1789956112.149,5.0,38739.0,212.46
1789956113.15,100.0,42843.0,449.39
1789956114.15,100.0,42843.0,603.21
1789956115.15,100.0,42843.0,600.59
1789956116.15,100.0,42843.0,602.31
1789956117.15,99.0,42843.0,601.44
1789956118.15,100.0,42843.0,599.06
1789956119.15,100.0,42843.0,601.04
1789956120.151,36.0,40731.0,234.2
1789956121.151,100.0,59083.0,537.17
1789956122.151,100.0,59083.0,567.84
1789956123.151,100.0,59083.0,569.58
1789956124.151,100.0,59083.0,573.01
1789956125.152,100.0,59083.0,566.51
1789956126.152,100.0,59083.0,571.34
1789956127.152,100.0,59083.0,570.55
1789956128.154,100.0,59083.0,567.72
1789956129.154,25.0,39281.0,388.08
1789956130.154,17.0,43131.0,97.45
1789956131.154,19.0,53197.0,98.43
1789956132.155,0.0,61313.0,96.97
1789956133.155,19.0,41423.0,132.48
1789956134.155,0.0,43247.0,93.87
1789956135.155,5.0,39057.0,109.8
1789956136.155,100.0,39411.0,285.85
1789956137.156,100.0,39413.0,573.57
1789956138.156,100.0,39413.0,575.03
1789956139.156,98.0,39413.0,573.35
1789956140.156,2.0,39381.0,324.87
1789956141.156,100.0,42843.0,328.23
1789956142.156,100.0,42843.0,599.32
1789956143.157,100.0,42843.0,601.07
1789956144.157,100.0,42843.0,600.97
1789956145.157,100.0,42843.0,602.31
1789956146.157,100.0,42843.0,599.52
1789956147.158,100.0,42843.0,603.19
1789956148.158,48.0,39337.0,368.94
1789956149.158,100.0,59083.0,398.12
1789956150.158,100.0,59083.0,570.74
1789956151.158,100.0,59083.0,567.34
1789956152.158,100.0,59083.0,566.77
1789956153.159,100.0,59083.0,570.4
1789956154.159,100.0,59083.0,567.33
1789956155.159,100.0,59083.0,567.6
1789956156.159,100.0,59083.0,572.47
1789956157.159,100.0,62895.0,552.45
1789956158.159,2.0,41201.0,99.39
1789956159.16,18.0,49903.0,98.81
1789956160.16,17.0,59835.0,97.85
1789956161.16,0.0,38685.0,134.72
1789956162.16,0.0,43247.0,94.9
1789956163.16,13.0,39061.0,110.42
1789956164.161,100.0,39413.0,388.42
1789956165.161,98.0,39413.0,574.89
1789956166.161,98.0,39413.0,576.26
1789956167.161,99.0,39413.0,574.56
1789956168.161,0.0,38685.0,221.65
1789956169.162,100.0,42843.0,401.01
1789956170.162,100.0,42843.0,600.63
1789956171.162,100.0,42843.0,598.97
1789956172.162,100.0,42843.0,603.9
1789956173.162,100.0,42843.0,600.73
1789956174.162,100.0,42843.0,600.45
1789956175.162,100.0,42843.0,601.98
1789956176.163,7.0,40731.0,258.3
1789956177.163,100.0,59083.0,513.92
1789956178.163,100.0,59083.0,565.64
1789956179.163,100.0,59083.0,570.61
1789956180.163,100.0,59083.0,563.83
1789956181.163,100.0,59083.0,570.71
1789956182.164,100.0,59083.0,569.73
1789956183.164,100.0,59083.0,566.74
1789956184.164,100.0,59083.0,569.25
1789956185.164,0.0,39281.0,437.37
1789956186.164,12.0,42355.0,97.33
1789956187.164,19.0,52535.0,98.17
1789956188.165,18.0,61313.0,97.31
1789956189.165,15.0,40717.0,134.83
1789956190.165,2.0,44719.0,94.14
1789956191.165,0.0,39411.0,133.11
1789956192.165,100.0,39413.0,570.81
1789956193.165,98.0,39413.0,575.52
1789956194.165,98.0,39413.0,575.89
1789956195.166,21.0,40615.0,481.33
1789956196.166,13.0,42843.0,174.92
1789956197.166,100.0,42843.0,602.45
1789956198.166,100.0,42843.0,601.98
1789956199.166,100.0,42843.0,599.96
1789956200.166,100.0,42843.0,603.36
1789956201.167,100.0,42843.0,599.41
1789956202.167,100.0,42843.0,601.33
1789956203.167,14.0,42903.0,486.29
1789956204.167,100.0,59083.0,309.48
1789956205.167,100.0,59083.0,567.75
1789956206.168,100.0,59083.0,567.75
1789956207.168,100.0,59083.0,569.4
1789956208.168,100.0,59083.0,568.86
1789956209.168,100.0,59083.0,569.81
1789956210.168,100.0,59083.0,569.38
1789956211.168,100.0,59083.0,570.32
1789956212.169,100.0,59083.0,568.13
1789956213.169,0.0,39281.0,190.07
1789956214.182,18.0,47559.0,98.58
1789956215.182,20.0,57799.0,98.25
1789956216.183,11.0,50153.0,133.22
1789956217.183,0.0,42511.0,97.84
1789956218.183,0.0,39057.0,110.91
1789956219.183,100.0,39413.0,303.74
1789956220.183,100.0,39413.0,571.88
1789956221.183,100.0,39413.0,575.17
1789956222.184,100.0,39413.0,574.06
1789956223.184,0.0,39381.0,301.93
1789956224.184,100.0,42843.0,353.02
1789956225.184,100.0,42843.0,602.72
1789956226.184,99.0,42843.0,599.72
1789956227.184,100.0,42843.0,600.08
1789956228.185,100.0,42843.0,601.72
1789956229.185,100.0,42843.0,598.92
1789956230.185,100.0,42843.0,602.43
1789956231.185,0.0,39337.0,295.4
1789956232.185,100.0,59083.0,463.77
1789956233.185,100.0,59083.0,564.55
1789956234.186,100.0,59083.0,569.93
1789956235.186,100.0,59083.0,570.99
1789956236.186,100.0,59083.0,570.64
1789956237.186,100.0,59083.0,574.21
1789956238.186,100.0,59083.0,565.95
1789956239.186,100.0,59083.0,568.1
1789956240.187,39.0,62895.0,458.21
1789956241.187,4.0,41201.0,99.2
1789956242.187,19.0,49789.0,98.61
1789956243.187,17.0,60025.0,97.78
1789956244.187,44.0,38685.0,133.04
1789956245.187,14.0,43247.0,94.68
1789956246.187,1.0,39169.0,110.61
1789956247.188,100.0,39413.0,467.19
1789956248.188,100.0,39413.0,572.29
1789956249.188,100.0,39413.0,570.82
1789956250.188,100.0,39413.0,573.84
1789956251.188,3.0,38847.0,144.19
1789956252.188,100.0,42843.0,524.15
1789956253.189,100.0,42843.0,600.9
1789956254.189,100.0,42843.0,599.4
1789956255.189,100.0,42843.0,601.97
1789956256.189,99.0,42843.0,600.78
1789956257.189,100.0,42843.0,600.29
1789956258.189,100.0,42843.0,601.56
1789956259.189,26.0,51271.0,236.52
1789956260.19,100.0,59083.0,520.37
1789956261.19,100.0,59083.0,568.77
1789956262.19,100.0,59083.0,566.92
1789956263.19,100.0,59083.0,566.52
1789956264.19,100.0,59083.0,574.31
1789956265.191,100.0,59083.0,570.77
1789956266.191,100.0,59083.0,566.87
1789956267.191,100.0,59083.0,574.45
1789956268.191,0.0,39281.0,363.78
1789956269.191,18.0,44205.0,97.68
1789956270.192,19.0,54413.0,98.5
1789956271.192,0.0,61621.0,96.97
1789956272.192,20.0,42255.0,135.52
1789956273.192,37.0,46191.0,94.48
1789956274.192,87.0,39411.0,146.31
1789956275.193,100.0,39413.0,571.11
1789956276.193,100.0,39413.0,574.42
1789956277.193,100.0,39413.0,573.53
1789956278.193,13.0,40615.0,456.8
1789956279.193,100.0,42843.0,190.83
1789956280.193,100.0,42843.0,599.19
1789956281.193,100.0,42843.0,601.09
1789956282.193,100.0,42843.0,598.12
1789956283.194,100.0,42843.0,601.74
1789956284.194,100.0,42843.0,599.21
1789956285.194,100.0,42843.0,600.82
1789956286.194,30.0,42903.0,477.23
1789956287.194,100.0,59083.0,318.52
1789956288.194,100.0,59083.0,567.35
1789956289.194,100.0,59083.0,569.03
1789956290.194,100.0,59083.0,567.52
1789956291.195,100.0,59083.0,569.62
1789956292.195,100.0,59083.0,569.4
1789956293.195,100.0,59083.0,568.25
1789956294.195,100.0,59083.0,570.35
1789956295.195,100.0,59083.0,569.47
1789956296.195,0.0,39281.0,172.16
1789956297.196,18.0,47961.0,98.65
1789956298.196,20.0,57913.0,98.15
1789956299.196,0.0,61809.0,132.06
1789956300.196,12.0,42511.0,97.85
1789956301.196,0.0,46191.0,109.5
1789956302.196,100.0,39411.0,223.36
1789956303.197,100.0,39413.0,572.84
1789956304.197,100.0,39413.0,573.85
1789956305.197,100.0,39413.0,576.04
1789956306.197,0.0,40615.0,390.09
1789956307.197,100.0,42843.0,282.17
1789956308.197,100.0,42843.0,600.76
1789956309.197,99.0,42843.0,601.18
1789956310.198,100.0,42843.0,598.68
1789956311.198,100.0,42843.0,602.79
1789956312.198,100.0,42843.0,600.6
1789956313.198,100.0,42843.0,602.68
1789956314.198,0.0,39337.0,374.75
1789956315.198,100.0,59083.0,411.56
1789956316.198,100.0,59083.0,568.53
1789956317.199,100.0,59083.0,566.19
1789956318.199,100.0,59083.0,568.42
1789956319.199,100.0,59083.0,568.77
1789956320.199,100.0,59083.0,569.91
1789956321.199,100.0,59083.0,569.05
1789956322.199,100.0,59083.0,566.7
1789956323.2,87.0,62895.0,549.13
1789956324.2,13.0,41201.0,100.09
1789956325.2,18.0,50479.0,98.36
1789956326.2,19.0,60459.0,97.83
1789956327.2,0.0,38685.0,133.12
1789956328.2,0.0,43247.0,94.82
1789956329.2,4.0,39169.0,110.87
1789956330.201,100.0,39413.0,451.76
1789956331.201,100.0,39413.0,574.49
1789956332.201,100.0,39413.0,574.98
1789956333.201,100.0,39413.0,572.33
1789956334.201,12.0,38847.0,160.46
1789956335.201,100.0,42843.0,516.8
1789956336.201,100.0,42843.0,601.36
1789956337.202,100.0,42843.0,597.83
1789956338.202,100.0,42843.0,601.64
1789956339.202,100.0,42843.0,600.38
1789956340.202,100.0,42843.0,599.71
1789956341.202,100.0,42843.0,601.93
1789956342.202,100.0,51271.0,235.79
1789956343.202,100.0,59083.0,532.07
1789956344.203,100.0,59083.0,570.31
1789956345.203,100.0,59083.0,565.28
1789956346.203,100.0,59083.0,570.06
1789956347.203,100.0,59083.0,572.78
1789956348.203,100.0,59083.0,565.58
1789956349.204,100.0,59083.0,567.55
1789956350.204,100.0,59083.0,574.06
1789956351.204,44.0,39281.0,361.49
1789956352.204,18.0,43581.0,97.05
1789956353.204,18.0,53675.0,98.3
1789956354.204,14.0,61313.0,97.18
1789956355.205,14.0,41101.0,133.46
1789956356.205,0.0,44719.0,94.42
1789956357.205,0.0,39411.0,110.98
1789956358.205,100.0,39413.0,554.84
1789956359.205,100.0,39413.0,570.62
1789956360.205,100.0,39413.0,574.13
1789956361.205,70.0,39845.0,520.6
1789956362.205,0.0,42843.0,122.33
1789956363.206,100.0,42843.0,597.24
1789956364.206,100.0,42843.0,602.59
1789956365.206,100.0,42843.0,599.0
1789956366.206,100.0,42843.0,603.21
1789956367.206,100.0,42843.0,600.4
1789956368.206,100.0,42843.0,600.61
1789956369.206,63.0,42899.0,524.69
1789956370.206,100.0,59083.0,282.3
1789956371.206,100.0,59083.0,549.23
1789956372.207,100.0,59083.0,569.95
1789956373.207,100.0,59083.0,567.17
1789956374.207,100.0,59083.0,569.95
1789956375.207,100.0,59083.0,567.1
1789956376.207,100.0,59083.0,569.23
1789956377.207,100.0,59083.0,570.58
1789956378.207,100.0,59083.0,568.87
1789956379.207,0.0,39281.0,238.65
1789956380.208,18.0,47081.0,97.95
1789956381.208,18.0,57365.0,97.96
1789956382.208,70.0,59947.0,133.59
1789956383.208,12.0,42511.0,97.85
1789956384.228,13.0,39057.0,109.18
1789956385.228,100.0,39411.0,268.87
1789956386.228,100.0,39413.0,573.91
1789956387.228,100.0,39413.0,576.24
1789956388.229,100.0,39413.0,575.14
1789956389.229,0.0,39381.0,348.61
1789956390.229,100.0,42843.0,332.06
1789956391.229,100.0,42843.0,600.8
1789956392.229,99.0,42843.0,602.62
1789956393.229,100.0,42843.0,599.07
1789956394.229,100.0,42843.0,602.08
1789956395.23,100.0,42843.0,599.97
1789956396.23,100.0,42843.0,600.52
1789956397.23,0.0,39337.0,331.71
1789956398.23,100.0,59083.0,448.27
1789956399.23,100.0,59083.0,568.97
1789956400.23,100.0,59083.0,566.64
1789956401.231,100.0,59083.0,569.78
1789956402.231,100.0,59083.0,569.66
1789956403.231,100.0,59083.0,566.63
1789956404.231,100.0,59083.0,571.64
1789956405.231,100.0,59083.0,568.35
1789956406.231,66.0,62895.0,480.55
1789956407.231,36.0,41921.0,100.21
1789956408.231,19.0,52101.0,98.33
1789956409.232,20.0,61313.0,97.81
1789956410.232,0.0,39821.0,131.75
1789956411.232,0.0,43249.0,94.55
1789956412.232,6.0,39169.0,111.26
1789956413.232,100.0,39413.0,497.02
1789956414.232,100.0,39413.0,572.51
1789956415.232,100.0,39413.0,576.47
1789956416.233,100.0,39413.0,565.63
1789956417.233,12.0,38847.0,113.63
1789956418.234,100.0,42843.0,542.55
1789956419.234,100.0,42843.0,600.98
1789956420.234,100.0,42843.0,599.64
1789956421.235,100.0,42843.0,601.51
1789956422.235,100.0,42843.0,599.14
1789956423.235,100.0,42843.0,604.07
1789956424.235,100.0,42843.0,590.17
1789956425.235,69.0,59083.0,229.74
1789956426.235,100.0,59083.0,535.66
1789956427.235,100.0,59083.0,571.58
1789956428.235,100.0,59083.0,566.22
1789956429.236,100.0,59083.0,570.31
1789956430.236,100.0,59083.0,568.7
1789956431.236,100.0,59083.0,568.09
1789956432.236,100.0,59083.0,573.53
1789956433.236,100.0,59083.0,565.27
1789956434.236,20.0,39281.0,315.84
1789956435.236,17.0,43771.0,97.13
1789956436.237,20.0,53865.0,98.03
1789956437.237,11.0,61313.0,96.51
1789956438.237,16.0,41615.0,135.71
1789956439.237,0.0,46191.0,94.11
1789956440.237,0.0,39411.0,146.05
1789956441.237,100.0,39413.0,567.93
1789956442.237,100.0,39413.0,572.59
1789956443.238,99.0,39413.0,576.33
1789956444.238,61.0,40615.0,466.06
1789956445.238,0.0,42843.0,201.4
1789956446.238,100.0,42843.0,601.05
1789956447.238,100.0,42843.0,600.84
1789956448.244,100.0,42843.0,598.15
1789956449.244,100.0,42843.0,601.51
1789956450.244,100.0,42843.0,598.66
1789956451.244,100.0,42843.0,602.73
1789956452.244,8.0,42903.0,467.55
1789956453.244,100.0,59083.0,310.58
1789956454.244,100.0,59083.0,567.79
1789956455.244,100.0,59083.0,569.32
1789956456.245,100.0,59083.0,568.14
1789956457.245,100.0,59083.0,568.63
1789956458.245,100.0,59083.0,569.97
1789956459.245,100.0,59083.0,568.13
1789956460.245,100.0,59083.0,569.79
1789956461.246,100.0,59083.0,569.88
1789956462.246,0.0,39281.0,172.84
1789956463.262,19.0,47499.0,98.38
1789956464.262,12.0,54847.0,97.08
1789956465.262,11.0,61313.0,96.28
1789956466.262,16.0,41005.0,133.55
1789956467.263,4.0,46191.0,93.97
1789956468.263,0.0,39411.0,136.0
1789956469.263,100.0,39413.0,568.08
1789956470.263,98.0,39413.0,574.03
1789956471.263,98.0,39413.0,574.94
1789956472.264,12.0,40615.0,477.32
1789956473.264,20.0,42843.0,181.79
1789956474.264,100.0,42843.0,600.77
1789956475.264,100.0,42843.0,600.19
1789956476.264,100.0,42843.0,600.48
1789956477.265,100.0,42843.0,602.26
1789956478.265,100.0,42843.0,599.94
1789956479.265,100.0,42843.0,602.19
1789956480.265,13.0,42903.0,480.95
1789956481.265,100.0,59083.0,318.52
1789956482.266,100.0,59083.0,566.95
1789956483.266,100.0,59083.0,568.98
1789956484.266,100.0,59083.0,568.06
1789956485.266,100.0,59083.0,568.72
1789956486.266,100.0,59083.0,569.43
1789956487.267,100.0,59083.0,568.06
1789956488.267,100.0,59083.0,569.51
1789956489.267,100.0,59083.0,569.82
1789956490.267,0.0,39281.0,172.53
1789956491.268,17.0,46403.0,97.97
1789956492.268,18.0,56497.0,97.86
1789956493.269,68.0,61809.0,132.05
1789956494.269,13.0,42511.0,97.56
1789956495.269,0.0,39057.0,110.79
1789956496.276,100.0,39411.0,286.61
1789956497.276,100.0,39413.0,571.4
1789956498.276,100.0,39413.0,572.17
1789956499.277,100.0,39413.0,576.98
1789956500.277,0.0,39381.0,321.79
1789956501.277,100.0,42843.0,329.08
1789956502.277,100.0,42843.0,600.16
1789956503.277,100.0,42843.0,600.67
1789956504.278,100.0,42843.0,601.92
1789956505.278,100.0,42843.0,598.93
1789956506.278,100.0,42843.0,600.73
1789956507.278,100.0,42843.0,603.42
1789956508.278,0.0,39337.0,333.86
1789956509.278,100.0,59083.0,444.35
1789956510.278,100.0,59083.0,565.19
1789956511.279,100.0,59083.0,573.74
1789956512.279,100.0,59083.0,564.43
1789956513.279,100.0,59083.0,567.73
1789956514.279,100.0,59083.0,570.88
1789956515.279,100.0,59083.0,564.47
1789956516.279,100.0,59083.0,570.97
1789956517.279,95.0,62895.0,545.59
1789956518.279,4.0,41201.0,99.29
1789956519.28,19.0,49583.0,98.67
1789956520.28,18.0,59591.0,97.88
1789956521.28,24.0,38685.0,134.69
1789956522.28,1.0,43247.0,94.77
1789956523.28,6.0,39057.0,109.97
1789956524.28,98.0,39413.0,352.69
1789956525.28,98.0,39413.0,571.67
1789956526.281,98.0,39413.0,573.19
1789956527.281,100.0,39413.0,573.42
1789956528.281,0.0,38793.0,251.67
1789956529.281,100.0,42843.0,420.45
1789956530.281,100.0,42843.0,601.11
1789956531.281,100.0,42843.0,599.34
1789956532.281,100.0,42843.0,598.62
1789956533.282,100.0,42843.0,602.22
1789956534.282,100.0,42843.0,601.58
1789956535.282,100.0,42843.0,603.06
1789956536.282,0.0,40731.0,240.67
1789956537.282,100.0,59083.0,539.18
1789956538.282,100.0,59083.0,565.5
1789956539.282,100.0,59083.0,572.37
1789956540.283,100.0,59083.0,568.9
1789956541.283,100.0,59083.0,565.19
1789956542.283,100.0,59083.0,570.12
1789956543.283,100.0,59083.0,564.43
1789956544.283,100.0,59083.0,569.04
1789956545.283,29.0,39281.0,404.12
1789956546.283,17.0,43451.0,97.26
1789956547.284,20.0,53675.0,98.37
1789956548.284,0.0,61313.0,96.82
1789956549.284,19.0,41615.0,134.78
1789956550.284,8.0,46191.0,94.15
1789956551.284,31.0,39411.0,128.77
1789956552.285,98.0,39413.0,568.65
1789956553.285,99.0,39413.0,570.9
1789956554.285,100.0,39413.0,574.69
1789956555.285,15.0,40615.0,487.54
1789956556.285,83.0,42843.0,158.19
1789956557.285,100.0,42843.0,598.12
1789956558.285,100.0,42843.0,599.81
1789956559.285,100.0,42843.0,600.01
1789956560.286,100.0,42843.0,601.98
1789956561.286,100.0,42843.0,600.87
1789956562.287,100.0,42843.0,601.71
1789956563.288,8.0,42903.0,497.67
1789956564.288,100.0,59083.0,298.45
1789956565.288,100.0,59083.0,565.78
1789956566.288,100.0,59083.0,567.56
1789956567.288,100.0,59083.0,568.13
1789956568.288,100.0,59083.0,569.22
1789956569.288,100.0,59083.0,567.47
1789956570.289,100.0,59083.0,569.01
1789956571.289,100.0,59083.0,566.83
1789956572.289,100.0,59083.0,570.07
1789956573.289,0.0,39281.0,208.93
1789956574.289,17.0,46723.0,97.83
1789956575.289,19.0,56931.0,97.85
1789956576.29,13.0,61809.0,132.44
1789956577.29,0.0,42511.0,97.5
1789956578.29,0.0,39057.0,110.2
1789956579.293,100.0,39411.0,260.56
1789956580.293,100.0,39413.0,571.45
1789956581.293,100.0,39413.0,571.84
1789956582.294,100.0,39413.0,573.7
1789956583.294,0.0,39381.0,347.43
1789956584.294,100.0,42843.0,302.04
1789956585.294,100.0,42843.0,599.44
1789956586.294,99.0,42843.0,600.96
1789956587.295,100.0,42843.0,601.28
1789956588.295,100.0,42843.0,600.67
1789956589.295,100.0,42843.0,599.91
1789956590.295,100.0,42843.0,602.88
1789956591.295,0.0,39337.0,346.45
1789956592.295,100.0,59083.0,439.68
1789956593.296,100.0,59083.0,567.79
1789956594.296,100.0,59083.0,567.71
1789956595.296,100.0,59083.0,569.74
1789956596.296,100.0,59083.0,568.15
1789956597.296,100.0,59083.0,566.71
1789956598.296,100.0,59083.0,570.95
1789956599.297,100.0,59083.0,567.62
1789956600.297,25.0,62895.0,500.71
1789956601.297,36.0,41201.0,99.86
1789956602.297,18.0,51027.0,98.35
1789956603.297,20.0,61213.0,97.51
1789956604.298,0.0,39145.0,133.0
1789956605.298,0.0,43247.0,94.45
1789956606.298,7.0,39169.0,110.91
1789956607.298,100.0,39413.0,472.39
1789956608.298,100.0,39413.0,574.4
1789956609.298,100.0,39413.0,574.12
1789956610.299,100.0,39413.0,572.58
1789956611.299,6.0,38847.0,137.88
1789956612.299,100.0,42843.0,545.44
1789956613.299,100.0,42843.0,600.74
1789956614.299,100.0,42843.0,599.66
1789956615.299,100.0,42843.0,603.35
1789956616.299,100.0,42843.0,598.57
1789956617.3,100.0,42843.0,603.7
1789956618.3,100.0,42843.0,593.64
1789956619.3,100.0,56683.0,240.19
1789956620.301,100.0,59083.0,535.33
1789956621.301,100.0,59083.0,564.96
1789956622.301,100.0,59083.0,567.22
1789956623.301,100.0,59083.0,568.24
1789956624.301,100.0,59083.0,567.42
1789956625.301,100.0,59083.0,569.94
1789956626.302,100.0,59083.0,566.61
1789956627.302,100.0,59083.0,570.69
1789956628.302,0.0,39281.0,347.32
1789956629.302,0.0,41201.0,96.21
1789956630.302,19.0,50479.0,97.69
1789956631.303,18.0,60703.0,97.44
1789956632.303,30.0,38685.0,132.43
1789956633.303,14.0,43247.0,94.37
1789956634.303,0.0,39169.0,110.03
1789956635.303,100.0,39413.0,425.0
1789956636.303,100.0,39413.0,570.38
1789956637.304,100.0,39413.0,571.9
1789956638.304,100.0,39413.0,573.39
1789956639.304,5.0,38847.0,182.65
1789956640.304,100.0,42843.0,508.46
1789956641.304,100.0,42843.0,604.07
1789956642.305,100.0,42843.0,599.9
1789956643.305,100.0,42843.0,599.32
1789956644.305,100.0,42843.0,599.0
1789956645.305,100.0,42843.0,601.27
1789956646.305,100.0,42843.0,599.21
1789956647.306,78.0,58283.0,245.49
1789956648.306,100.0,59083.0,531.26
1789956649.306,100.0,59083.0,564.7
1789956650.306,100.0,59083.0,570.56
1789956651.306,100.0,59083.0,570.17
1789956652.307,100.0,59083.0,565.09
1789956653.307,100.0,59083.0,568.52
1789956654.307,100.0,59083.0,570.36
1789956655.307,100.0,59083.0,566.79
1789956656.308,18.0,39281.0,337.01
1789956657.308,18.0,44941.0,97.22
1789956658.308,18.0,55053.0,98.01
1789956659.308,0.0,61809.0,106.7
1789956660.308,20.0,42511.0,130.35
1789956661.308,27.0,46191.0,109.56
1789956662.309,66.0,39411.0,183.8
1789956663.309,99.0,39413.0,572.3
1789956664.309,100.0,39413.0,572.25
1789956665.309,100.0,39413.0,571.3
1789956666.309,14.0,40615.0,424.69
1789956667.309,100.0,42843.0,230.25
1789956668.31,100.0,42843.0,598.91
1789956669.31,100.0,42843.0,600.16
1789956670.31,100.0,42843.0,601.55
1789956671.31,100.0,42843.0,602.71
1789956672.31,100.0,42843.0,595.93
1789956673.31,100.0,42843.0,602.22
1789956674.31,21.0,42903.0,419.15
1789956675.311,100.0,59083.0,346.72
1789956676.311,100.0,59083.0,566.86
1789956677.311,100.0,59083.0,566.92
1789956678.311,100.0,59083.0,570.92
1789956679.311,100.0,59083.0,570.6
1789956680.311,100.0,59083.0,568.24
1789956681.311,100.0,59083.0,569.05
1789956682.312,100.0,59083.0,569.1
1789956683.312,100.0,62895.0,565.71
1789956684.312,0.0,39281.0,126.51
1789956685.312,20.0,49279.0,98.42
1789956686.312,18.0,59477.0,97.76
1789956687.312,2.0,38685.0,133.77
1789956688.312,2.0,43247.0,94.57
1789956689.313,1.0,39061.0,109.96
1789956690.313,98.0,39413.0,403.82
1789956691.313,98.0,39413.0,570.52
1789956692.313,98.0,39413.0,572.01
1789956693.313,100.0,39413.0,576.25
1789956694.313,0.0,38847.0,209.09
1789956695.314,100.0,42843.0,473.75
1789956696.314,100.0,42843.0,601.34
1789956697.314,100.0,42843.0,599.18
1789956698.314,100.0,42843.0,603.18
1789956699.314,100.0,42843.0,600.42
1789956700.314,100.0,42843.0,600.25
1789956701.314,100.0,42843.0,600.85
1789956702.315,0.0,40731.0,248.71
1789956703.315,100.0,59083.0,519.15
1789956704.315,100.0,59083.0,565.28
1789956705.315,100.0,59083.0,573.99
1789956706.315,100.0,59083.0,566.48
1789956707.315,100.0,59083.0,573.73
1789956708.315,100.0,59083.0,567.57
1789956709.315,100.0,59083.0,568.98
1789956710.316,100.0,59083.0,570.76
1789956711.316,44.0,39281.0,352.48
1789956712.316,17.0,43223.0,96.97
1789956713.316,18.0,53257.0,98.05
1789956714.316,6.0,61313.0,96.64
1789956715.316,13.0,40845.0,132.81
1789956716.316,4.0,44719.0,93.79
1789956717.316,0.0,39411.0,135.88
1789956718.317,99.0,39413.0,569.02
1789956719.317,98.0,39413.0,572.59
1789956720.317,98.0,39413.0,576.07
1789956721.317,13.0,39917.0,475.98
1789956722.317,59.0,42843.0,189.9
1789956723.317,100.0,42843.0,601.17
1789956724.317,100.0,42843.0,601.25
1789956725.317,100.0,42843.0,598.38
1789956726.318,100.0,42843.0,602.15
1789956727.318,100.0,42843.0,599.89
1789956728.318,100.0,42843.0,601.8
1789956729.318,9.0,42903.0,509.93
1789956730.318,100.0,59083.0,293.04
1789956731.318,100.0,59083.0,558.8
1789956732.319,100.0,59083.0,569.39
1789956733.319,100.0,59083.0,566.98
1789956734.319,100.0,59083.0,566.78
1789956735.319,100.0,59083.0,570.58
1789956736.319,100.0,59083.0,567.42
1789956737.32,100.0,59083.0,569.33
1789956738.32,100.0,59083.0,571.07
1789956739.32,0.0,39281.0,155.85
1789956740.35,18.0,47385.0,98.07
1789956741.35,18.0,57045.0,97.47
1789956742.351,51.0,61809.0,132.35
1789956743.351,2.0,42511.0,97.39
1789956744.351,0.0,39057.0,110.01
1789956745.351,100.0,39411.0,302.4
1789956746.351,100.0,39413.0,572.98
1789956747.352,100.0,39413.0,570.14
1789956748.352,100.0,39413.0,571.32
1789956749.352,0.0,39381.0,312.37
1789956750.352,100.0,42843.0,338.79
1789956751.352,100.0,42843.0,600.3
1789956752.353,99.0,42843.0,601.04
1789956753.353,100.0,42843.0,599.52
1789956754.353,100.0,42843.0,600.45
1789956755.353,100.0,42843.0,596.97
1789956756.353,100.0,42843.0,602.57
1789956757.354,0.0,39337.0,321.97
1789956758.354,100.0,59083.0,453.19
1789956759.354,100.0,59083.0,572.42
1789956760.354,100.0,59083.0,564.72
1789956761.354,100.0,59083.0,567.04
1789956762.355,100.0,59083.0,567.92
1789956763.355,100.0,59083.0,567.08
1789956764.355,100.0,59083.0,572.27
1789956765.355,100.0,59083.0,566.85
1789956766.355,48.0,62895.0,526.1
1789956767.356,0.0,41201.0,99.01
1789956768.356,18.0,50593.0,98.52
1789956769.356,19.0,60779.0,97.6
1789956770.356,0.0,38885.0,133.26
1789956771.356,0.0,43247.0,94.58
1789956772.357,4.0,39169.0,109.95
1789956773.357,100.0,39413.0,449.49
1789956774.357,100.0,39413.0,572.12
1789956775.357,100.0,39413.0,573.25
1789956776.357,100.0,39413.0,575.94
1789956777.358,6.0,38847.0,152.5
1789956778.358,100.0,42843.0,536.11
1789956779.358,100.0,42843.0,602.14
1789956780.358,100.0,42843.0,599.63
1789956781.358,100.0,42843.0,603.02
1789956782.359,100.0,42843.0,598.33
1789956783.359,100.0,42843.0,600.2
1789956784.359,100.0,42843.0,596.89
1789956785.359,100.0,59083.0,237.69
1789956786.359,100.0,59083.0,537.26
1789956787.36,100.0,59083.0,571.29
1789956788.36,100.0,59083.0,566.64
1789956789.36,100.0,59083.0,569.77
1789956790.36,100.0,59083.0,568.47
1789956791.36,100.0,59083.0,568.2
1789956792.361,100.0,59083.0,569.99
1789956793.361,100.0,59083.0,565.43
1789956794.361,0.0,39281.0,290.97
1789956795.361,18.0,45535.0,97.26
1789956796.361,20.0,55715.0,97.44
1789956797.362,13.0,61809.0,131.08
1789956798.362,20.0,42511.0,101.74
1789956799.362,62.0,46191.0,109.0
1789956800.362,100.0,39411.0,223.4
1789956801.362,100.0,39413.0,571.57
1789956802.363,100.0,39413.0,572.47
1789956803.363,100.0,39413.0,573.14
1789956804.363,34.0,40615.0,388.2
1789956805.363,100.0,42843.0,262.2
1789956806.363,100.0,42843.0,601.29
1789956807.364,99.0,42843.0,601.09
1789956808.364,100.0,42843.0,597.77
1789956809.364,100.0,42843.0,602.49
1789956810.364,100.0,42843.0,598.84
1789956811.364,100.0,42843.0,602.08
1789956812.365,0.0,42903.0,395.77
1789956813.365,100.0,59083.0,376.75
1789956814.365,100.0,59083.0,570.34
1789956815.365,100.0,59083.0,564.86
1789956816.365,100.0,59083.0,567.55
1789956817.365,100.0,59083.0,568.73
1789956818.366,100.0,59083.0,565.39
1789956819.366,100.0,59083.0,568.6
1789956820.366,100.0,59083.0,571.63
1789956821.366,69.0,62895.0,550.8
1789956822.366,0.0,41201.0,99.54
1789956823.366,19.0,49903.0,98.4
1789956824.366,19.0,60139.0,97.31
1789956825.366,0.0,38685.0,133.58
1789956826.367,7.0,43247.0,94.46
1789956827.367,6.0,39057.0,109.41
1789956828.367,100.0,39411.0,273.67
1789956829.367,100.0,39413.0,573.92
1789956830.367,100.0,39413.0,575.03
1789956831.367,98.0,39413.0,571.71
1789956832.368,2.0,39381.0,338.6
1789956833.368,100.0,42843.0,345.39
1789956834.368,100.0,42843.0,600.01
1789956835.368,100.0,42843.0,599.69
1789956836.368,100.0,42843.0,601.07
1789956837.368,100.0,42843.0,600.65
1789956838.368,100.0,42843.0,601.01
1789956839.369,100.0,42843.0,602.48
1789956840.369,7.0,39337.0,306.9
1789956841.369,100.0,59083.0,468.64
1789956842.369,100.0,59083.0,569.87
1789956843.369,100.0,59083.0,570.36
1789956844.369,100.0,59083.0,570.4
1789956845.369,100.0,59083.0,573.53
1789956846.37,100.0,59083.0,570.45
1789956847.37,100.0,59083.0,568.46
1789956848.37,100.0,59083.0,568.78
1789956849.37,0.0,62895.0,453.03
1789956850.37,14.0,41459.0,99.47
1789956851.37,19.0,51507.0,97.76
1789956852.37,17.0,61313.0,97.38
1789956853.371,4.0,39437.0,134.22
1789956854.371,0.0,43247.0,94.07
1789956855.376,3.0,39169.0,109.67
1789956856.376,100.0,39413.0,517.97
1789956857.376,100.0,39413.0,574.04
1789956858.376,100.0,39413.0,571.81
1789956859.376,100.0,39413.0,553.5
1789956860.376,0.0,38847.0,113.89
1789956861.377,100.0,42843.0,545.54
1789956862.377,100.0,42843.0,601.52
1789956863.378,100.0,42843.0,598.54
1789956864.378,100.0,42843.0,601.5
1789956865.379,100.0,42843.0,598.2
1789956866.379,100.0,42843.0,600.77
1789956867.379,100.0,42843.0,593.29
1789956868.379,100.0,58283.0,232.54
1789956869.379,100.0,59083.0,539.05
1789956870.38,100.0,59083.0,569.42
1789956871.38,100.0,59083.0,570.33
1789956872.38,100.0,59083.0,566.24
1789956873.38,100.0,59083.0,570.91
1789956874.38,100.0,59083.0,568.01
1789956875.38,100.0,59083.0,566.05
1789956876.381,100.0,59083.0,575.05
1789956877.381,44.0,39281.0,341.91
1789956878.381,17.0,44895.0,97.12
1789956879.381,20.0,54961.0,97.85
1789956880.381,2.0,61777.0,96.23
1789956881.382,15.0,42511.0,134.08
1789956882.382,4.0,46191.0,108.57
1789956883.382,1.0,39411.0,167.86
1789956884.382,98.0,39413.0,572.69
1789956885.382,98.0,39413.0,573.74
1789956886.382,99.0,39413.0,572.63
1789956887.382,15.0,40615.0,444.35
1789956888.383,99.0,42843.0,230.11
1789956889.383,100.0,42843.0,600.45
1789956890.383,100.0,42843.0,598.79
1789956891.383,100.0,42843.0,601.29
1789956892.383,100.0,42843.0,599.86
1789956893.383,100.0,42843.0,598.46
1789956894.383,100.0,42843.0,600.14
1789956895.384,8.0,42903.0,418.52
1789956896.384,100.0,59083.0,346.09
1789956897.384,100.0,59083.0,566.82
1789956898.384,100.0,59083.0,571.01
1789956899.384,100.0,59083.0,567.71
1789956900.385,100.0,59083.0,569.57
1789956901.385,100.0,59083.0,569.73
1789956902.385,100.0,59083.0,569.37
1789956903.385,100.0,59083.0,568.75
1789956904.386,100.0,63454.0,566.39
1789956905.387,0.0,39281.0,127.63
1789956906.387,17.0,44319.0,97.23
1789956907.387,17.0,53751.0,97.6
1789956908.387,11.0,61313.0,96.5
1789956909.388,12.0,40845.0,132.91
1789956910.388,0.0,44719.0,93.63
1789956911.388,0.0,39411.0,119.73
1789956912.388,100.0,39413.0,566.44
1789956913.388,100.0,39413.0,571.97
1789956914.388,98.0,39413.0,572.2
1789956915.389,43.0,40615.0,493.46
1789956916.389,0.0,42843.0,161.2
1789956917.389,100.0,42843.0,598.88
1789956918.389,100.0,42843.0,600.0
1789956919.389,100.0,42843.0,597.37
1789956920.39,100.0,42843.0,600.31
1789956921.39,100.0,42843.0,600.01
1789956922.39,100.0,42843.0,600.29
1789956923.39,16.0,42903.0,488.75
1789956924.39,100.0,59083.0,303.98
1789956925.39,100.0,59083.0,564.62
1789956926.39,100.0,59083.0,568.24
1789956927.391,100.0,59083.0,568.87
1789956928.391,100.0,59083.0,567.53
1789956929.391,100.0,59083.0,567.95
1789956930.391,100.0,59083.0,570.12
1789956931.391,100.0,59083.0,567.18
1789956932.391,100.0,59083.0,570.92
1789956933.391,0.0,39281.0,200.05
1789956934.391,19.0,46517.0,97.77
1789956935.392,20.0,56931.0,97.75
1789956936.392,91.0,61809.0,132.07
1789956937.392,5.0,42511.0,97.3
1789956938.392,0.0,39057.0,110.72
1789956939.392,100.0,39413.0,319.24
1789956940.393,100.0,39413.0,573.05
1789956941.393,100.0,39413.0,572.26
1789956942.393,100.0,39413.0,570.95
1789956943.393,0.0,39381.0,289.6
1789956944.393,100.0,42843.0,354.48
1789956945.393,100.0,42843.0,598.28
1789956946.393,99.0,42843.0,598.76
1789956947.394,100.0,42843.0,600.83
1789956948.394,100.0,42843.0,598.8
1789956949.394,100.0,42843.0,597.05
1789956950.394,100.0,42843.0,601.84
1789956951.394,0.0,39337.0,308.34
1789956952.394,100.0,59083.0,458.2
1789956953.394,100.0,59083.0,573.33
1789956954.395,100.0,59083.0,570.35
1789956955.395,100.0,59083.0,570.38
1789956956.395,100.0,59083.0,573.24
1789956957.395,100.0,59083.0,564.89
1789956958.395,100.0,59083.0,573.77
1789956959.396,100.0,59083.0,567.88
1789956960.396,48.0,62895.0,460.03
1789956961.396,4.0,41201.0,99.36
1789956962.396,19.0,50251.0,97.96
1789956963.397,16.0,60345.0,97.43
1789956964.397,40.0,38685.0,133.76
1789956965.397,16.0,43247.0,94.52
1789956966.397,1.0,39169.0,110.6
1789956967.397,100.0,39413.0,461.04
1789956968.397,100.0,39413.0,571.31
1789956969.398,100.0,39413.0,570.66
1789956970.398,100.0,39413.0,572.32
1789956971.398,4.0,38847.0,155.25
1789956972.398,100.0,42843.0,527.37
1789956973.398,100.0,42843.0,600.1
1789956974.399,100.0,42843.0,599.08
1789956975.399,100.0,42843.0,601.2
1789956976.399,99.0,42843.0,600.2
1789956977.399,100.0,42843.0,598.63
1789956978.399,100.0,42843.0,601.38
1789956979.4,39.0,51271.0,240.44
1789956980.4,100.0,59083.0,521.67
1789956981.4,100.0,59083.0,564.28
1789956982.4,100.0,59083.0,569.44
1789956983.401,100.0,59083.0,566.51
1789956984.401,100.0,59083.0,570.07
1789956985.401,100.0,59083.0,569.78
1789956986.401,100.0,59083.0,570.28
1789956987.401,100.0,59083.0,567.13
1789956988.402,0.0,39281.0,353.09
1789956989.402,18.0,44941.0,97.31
1789956990.402,12.0,54603.0,97.93
1789956991.402,11.0,61243.0,96.09
1789956992.402,1.0,38685.0,131.39
1789956993.402,0.0,43247.0,94.33
1789956994.402,4.0,39169.0,109.94
1789956995.403,100.0,39413.0,434.03
1789956996.403,100.0,39413.0,573.57
1789956997.403,100.0,39413.0,573.07
1789956998.403,100.0,39413.0,571.73
1789956999.403,12.0,38847.0,182.87
1789957000.403,100.0,42843.0,486.05
1789957001.404,100.0,42843.0,601.84
1789957002.404,100.0,42843.0,598.85
1789957003.404,100.0,42843.0,599.76
1789957004.404,100.0,42843.0,599.46
1789957005.404,100.0,42843.0,600.33
1789957006.405,100.0,42843.0,599.33
1789957007.405,100.0,51271.0,251.87
1789957008.405,100.0,59083.0,524.28
1789957009.405,100.0,59083.0,567.88
1789957010.405,100.0,59083.0,570.08
1789957011.405,100.0,59083.0,568.36
1789957012.406,100.0,59083.0,564.98
1789957013.406,100.0,59083.0,569.53
1789957014.406,100.0,59083.0,571.58
1789957015.406,100.0,59083.0,569.95
1789957016.406,0.0,39281.0,347.62
1789957017.406,17.0,42149.0,96.59
1789957018.407,20.0,52405.0,97.9
1789957019.407,16.0,61313.0,97.34
1789957020.407,16.0,40333.0,133.3
1789957021.407,3.0,43249.0,93.98
1789957022.407,0.0,39411.0,109.84
1789957023.407,100.0,39413.0,547.41
1789957024.408,100.0,39413.0,570.33
1789957025.408,98.0,39413.0,570.66
1789957026.408,33.0,39737.0,522.12
1789957027.408,8.0,42843.0,132.35
1789957028.408,100.0,42843.0,596.01
1789957029.408,100.0,42843.0,600.88
1789957030.408,100.0,42843.0,598.39
1789957031.409,100.0,42843.0,600.9
1789957032.409,100.0,42843.0,598.39
1789957033.409,100.0,42843.0,600.74
1789957034.409,15.0,42899.0,515.19
1789957035.409,100.0,59083.0,296.51
1789957036.41,100.0,59083.0,553.97
1789957037.41,100.0,59083.0,569.83
1789957038.41,100.0,59083.0,569.3
1789957039.41,100.0,59083.0,567.07
1789957040.41,100.0,59083.0,570.61
1789957041.41,100.0,59083.0,569.88
1789957042.411,100.0,59083.0,570.5
1789957043.411,100.0,59083.0,567.8
1789957044.411,0.0,39281.0,223.57
1789957045.411,17.0,46289.0,97.72
1789957046.411,20.0,56611.0,97.82
1789957047.412,46.0,61809.0,130.76
1789957048.412,2.0,42511.0,97.39
1789957049.412,0.0,39057.0,110.97
1789957050.412,100.0,39411.0,286.06
1789957051.412,100.0,39413.0,571.42
1789957052.412,100.0,39413.0,572.09
1789957053.412,100.0,39413.0,575.85
1789957054.413,0.0,39381.0,325.25
1789957055.413,100.0,42843.0,337.81
1789957056.413,100.0,42843.0,600.32
1789957057.413,100.0,42843.0,600.9
1789957058.413,100.0,42843.0,599.85
1789957059.413,100.0,42843.0,602.61
1789957060.414,100.0,42843.0,598.7
1789957061.414,100.0,42843.0,601.82
1789957062.414,7.0,39337.0,311.12
1789957063.414,100.0,59083.0,457.54
1789957064.414,100.0,59083.0,573.78
1789957065.414,100.0,59083.0,568.59
1789957066.414,100.0,59083.0,567.02
1789957067.415,100.0,59083.0,572.29
1789957068.415,100.0,59083.0,566.26
1789957069.415,100.0,59083.0,571.79
1789957070.415,100.0,59083.0,567.0
1789957071.415,83.0,62679.0,529.67
1789957072.415,0.0,41459.0,99.41
1789957073.416,18.0,51667.0,98.21
1789957074.416,19.0,61313.0,97.47
1789957075.416,0.0,39565.0,134.14
1789957076.416,0.0,43247.0,94.53
1789957077.416,1.0,39169.0,110.07
1789957078.416,100.0,39413.0,462.64
1789957079.416,100.0,39413.0,572.36
1789957080.417,100.0,39413.0,572.19
1789957081.417,100.0,39413.0,571.68
1789957082.417,9.0,38847.0,156.24
1789957083.417,100.0,42843.0,518.83
1789957084.417,100.0,42843.0,599.78
1789957085.417,100.0,42843.0,599.18
1789957086.417,100.0,42843.0,602.26
1789957087.418,100.0,42843.0,599.12
1789957088.418,100.0,42843.0,597.72
1789957089.418,100.0,42843.0,601.78
1789957090.418,70.0,58283.0,230.27
1789957091.418,100.0,59083.0,527.55
1789957092.418,100.0,59083.0,568.79
1789957093.418,100.0,59083.0,568.0
1789957094.419,100.0,59083.0,566.54
1789957095.419,100.0,59083.0,572.11
1789957096.419,100.0,59083.0,568.41
1789957097.419,100.0,59083.0,570.55
1789957098.419,100.0,59083.0,570.31
1789957099.419,26.0,39281.0,335.89
1789957100.42,18.0,44987.0,97.75
1789957101.42,18.0,55167.0,98.15
1789957102.42,0.0,61809.0,103.75
1789957103.42,18.0,42511.0,134.79
1789957104.42,5.0,46191.0,109.05
1789957105.421,11.0,39411.0,160.2
1789957106.421,98.0,39413.0,571.15
1789957107.421,98.0,39413.0,571.96
1789957108.421,100.0,39413.0,573.51
1789957109.421,15.0,40615.0,454.72
1789957110.421,99.0,42843.0,213.04
1789957111.422,100.0,42843.0,600.65
1789957112.422,100.0,42843.0,600.27
1789957113.422,100.0,42843.0,599.27
1789957114.422,100.0,42843.0,601.86
1789957115.422,100.0,42843.0,599.43
1789957116.422,100.0,42843.0,600.98
1789957117.422,8.0,42903.0,431.9
1789957118.422,100.0,59083.0,341.99
1789957119.423,100.0,59083.0,567.42
1789957120.423,100.0,59083.0,568.87
1789957121.423,100.0,59083.0,570.86
1789957122.423,100.0,59083.0,567.62
1789957123.423,100.0,59083.0,570.01
1789957124.423,100.0,59083.0,570.36
1789957125.423,100.0,59083.0,569.01
1789957126.424,100.0,62895.0,569.81
1789957127.424,0.0,39281.0,135.2
1789957128.424,18.0,47847.0,98.23
1789957129.424,19.0,57685.0,97.78
1789957130.424,66.0,61809.0,131.09
1789957131.425,16.0,42511.0,97.57
1789957132.425,19.0,39057.0,110.57
1789957133.425,100.0,39411.0,267.23
1789957134.425,100.0,39413.0,571.21
1789957135.425,100.0,39413.0,574.11
1789957136.425,100.0,39413.0,575.7
1789957137.425,26.0,39381.0,342.08
1789957138.425,100.0,42843.0,319.01
1789957139.426,100.0,42843.0,599.01
1789957140.426,100.0,42843.0,599.12
1789957141.426,100.0,42843.0,599.65
1789957142.426,100.0,42843.0,599.1
1789957143.426,100.0,42843.0,599.62
1789957144.426,100.0,42843.0,601.08
1789957145.426,4.0,39337.0,338.01
1789957146.427,100.0,59083.0,434.08
1789957147.427,100.0,59083.0,568.77
1789957148.427,100.0,59083.0,568.17
1789957149.427,100.0,59083.0,571.22
1789957150.427,100.0,59083.0,568.82
1789957151.427,100.0,59083.0,568.75
1789957152.427,100.0,59083.0,571.59
1789957153.428,100.0,59083.0,567.79
1789957154.428,46.0,62895.0,500.45
1789957155.428,0.0,41201.0,98.95
1789957156.428,14.0,46517.0,97.93
1789957157.428,12.0,55281.0,97.36
1789957158.428,0.0,61715.0,112.0
1789957159.428,19.0,42511.0,124.63
1789957160.429,70.0,46191.0,109.75
1789957161.429,100.0,39411.0,207.85
1789957162.429,100.0,39413.0,573.45
1789957163.429,100.0,39413.0,573.4
1789957164.429,100.0,39413.0,572.97
1789957165.43,36.0,40615.0,405.31
1789957166.43,100.0,42843.0,279.19
1789957167.43,100.0,42843.0,599.45
1789957168.43,100.0,42843.0,601.03
1789957169.43,100.0,42843.0,599.07
1789957170.431,100.0,42843.0,598.98
1789957171.431,100.0,42843.0,599.99
1789957172.431,100.0,42843.0,601.06
1789957173.431,0.0,42777.0,374.3
1789957174.431,100.0,59083.0,421.36
1789957175.431,100.0,59083.0,568.77
1789957176.431,100.0,59083.0,567.12
1789957177.432,100.0,59083.0,572.14
1789957178.432,100.0,59083.0,570.31
1789957179.432,100.0,59083.0,572.12
1789957180.433,100.0,59083.0,568.61
1789957181.433,100.0,59083.0,567.32
1789957182.433,100.0,62895.0,567.22
1789957183.433,4.0,39281.0,108.82
1789957184.433,17.0,49035.0,98.39
1789957185.435,17.0,58667.0,97.66
1789957186.435,0.0,38685.0,133.05
1789957187.469,0.0,43247.0,94.78
1789957188.469,3.0,39059.0,110.28
1789957189.469,98.0,39413.0,392.82
1789957190.47,98.0,39413.0,571.35
1789957191.47,98.0,39413.0,572.09
1789957192.47,100.0,39413.0,572.74
1789957193.47,0.0,38739.0,216.39
1789957194.47,100.0,42843.0,446.58
1789957195.47,100.0,42843.0,601.31
1789957196.471,100.0,42843.0,599.07
1789957197.471,100.0,42843.0,600.87
1789957198.471,100.0,42843.0,598.55
1789957199.471,100.0,42843.0,601.22
1789957200.471,100.0,42843.0,600.32
1789957201.471,0.0,40731.0,251.05
1789957202.471,100.0,59083.0,526.86
1789957203.472,100.0,59083.0,569.49
1789957204.472,100.0,59083.0,572.92
1789957205.472,100.0,59083.0,571.5
1789957206.472,100.0,59083.0,565.69
1789957207.472,100.0,59083.0,574.84
1789957208.473,100.0,59083.0,569.91
1789957209.473,100.0,59083.0,568.92
1789957210.473,28.0,39281.0,368.25
1789957211.473,18.0,42697.0,97.15
1789957212.473,20.0,52839.0,98.34
1789957213.473,19.0,61313.0,97.19
1789957214.474,13.0,40717.0,135.04
1789957215.474,0.0,44719.0,94.34
1789957216.474,0.0,39411.0,110.52
1789957217.474,100.0,39413.0,540.67
1789957218.474,100.0,39413.0,571.58
1789957219.474,98.0,39413.0,571.88
1789957220.475,49.0,39917.0,522.08
1789957221.475,23.0,42843.0,149.91
1789957222.475,100.0,42843.0,600.28
1789957223.475,100.0,42843.0,600.85
1789957224.475,100.0,42843.0,599.85
1789957225.475,100.0,42843.0,600.52
1789957226.476,100.0,42843.0,600.03
1789957227.476,100.0,42843.0,601.39
1789957228.476,12.0,42903.0,497.77
1789957229.476,100.0,59083.0,299.2
1789957230.476,100.0,59083.0,563.86
1789957231.476,100.0,59083.0,569.55
1789957232.477,100.0,59083.0,568.06
1789957233.477,100.0,59083.0,567.88
1789957234.477,100.0,59083.0,569.86
1789957235.477,100.0,59083.0,567.09
1789957236.477,100.0,59083.0,571.42
1789957237.477,100.0,59083.0,566.3
1789957238.478,0.0,39281.0,206.69
1789957239.478,18.0,46951.0,98.08
1789957240.479,20.0,57175.0,98.15
1789957241.48,61.0,61809.0,131.5
1789957242.48,0.0,42511.0,97.82
1789957243.48,0.0,39057.0,110.44
1789957244.48,100.0,39413.0,314.81
1789957245.481,100.0,39413.0,574.28
1789957246.481,100.0,39413.0,574.19
1789957247.482,100.0,39413.0,571.66
1789957248.482,0.0,39381.0,290.33
1789957249.482,100.0,42843.0,350.04
1789957250.483,100.0,42843.0,599.1
1789957251.483,100.0,42843.0,599.84
1789957252.483,100.0,42843.0,600.52
1789957253.483,100.0,42843.0,599.95
1789957254.483,100.0,42843.0,598.68
1789957255.483,100.0,42843.0,602.26
1789957256.484,0.0,39337.0,307.68
1789957257.484,100.0,59083.0,461.64
1789957258.484,100.0,59083.0,574.56
1789957259.484,100.0,59083.0,564.68
1789957260.484,100.0,59083.0,570.96
1789957261.484,100.0,59083.0,573.48
1789957262.485,100.0,59083.0,570.6
1789957263.485,100.0,59083.0,567.78
1789957264.485,100.0,59083.0,572.6
1789957265.485,0.0,39281.0,464.6
1789957266.485,38.0,41201.0,99.74
1789957267.486,18.0,50799.0,98.25
1789957268.486,19.0,60779.0,97.76
1789957269.486,0.0,39061.0,133.66
1789957270.486,0.0,43247.0,94.68
1789957271.486,12.0,39169.0,111.43
1789957272.487,100.0,39413.0,459.49
1789957273.487,100.0,39413.0,570.92
1789957274.487,100.0,39413.0,571.45
1789957275.487,100.0,39413.0,571.91
1789957276.487,2.0,38847.0,147.85
1789957277.488,100.0,42843.0,535.14
1789957278.488,100.0,42843.0,601.87
1789957279.488,100.0,42843.0,598.42
1789957280.488,100.0,42843.0,601.31
1789957281.488,100.0,42843.0,599.97
1789957282.489,100.0,42843.0,599.75
1789957283.489,100.0,42843.0,600.41
1789957284.489,100.0,58283.0,240.77
1789957285.489,100.0,59083.0,535.81
1789957286.489,100.0,59083.0,571.61
1789957287.489,100.0,59083.0,566.4
1789957288.49,100.0,59083.0,568.36
1789957289.49,100.0,59083.0,569.9
1789957290.49,100.0,59083.0,565.34
1789957291.49,100.0,59083.0,569.95
1789957292.49,100.0,59083.0,569.35
1789957293.49,0.0,39281.0,304.04
1789957294.491,20.0,44091.0,97.48
1789957295.491,19.0,54299.0,98.16
1789957296.491,0.0,61457.0,96.45
1789957297.491,19.0,42255.0,134.52
1789957298.491,61.0,46191.0,109.71
1789957299.492,100.0,39411.0,178.31
1789957300.492,100.0,39413.0,570.59
1789957301.492,100.0,39413.0,573.02
1789957302.492,100.0,39413.0,573.97
1789957303.492,38.0,40615.0,433.94
1789957304.493,100.0,42843.0,238.66
1789957305.493,100.0,42843.0,601.48
1789957306.493,100.0,42843.0,599.53
1789957307.493,100.0,42843.0,599.45
1789957308.493,100.0,42843.0,602.25
1789957309.493,100.0,42843.0,597.65
1789957310.494,100.0,42843.0,602.14
1789957311.494,32.0,42903.0,406.02
1789957312.494,100.0,59083.0,373.98
1789957313.494,100.0,59083.0,569.52
1789957314.494,100.0,59083.0,568.08
1789957315.494,100.0,59083.0,565.61
1789957316.495,100.0,59083.0,567.34
1789957317.495,100.0,59083.0,568.94
1789957318.495,100.0,59083.0,568.42
1789957319.495,100.0,59083.0,569.52
1789957320.495,100.0,62895.0,569.54
1789957321.496,0.0,39281.0,142.49
1789957322.496,17.0,45535.0,97.22
1789957323.496,18.0,55395.0,97.68
1789957324.496,0.0,61809.0,99.01
1789957325.496,13.0,42511.0,130.67
1789957326.497,1.0,46191.0,109.81
1789957327.497,26.0,39411.0,193.72
1789957328.497,98.0,39413.0,573.0
1789957329.497,99.0,39413.0,573.46
1789957330.497,100.0,39413.0,573.38
1789957331.497,15.0,40615.0,414.69
1789957332.498,99.0,42843.0,251.32
1789957333.498,100.0,42843.0,602.29
1789957334.498,100.0,42843.0,598.88
1789957335.498,100.0,42843.0,598.81
1789957336.498,100.0,42843.0,602.83
1789957337.498,100.0,42843.0,598.01
1789957338.499,100.0,42843.0,600.57
1789957339.499,56.0,41517.0,410.15
1789957340.499,100.0,59083.0,367.57
1789957341.499,100.0,59083.0,568.77
1789957342.499,100.0,59083.0,569.31
1789957343.499,100.0,59083.0,565.14
1789957344.5,100.0,59083.0,568.32
1789957345.5,100.0,59083.0,572.58
1789957346.5,100.0,59083.0,567.21
1789957347.5,100.0,59083.0,573.26
1789957348.5,100.0,62895.0,558.1
1789957349.5,0.0,39281.0,100.94
1789957350.501,19.0,49309.0,98.44
1789957351.501,18.0,59417.0,97.81
1789957352.501,14.0,38685.0,134.1
1789957353.501,2.0,43247.0,94.77
1789957354.501,0.0,39057.0,110.15
1789957355.501,100.0,39413.0,361.22
1789957356.502,98.0,39413.0,571.99
1789957357.502,98.0,39413.0,571.48
1789957358.502,98.0,39413.0,572.03
1789957359.502,0.0,38685.0,249.94
1789957360.502,100.0,42843.0,410.65
1789957361.502,100.0,42843.0,599.78
1789957362.503,100.0,42843.0,598.1
1789957363.503,100.0,42843.0,599.96
1789957364.504,100.0,42843.0,600.94
1789957365.504,100.0,42843.0,599.99
1789957366.504,100.0,42843.0,600.12
1789957367.504,0.0,40731.0,251.67
1789957368.504,100.0,59083.0,531.53
1789957369.504,100.0,59083.0,570.1
1789957370.505,100.0,59083.0,569.54
1789957371.505,100.0,59083.0,564.1
1789957372.505,100.0,59083.0,573.51
1789957373.505,100.0,59083.0,569.47
1789957374.505,100.0,59083.0,565.47
1789957375.506,100.0,59083.0,570.33
1789957376.506,0.0,39281.0,408.3
1789957377.506,41.0,42149.0,96.92
1789957378.506,19.0,52345.0,98.35
1789957379.506,19.0,61313.0,97.39
1789957380.506,0.0,40237.0,132.12
1789957381.506,0.0,43249.0,94.25
1789957382.507,6.0,39411.0,109.54
1789957383.507,100.0,39413.0,560.13
1789957384.507,100.0,39413.0,571.45
1789957385.507,100.0,39413.0,572.54
1789957386.507,100.0,39737.0,513.11
1789957387.507,0.0,42843.0,149.41
1789957388.508,100.0,42843.0,600.84
1789957389.508,100.0,42843.0,601.13
1789957390.508,100.0,42843.0,598.35
1789957391.508,100.0,42843.0,602.24
1789957392.508,100.0,42843.0,598.32
1789957393.508,100.0,42843.0,602.93
1789957394.508,62.0,42901.0,504.23
1789957395.508,100.0,59083.0,292.17
1789957396.509,100.0,59083.0,558.61
1789957397.509,100.0,59083.0,569.91
1789957398.509,100.0,59083.0,567.78
1789957399.509,100.0,59083.0,567.15
1789957400.509,100.0,59083.0,567.39
1789957401.509,100.0,59083.0,570.43
1789957402.51,100.0,59083.0,566.38
1789957403.51,100.0,59083.0,567.28
1789957404.51,0.0,39281.0,216.38
1789957405.51,19.0,46951.0,98.11
1789957406.51,19.0,57045.0,98.17
1789957407.511,77.0,61809.0,132.69
1789957408.511,17.0,42511.0,97.93
1789957409.511,5.0,39057.0,111.21
1789957410.512,100.0,39411.0,285.64
1789957411.512,100.0,39413.0,572.57
1789957412.512,100.0,39413.0,576.54
1789957413.512,100.0,39413.0,575.8
1789957414.512,0.0,39381.0,330.99
1789957415.513,100.0,42843.0,360.08
1789957416.513,100.0,42843.0,600.36
1789957417.513,99.0,42843.0,601.08
1789957418.513,100.0,42843.0,600.19
1789957419.513,100.0,42843.0,600.7
1789957420.513,100.0,42843.0,600.82
1789957421.514,100.0,42843.0,600.51
1789957422.514,7.0,39337.0,304.77
1789957423.514,100.0,59083.0,469.31
1789957424.514,100.0,59083.0,563.74
1789957425.514,100.0,59083.0,569.71
1789957426.514,100.0,59083.0,567.35
1789957427.515,100.0,59083.0,568.23
1789957428.515,100.0,59083.0,568.63
1789957429.515,100.0,59083.0,569.82
1789957430.515,100.0,59083.0,565.0
1789957431.515,1.0,62895.0,512.78
1789957432.515,25.0,41687.0,99.81
1789957433.515,20.0,51781.0,98.38
1789957434.516,17.0,61313.0,97.38
1789957435.516,11.0,39949.0,133.95
1789957436.516,0.0,43249.0,94.41
1789957437.516,0.0,39169.0,110.82
1789957438.516,100.0,39413.0,510.78
1789957439.516,100.0,39413.0,572.15
1789957440.516,100.0,39413.0,571.8
1789957441.517,85.0,39413.0,558.8
1789957442.517,0.0,42843.0,112.82
1789957443.517,100.0,42843.0,574.14
1789957444.517,100.0,42843.0,601.21
1789957445.517,100.0,42843.0,600.35
1789957446.517,100.0,42843.0,600.85
1789957447.517,100.0,42843.0,597.95
1789957448.518,100.0,42843.0,599.98
1789957449.518,50.0,42877.0,555.71
1789957450.518,100.0,59083.0,255.83
1789957451.518,100.0,59083.0,535.33
1789957452.518,100.0,59083.0,565.38
1789957453.519,100.0,59083.0,571.67
1789957454.519,100.0,59083.0,570.97
1789957455.519,100.0,59083.0,565.49
1789957456.519,100.0,59083.0,572.56
1789957457.519,100.0,59083.0,569.05
1789957458.519,100.0,59083.0,568.89
1789957459.519,0.0,39281.0,267.35
1789957460.52,19.0,46403.0,97.7
1789957461.52,19.0,56801.0,97.7
1789957462.52,43.0,61809.0,130.41
1789957463.52,0.0,42511.0,97.64
1789957464.52,0.0,39057.0,110.65
1789957465.52,100.0,39411.0,282.0
1789957466.521,100.0,39413.0,570.26
1789957467.521,100.0,39413.0,573.51
1789957468.521,100.0,39413.0,574.79
1789957469.521,0.0,39381.0,335.4
1789957470.521,100.0,42843.0,320.11
1789957471.521,100.0,42843.0,601.14
1789957472.521,99.0,42843.0,600.23
1789957473.522,100.0,42843.0,599.26
1789957474.522,100.0,42843.0,599.96
1789957475.522,100.0,42843.0,599.63
1789957476.522,100.0,42843.0,600.38
1789957477.522,0.0,39337.0,335.57
1789957478.523,100.0,59083.0,429.01
1789957479.523,100.0,59083.0,570.28
1789957480.523,100.0,59083.0,565.55
1789957481.523,100.0,59083.0,571.49
1789957482.524,100.0,59083.0,566.04
1789957483.524,100.0,59083.0,570.66
1789957484.524,100.0,59083.0,568.68
1789957485.524,100.0,59083.0,566.56
1789957486.524,19.0,62895.0,502.67
1789957487.524,39.0,41429.0,99.79
1789957488.524,19.0,51461.0,98.18
1789957489.525,17.0,61313.0,97.75
1789957490.525,1.0,39565.0,133.27
1789957491.527,0.0,43249.0,94.41
1789957492.527,5.0,39169.0,110.56
1789957493.527,100.0,39413.0,520.41
1789957494.527,100.0,39413.0,572.33
1789957495.527,100.0,39413.0,570.27
1789957496.528,100.0,39413.0,550.03
1789957497.528,0.0,42843.0,113.59
1789957498.528,100.0,42843.0,591.37
1789957499.528,100.0,42843.0,600.25
1789957500.528,100.0,42843.0,600.08
1789957501.529,100.0,42843.0,600.56
1789957502.529,100.0,42843.0,599.46
1789957503.529,100.0,42843.0,598.37
1789957504.529,71.0,42865.0,541.26
1789957505.529,100.0,59083.0,278.88
1789957506.529,100.0,59083.0,542.7
1789957507.529,100.0,59083.0,569.65
1789957508.53,100.0,59083.0,567.6
1789957509.53,100.0,59083.0,570.28
1789957510.53,100.0,59083.0,568.09
1789957511.53,100.0,59083.0,566.68
1789957512.53,100.0,59083.0,570.06
1789957513.53,100.0,59083.0,569.18
1789957514.531,0.0,39281.0,239.48
1789957515.531,19.0,46723.0,98.11
1789957516.531,18.0,57045.0,97.68
1789957517.531,0.0,61809.0,132.04
1789957518.531,0.0,42511.0,97.67
1789957519.531,0.0,46191.0,108.5
1789957520.531,100.0,39411.0,211.6
1789957521.532,100.0,39413.0,572.05
1789957522.532,100.0,39413.0,575.32
1789957523.532,100.0,39413.0,574.22
1789957524.532,15.0,40615.0,450.6
1789957525.532,99.0,42843.0,203.41
1789957526.533,100.0,42843.0,603.07
1789957527.533,100.0,42843.0,600.27
1789957528.533,100.0,42843.0,597.97
1789957529.533,100.0,42843.0,603.77
1789957530.533,100.0,42843.0,599.14
1789957531.533,100.0,42843.0,602.12
1789957532.533,8.0,42903.0,454.65
1789957533.533,100.0,59083.0,335.2
1789957534.533,100.0,59083.0,572.43
1789957535.534,100.0,59083.0,568.03
1789957536.534,100.0,59083.0,569.95
1789957537.534,100.0,59083.0,569.87
1789957538.534,100.0,59083.0,569.67
1789957539.534,100.0,59083.0,569.01
1789957540.534,100.0,59083.0,568.47
1789957541.535,100.0,62895.0,569.9
1789957542.535,0.0,39281.0,142.25
1789957543.535,17.0,47961.0,98.26
1789957544.535,20.0,58119.0,98.07
1789957545.535,12.0,40631.0,132.09
1789957546.535,0.0,43247.0,97.76
1789957547.535,1.0,39057.0,111.25
1789957548.536,100.0,39413.0,345.79
1789957549.536,100.0,39413.0,573.11
1789957550.536,100.0,39413.0,572.33
1789957551.536,98.0,39413.0,572.78
1789957552.536,2.0,38685.0,268.02
1789957553.536,100.0,42843.0,400.29
1789957554.536,100.0,42843.0,599.69
1789957555.537,100.0,42843.0,599.85
1789957556.537,100.0,42843.0,602.35
1789957557.537,100.0,42843.0,600.09
1789957558.537,100.0,42843.0,597.87
1789957559.537,100.0,42843.0,602.76
1789957560.537,7.0,40589.0,263.29
1789957561.538,100.0,59083.0,506.04
1789957562.538,100.0,59083.0,570.64
1789957563.538,100.0,59083.0,568.01
1789957564.538,100.0,59083.0,565.84
1789957565.538,100.0,59083.0,573.81
1789957566.538,100.0,59083.0,566.9
1789957567.538,100.0,59083.0,569.93
1789957568.539,100.0,59083.0,571.97
1789957569.539,0.0,39281.0,440.46
1789957570.539,40.0,42469.0,97.14
1789957571.539,19.0,52779.0,98.28
1789957572.539,18.0,61313.0,97.23
1789957573.539,5.0,40973.0,132.58
1789957574.54,0.0,44719.0,94.01
1789957575.54,0.0,39411.0,120.59
1789957576.54,100.0,39413.0,565.98
1789957577.54,100.0,39413.0,570.76
1789957578.54,100.0,39413.0,574.43
1789957579.541,98.0,39845.0,495.39
1789957580.541,0.0,42843.0,154.9
1789957581.541,100.0,42843.0,596.84
1789957582.541,100.0,42843.0,601.15
1789957583.541,100.0,42843.0,601.58
1789957584.541,100.0,42843.0,600.72
1789957585.542,100.0,42843.0,598.27
1789957586.542,100.0,42843.0,602.31
1789957587.542,69.0,42901.0,489.25
1789957588.542,100.0,59083.0,307.59
1789957589.542,100.0,59083.0,566.85
1789957590.542,100.0,59083.0,569.53
1789957591.543,100.0,59083.0,568.57
1789957592.543,100.0,59083.0,567.85
1789957593.543,100.0,59083.0,571.16
1789957594.543,100.0,59083.0,566.99
1789957595.543,100.0,59083.0,567.22
1789957596.543,100.0,59083.0,570.3
1789957597.543,0.0,39281.0,213.24
1789957598.576,18.0,47733.0,98.19
1789957599.576,20.0,58027.0,98.0
1789957600.576,0.0,38687.0,131.12
1789957601.576,0.0,43247.0,97.47
1789957602.576,14.0,39057.0,111.05
1789957603.577,100.0,39413.0,354.61
1789957604.577,100.0,39413.0,570.65
1789957605.577,98.0,39413.0,571.4
1789957606.577,98.0,39413.0,574.77
1789957607.577,2.0,38681.0,265.06
1789957608.577,100.0,42843.0,401.77
1789957609.577,100.0,42843.0,601.03
1789957610.578,100.0,42843.0,598.5
1789957611.578,100.0,42843.0,599.01
1789957612.578,100.0,42843.0,600.78
1789957613.578,100.0,42843.0,598.43
1789957614.578,100.0,42843.0,602.35
1789957615.579,7.0,39879.0,259.5
1789957616.579,100.0,59083.0,509.4
1789957617.579,100.0,59083.0,573.88
1789957618.579,100.0,59083.0,563.1
1789957619.581,100.0,59083.0,572.04
1789957620.581,100.0,59083.0,567.38
1789957621.581,100.0,59083.0,563.19
1789957622.582,100.0,59083.0,570.51
1789957623.582,100.0,59083.0,568.55
1789957624.582,0.0,39281.0,439.71
1789957625.582,20.0,41429.0,97.05
1789957626.582,19.0,51477.0,98.11
1789957627.582,12.0,58667.0,96.45
1789957628.582,0.0,38685.0,132.87
1789957629.583,0.0,43247.0,94.52
1789957630.583,14.0,39057.0,110.04
1789957631.583,100.0,39413.0,351.04
1789957632.583,100.0,39413.0,571.7
1789957633.583,98.0,39413.0,571.01
1789957634.583,98.0,39413.0,571.95
1789957635.584,2.0,38681.0,252.23
1789957636.584,100.0,42843.0,409.31
1789957637.584,100.0,42843.0,600.12
1789957638.584,100.0,42843.0,600.95
1789957639.584,100.0,42843.0,601.74
1789957640.584,100.0,42843.0,601.47
1789957641.584,100.0,42843.0,598.06
1789957642.585,100.0,42843.0,601.21
1789957643.585,7.0,40447.0,243.51
1789957644.585,100.0,59083.0,538.18
1789957645.585,100.0,59083.0,565.59
1789957646.585,100.0,59083.0,567.25
1789957647.586,100.0,59083.0,572.97
1789957648.586,100.0,59083.0,566.79
1789957649.586,100.0,59083.0,569.65
1789957650.586,100.0,59083.0,567.11
1789957651.586,100.0,59083.0,563.79
1789957652.586,0.0,39281.0,417.53
1789957653.586,16.0,42773.0,97.22
1789957654.587,20.0,52969.0,98.11
1789957655.587,18.0,61313.0,96.85
1789957656.587,17.0,41229.0,133.7
1789957657.587,4.0,46191.0,94.69
1789957658.587,0.0,39411.0,146.08
1789957659.587,100.0,39413.0,569.35
1789957660.588,100.0,39413.0,571.73
1789957661.588,98.0,39413.0,572.85
1789957662.588,42.0,39917.0,513.74
1789957663.588,0.0,42843.0,138.84
1789957664.588,100.0,42843.0,597.61
1789957665.588,100.0,42843.0,601.73
1789957666.588,100.0,42843.0,597.49
1789957667.589,100.0,42843.0,601.3
1789957668.589,100.0,42843.0,599.52
1789957669.589,100.0,42843.0,599.53
1789957670.589,16.0,42903.0,515.33
1789957671.589,100.0,59083.0,290.11
1789957672.589,100.0,59083.0,551.08
1789957673.59,100.0,59083.0,567.3
1789957674.59,100.0,59083.0,569.79
1789957675.59,100.0,59083.0,570.88
1789957676.59,100.0,59083.0,567.71
1789957677.59,100.0,59083.0,566.34
1789957678.59,100.0,59083.0,571.09
1789957679.59,100.0,59083.0,569.63
1789957680.591,0.0,39281.0,232.12
1789957681.591,18.0,45535.0,97.35
1789957682.591,20.0,55829.0,97.72
1789957683.591,87.0,61809.0,126.76
1789957684.591,20.0,41871.0,111.33
1789957685.591,27.0,46191.0,93.86
1789957686.592,81.0,39411.0,142.84
1789957687.592,100.0,39413.0,569.97
1789957688.592,100.0,39413.0,570.73
1789957689.592,100.0,39413.0,571.88
1789957690.592,12.0,40615.0,470.99
1789957691.592,100.0,42843.0,175.14
1789957692.593,100.0,42843.0,600.82
1789957693.593,100.0,42843.0,602.53
1789957694.594,100.0,42843.0,598.08
1789957695.594,100.0,42843.0,602.9
1789957696.594,100.0,42843.0,599.83
1789957697.594,100.0,42843.0,600.74
1789957698.594,16.0,42903.0,479.76
1789957699.595,100.0,59083.0,311.24
1789957700.595,100.0,59083.0,566.64
1789957701.595,100.0,59083.0,568.74
1789957702.596,100.0,59083.0,567.81
1789957703.596,100.0,59083.0,570.05
1789957704.596,100.0,59083.0,569.46
1789957705.596,100.0,59083.0,567.32
1789957706.596,100.0,59083.0,569.02
1789957707.597,100.0,59083.0,568.61
1789957708.597,0.0,39281.0,186.04
1789957709.597,19.0,47733.0,98.28
1789957710.597,19.0,57685.0,97.76
1789957711.597,0.0,49127.0,131.61
1789957712.598,0.0,43247.0,97.61
1789957713.598,13.0,39057.0,109.94
1789957714.598,100.0,39413.0,329.81
1789957715.598,98.0,39413.0,571.45
1789957716.598,98.0,39413.0,570.7
1789957717.598,100.0,39413.0,575.18
1789957718.599,0.0,39381.0,283.07
1789957719.599,100.0,42843.0,392.13
1789957720.599,100.0,42843.0,602.67
1789957721.599,100.0,42843.0,601.89
1789957722.599,100.0,42843.0,600.02
1789957723.599,100.0,42843.0,602.69
1789957724.599,100.0,42843.0,600.0
1789957725.6,100.0,42843.0,600.62
1789957726.6,0.0,40447.0,268.86
1789957727.6,100.0,59083.0,531.43
1789957728.6,100.0,59083.0,563.57
1789957729.6,100.0,59083.0,572.4
1789957730.6,100.0,59083.0,566.4
1789957731.6,100.0,59083.0,568.07
1789957732.601,100.0,59083.0,573.17
1789957733.601,100.0,59083.0,567.82
1789957734.601,100.0,59083.0,567.41
1789957735.601,0.0,39281.0,438.17
1789957736.601,16.0,41801.0,98.22
1789957737.602,19.0,51911.0,97.98
1789957738.602,18.0,61313.0,97.42
1789957739.602,11.0,39853.0,134.12
1789957740.602,0.0,43249.0,94.09
1789957741.602,4.0,39169.0,109.86
1789957742.603,100.0,39413.0,521.34
1789957743.603,100.0,39413.0,575.17
1789957744.603,100.0,39413.0,573.07
1789957745.603,100.0,39413.0,549.22
1789957746.603,0.0,38681.0,111.57
1789957747.603,100.0,42843.0,583.7
1789957748.604,100.0,42843.0,603.24
1789957749.604,100.0,42843.0,599.5
1789957750.604,100.0,42843.0,602.76
1789957751.604,100.0,42843.0,598.6
1789957752.604,100.0,42843.0,600.62
1789957753.604,81.0,42863.0,556.3
1789957754.605,100.0,59083.0,253.84
1789957755.605,100.0,59083.0,536.37
1789957756.605,100.0,59083.0,567.97
1789957757.605,100.0,59083.0,566.43
1789957758.605,100.0,59083.0,571.76
1789957759.605,100.0,59083.0,572.97
1789957760.605,100.0,59083.0,572.33
1789957761.606,100.0,59083.0,566.45
1789957762.606,100.0,59083.0,572.7
1789957763.606,18.0,39281.0,298.79
1789957764.606,15.0,44987.0,97.3
1789957765.606,19.0,55281.0,97.85
1789957766.607,0.0,61809.0,96.12
1789957767.607,19.0,42511.0,132.56
1789957768.607,27.0,46191.0,108.72
1789957769.607,72.0,39411.0,169.04
1789957770.607,100.0,39413.0,569.5
1789957771.607,100.0,39413.0,571.22
1789957772.608,100.0,39413.0,572.98
1789957773.608,13.0,40615.0,439.1
1789957774.608,99.0,42843.0,192.89
1789957775.608,100.0,42843.0,600.53
1789957776.608,100.0,42843.0,602.05
1789957777.609,100.0,42843.0,597.57
1789957778.609,100.0,42843.0,602.57
1789957779.609,100.0,42843.0,598.91
1789957780.609,100.0,42843.0,600.39
1789957781.609,8.0,42903.0,462.42
1789957782.609,100.0,59083.0,328.83
1789957783.609,100.0,59083.0,569.85
1789957784.61,100.0,59083.0,568.38
1789957785.61,100.0,59083.0,568.29
1789957786.61,100.0,59083.0,568.88
1789957787.61,100.0,59083.0,569.08
1789957788.61,100.0,59083.0,569.32
1789957789.61,100.0,59083.0,569.27
1789957790.61,100.0,62895.0,568.61
1789957791.611,0.0,39281.0,146.3
1789957792.612,18.0,47733.0,97.77
1789957793.612,20.0,57913.0,97.73
1789957794.612,17.0,42743.0,131.83
1789957795.612,0.0,43247.0,97.52
1789957796.612,0.0,39057.0,110.59
1789957797.613,100.0,39413.0,303.92
1789957798.613,100.0,39413.0,572.46
1789957799.613,100.0,39413.0,575.53
1789957800.613,100.0,39413.0,574.15
1789957801.613,0.0,39381.0,295.78
1789957802.613,100.0,42843.0,307.65
1789957803.614,100.0,42843.0,597.65
1789957804.614,100.0,43402.0,600.49
1789957805.615,100.0,42843.0,602.92
1789957806.838,100.0,42843.0,601.5
1789957807.838,100.0,42843.0,599.4
1789957808.84,100.0,42843.0,601.39
1789957809.841,7.0,40731.0,259.16
1789957810.841,100.0,59083.0,529.51
1789957811.841,100.0,59083.0,564.22
1789957812.841,100.0,59083.0,571.6
1789957813.841,100.0,59083.0,570.89
1789957814.842,100.0,59083.0,566.26
1789957815.842,100.0,59083.0,570.33
1789957816.842,100.0,59083.0,568.02
1789957817.842,100.0,59083.0,570.92
1789957818.842,0.0,39279.0,427.16
1789957819.842,36.0,42277.0,96.6
1789957820.843,20.0,52419.0,97.79
1789957821.843,19.0,61311.0,97.06
1789957822.843,0.0,40301.0,133.4
1789957823.843,0.0,43249.0,93.91
1789957824.843,10.0,39411.0,109.88
1789957825.844,100.0,39413.0,527.38
1789957826.844,100.0,39413.0,572.07
1789957827.844,100.0,39413.0,574.66
1789957828.844,100.0,39683.0,532.14
1789957829.844,0.0,42843.0,130.81
1789957830.844,100.0,42843.0,597.18
1789957831.845,100.0,42843.0,601.31
1789957832.845,100.0,42843.0,598.66
1789957833.845,100.0,42843.0,602.07
1789957834.845,100.0,42843.0,600.7
1789957835.845,100.0,42843.0,601.64
1789957836.845,97.0,42899.0,517.06
1789957837.846,100.0,59083.0,290.91
1789957838.846,100.0,59083.0,553.18
1789957839.846,100.0,59083.0,570.22
1789957840.846,100.0,59083.0,569.55
1789957841.846,100.0,59083.0,565.43
1789957842.847,100.0,59083.0,570.14
1789957843.848,100.0,59083.0,567.34
1789957844.848,100.0,59083.0,566.84
1789957845.848,100.0,59083.0,570.3
1789957846.849,0.0,39281.0,233.1
1789957847.849,18.0,43337.0,96.44
1789957848.849,11.0,49713.0,96.79
1789957849.849,18.0,56817.0,95.76
1789957850.849,35.0,61809.0,130.85
1789957851.849,21.0,42511.0,97.03
1789957852.85,50.0,39057.0,110.32
1789957853.85,100.0,39411.0,279.55
1789957854.85,100.0,39413.0,572.53
1789957855.85,100.0,39413.0,574.38
1789957856.85,100.0,39413.0,572.44
1789957857.85,0.0,39381.0,334.44
1789957858.851,100.0,42843.0,329.56
1789957859.851,100.0,42843.0,601.52
1789957860.851,99.0,42843.0,601.31
1789957861.851,100.0,42843.0,600.37
1789957862.851,100.0,42843.0,602.43
1789957863.851,100.0,42843.0,600.68
1789957864.852,100.0,42843.0,602.46
1789957865.852,0.0,39337.0,330.14
1789957866.852,100.0,59083.0,419.66
1789957867.852,100.0,59083.0,567.08
1789957868.852,100.0,59083.0,566.15
1789957869.853,100.0,59083.0,568.57
1789957870.853,100.0,59083.0,564.53
1789957871.853,100.0,59083.0,569.74
1789957872.853,100.0,59083.0,564.54
1789957873.853,100.0,59083.0,571.83
1789957874.853,95.0,62895.0,523.22
1789957875.854,0.0,41201.0,99.57
1789957876.854,18.0,50799.0,97.87
1789957877.855,19.0,60779.0,97.36
1789957878.855,0.0,38853.0,132.35
1789957879.855,0.0,43247.0,94.41
1789957880.855,0.0,39169.0,109.62
1789957881.856,100.0,39413.0,458.55
1789957882.856,100.0,39413.0,570.25
1789957883.856,100.0,39413.0,572.59
1789957884.856,100.0,39413.0,572.59
1789957885.856,13.0,38847.0,147.32
1789957886.856,100.0,42843.0,545.45
1789957887.857,100.0,42843.0,602.66
1789957888.857,100.0,42843.0,600.58
1789957889.857,100.0,42843.0,601.53
1789957890.857,100.0,42843.0,599.92
1789957891.857,100.0,42843.0,601.75
1789957892.858,100.0,42843.0,593.79
1789957893.859,100.0,58283.0,240.26
1789957894.859,100.0,59083.0,535.95
1789957895.859,100.0,59083.0,564.14
1789957896.859,100.0,59083.0,567.82
1789957897.859,100.0,59083.0,568.01
1789957898.859,100.0,59083.0,568.01
1789957899.86,100.0,59083.0,572.97
1789957900.86,100.0,59083.0,569.15
1789957901.86,100.0,59083.0,568.35
1789957902.86,0.0,39281.0,340.43
1789957903.86,17.0,45215.0,97.24
1789957904.861,18.0,55167.0,97.85
1789957905.861,0.0,61777.0,96.02
1789957906.861,19.0,42511.0,133.54
1789957907.861,14.0,46191.0,94.67
1789957908.861,47.0,39411.0,153.95
1789957909.861,98.0,39413.0,570.84
1789957910.862,100.0,39413.0,574.44
1789957911.862,100.0,39413.0,573.12
1789957912.862,16.0,40615.0,455.29
1789957913.862,99.0,42843.0,190.84
1789957914.862,100.0,42843.0,601.23
1789957915.863,100.0,42843.0,603.47
1789957916.863,100.0,42843.0,598.26
1789957917.863,100.0,42843.0,602.31
1789957918.863,100.0,42843.0,600.84
1789957919.863,100.0,42843.0,604.49
1789957920.863,8.0,42903.0,467.52
1789957921.864,100.0,59083.0,325.81
1789957922.864,100.0,59083.0,567.37
1789957923.864,100.0,59083.0,568.45
1789957924.864,100.0,59083.0,568.39
1789957925.864,100.0,59083.0,567.98
1789957926.864,100.0,59083.0,568.77
1789957927.865,100.0,59083.0,569.41
1789957928.865,100.0,59083.0,569.53
1789957929.865,100.0,62895.0,569.53
1789957930.865,0.0,39281.0,151.33
1789957931.865,20.0,49035.0,98.14
1789957932.866,19.0,59129.0,97.56
1789957933.866,32.0,38685.0,134.4
1789957934.866,16.0,43247.0,94.55
1789957935.866,12.0,39057.0,110.3
1789957936.866,100.0,39413.0,347.06
1789957937.866,98.0,39413.0,572.28
1789957938.867,98.0,39413.0,571.26
1789957939.867,98.0,39413.0,570.53
1789957940.867,0.0,38685.0,259.22
1789957941.868,100.0,42843.0,424.13
1789957942.868,100.0,42843.0,600.82
1789957943.868,100.0,42843.0,600.0
1789957944.868,100.0,42843.0,602.27
1789957945.868,99.0,42843.0,601.92
1789957946.869,100.0,42843.0,598.17
1789957947.869,100.0,42843.0,602.85
1789957948.869,42.0,40731.0,245.95
1789957949.869,100.0,59083.0,533.12
1789957950.869,100.0,59083.0,568.53
1789957951.869,100.0,59083.0,570.49
1789957952.87,100.0,59083.0,566.67
1789957953.87,100.0,59083.0,571.64
1789957954.87,100.0,59083.0,568.9
1789957955.87,100.0,59083.0,568.03
1789957956.87,100.0,59083.0,571.44
1789957957.871,36.0,39281.0,396.63
1789957958.871,18.0,43451.0,97.08
1789957959.871,18.0,53545.0,98.27
1789957960.871,0.0,61313.0,96.58
1789957961.871,19.0,41999.0,133.34
1789957962.871,53.0,46191.0,98.25
1789957963.872,100.0,39411.0,173.11
1789957964.872,100.0,39413.0,571.02
1789957965.872,100.0,39413.0,570.43
1789957966.872,100.0,39413.0,570.05
1789957967.872,37.0,40615.0,449.36
1789957968.873,100.0,42843.0,215.26
1789957969.873,100.0,42843.0,600.94
1789957970.873,100.0,42843.0,600.72
1789957971.873,100.0,42843.0,599.81
1789957972.873,100.0,42843.0,601.28
1789957973.873,100.0,42843.0,598.39
1789957974.874,100.0,42843.0,601.52
1789957975.874,38.0,42903.0,434.59
1789957976.874,100.0,59083.0,347.76
1789957977.874,100.0,59083.0,565.59
1789957978.874,100.0,59083.0,571.01
1789957979.874,100.0,59083.0,568.02
1789957980.875,100.0,59083.0,567.84
1789957981.875,100.0,59083.0,569.98
1789957982.875,100.0,59083.0,569.02
1789957983.875,100.0,59083.0,570.38
1789957984.875,100.0,62895.0,569.37
1789957985.876,0.0,39281.0,115.64
1789957986.876,17.0,47847.0,98.06
1789957987.876,18.0,57913.0,97.54
1789957988.876,1.0,38711.0,133.97
1789957989.877,1.0,42511.0,96.24
1789957990.877,6.0,39057.0,110.54
1789957991.877,100.0,39413.0,343.22
1789957992.877,98.0,39413.0,574.26
1789957993.878,98.0,39413.0,573.71
1789957994.878,100.0,39413.0,573.68
1789957995.878,2.0,39381.0,273.64
1789957996.878,100.0,42843.0,372.54
1789957997.878,100.0,42843.0,602.07
1789957998.878,100.0,42843.0,598.41
1789957999.879,100.0,42843.0,600.42
1789958000.879,100.0,42843.0,601.4
1789958001.879,100.0,42843.0,597.93
1789958002.879,100.0,42843.0,601.7
1789958003.879,7.0,39337.0,284.49
1789958004.88,100.0,59083.0,438.39
1789958005.88,100.0,59083.0,569.08
1789958006.88,100.0,59083.0,569.27
1789958007.88,100.0,59083.0,566.18
1789958008.88,100.0,59083.0,572.28
1789958009.88,100.0,59083.0,569.2
1789958010.88,100.0,59083.0,568.06
1789958011.881,100.0,59083.0,570.85
1789958012.881,100.0,62895.0,504.26
1789958013.881,4.0,41459.0,99.54
1789958014.881,20.0,51537.0,98.15
1789958015.881,18.0,61313.0,97.56
1789958016.882,21.0,39565.0,133.64
1789958017.882,14.0,43247.0,94.55
1789958018.883,0.0,39169.0,110.59
1789958019.884,100.0,39413.0,486.93
1789958020.884,100.0,39413.0,573.65
1789958021.884,100.0,39413.0,577.21
1789958022.884,100.0,39413.0,573.91
1789958023.884,9.0,39941.0,114.97
1789958024.884,100.0,42843.0,565.79
1789958025.884,100.0,42843.0,603.35
1789958026.885,100.0,42843.0,598.5
1789958027.885,100.0,42843.0,602.78
1789958028.885,100.0,42843.0,600.35
1789958029.885,100.0,42843.0,602.67
1789958030.885,100.0,42863.0,578.04
1789958031.885,100.0,59083.0,245.98
1789958032.886,100.0,59083.0,536.72
1789958033.886,100.0,59083.0,571.34
1789958034.886,100.0,59083.0,565.72
1789958035.886,100.0,59083.0,572.16
1789958036.886,100.0,59083.0,568.64
1789958037.886,100.0,59083.0,569.82
1789958038.887,100.0,59083.0,571.16
1789958039.887,100.0,59083.0,567.93
1789958040.887,0.0,39281.0,268.23
1789958041.887,17.0,45405.0,97.63
1789958042.887,19.0,55395.0,97.99
1789958043.888,0.0,61809.0,126.79
1789958044.888,20.0,42511.0,110.69
1789958045.888,27.0,46191.0,108.29
1789958046.888,6.0,38965.0,99.12
1789958047.888,100.0,39413.0,541.06
1789958048.889,100.0,39413.0,572.93
1789958049.889,100.0,39413.0,571.93
1789958050.889,100.0,39521.0,530.31
1789958051.889,0.0,42843.0,138.99
1789958052.889,100.0,42843.0,598.17
1789958053.889,100.0,42843.0,599.0
1789958054.89,100.0,42843.0,601.03
1789958055.89,100.0,42843.0,600.61
1789958056.89,100.0,42843.0,598.98
1789958057.89,100.0,42843.0,602.05
1789958058.89,55.0,42899.0,511.64
1789958059.89,100.0,59083.0,294.08
1789958060.891,100.0,59083.0,558.02
1789958061.891,100.0,59083.0,566.76
1789958062.891,100.0,59083.0,566.77
1789958063.891,100.0,59083.0,570.25
1789958064.891,100.0,59083.0,565.61
1789958065.892,100.0,59083.0,569.88
1789958066.892,100.0,59083.0,566.6
1789958067.892,100.0,59083.0,569.77
1789958068.892,0.0,39281.0,226.22
1789958069.892,18.0,46837.0,97.99
1789958070.892,20.0,57159.0,97.77
1789958071.892,59.0,61713.0,133.57
1789958072.893,0.0,42511.0,97.67
1789958073.893,0.0,39057.0,109.78
1789958074.893,100.0,39413.0,324.79
1789958075.893,100.0,39413.0,575.52
1789958076.893,100.0,39413.0,575.27
1789958077.893,100.0,39413.0,573.68
1789958078.894,1.0,39381.0,293.58
1789958079.894,100.0,42843.0,390.27
1789958080.894,100.0,42843.0,601.7
1789958081.894,100.0,42843.0,599.62
1789958082.894,100.0,42843.0,599.23
1789958083.895,100.0,42843.0,599.78
1789958084.895,100.0,42843.0,598.11
1789958085.895,100.0,42843.0,602.94
1789958086.895,7.0,39479.0,270.97
1789958087.895,100.0,59083.0,521.57
1789958088.895,100.0,59083.0,564.68
1789958089.896,100.0,59083.0,573.55
1789958090.896,100.0,59083.0,564.77
1789958091.896,100.0,59083.0,568.75
1789958092.896,100.0,59083.0,573.51
1789958093.896,100.0,59083.0,567.88
1789958094.896,100.0,59083.0,566.45
1789958095.897,0.0,39281.0,435.93
1789958096.897,36.0,41687.0,96.98
1789958097.897,17.0,51119.0,98.03
1789958098.897,16.0,60779.0,97.53
1789958099.897,1.0,39145.0,132.73
1789958100.897,0.0,43247.0,94.6
1789958101.898,4.0,39169.0,109.88
1789958102.898,100.0,39413.0,463.58
1789958103.898,100.0,39413.0,569.04
1789958104.898,100.0,39413.0,573.52
1789958105.898,100.0,39413.0,572.57
1789958106.899,4.0,42843.0,144.83
1789958107.899,100.0,42843.0,554.61
1789958108.899,100.0,42843.0,601.0
1789958109.899,100.0,42843.0,598.9
1789958110.899,100.0,42843.0,601.99
1789958111.9,100.0,42843.0,597.91
1789958112.9,100.0,42843.0,601.9
1789958113.9,100.0,42865.0,575.28
1789958114.9,100.0,59083.0,244.76
1789958115.9,100.0,59083.0,536.41
1789958116.901,100.0,59083.0,571.44
1789958117.901,100.0,59083.0,569.96
1789958118.901,100.0,59083.0,568.4
1789958119.901,100.0,59083.0,568.35
1789958120.901,100.0,59083.0,567.43
1789958121.901,100.0,59083.0,570.59
1789958122.902,100.0,59083.0,568.89
1789958123.902,0.0,39281.0,268.11
1789958124.902,19.0,45779.0,97.58
1789958125.902,20.0,56035.0,97.9
1789958126.902,72.0,61809.0,132.88
1789958127.902,5.0,42511.0,97.87
1789958128.903,0.0,39057.0,109.42
1789958129.903,100.0,39411.0,239.21
1789958130.903,100.0,39413.0,572.57
1789958131.903,100.0,39413.0,574.47
1789958132.903,100.0,39413.0,574.79
1789958133.903,0.0,39381.0,372.99
1789958134.903,100.0,42843.0,295.19
1789958135.904,100.0,42843.0,600.33
1789958136.904,99.0,42843.0,599.72
1789958137.904,100.0,42843.0,598.91
1789958138.904,100.0,42843.0,600.71
1789958139.904,100.0,42843.0,600.11
1789958140.904,100.0,42843.0,601.98
1789958141.905,0.0,39337.0,352.98
1789958142.905,100.0,59083.0,437.17
1789958143.905,100.0,59083.0,566.94
1789958144.905,100.0,59083.0,570.29
1789958145.905,100.0,59083.0,568.49
1789958146.905,100.0,59083.0,566.83
1789958147.905,100.0,59083.0,572.21
1789958148.906,100.0,59083.0,564.96
1789958149.906,100.0,59083.0,570.35
1789958150.906,20.0,62895.0,526.64
1789958151.906,30.0,41201.0,99.44
1789958152.906,18.0,50685.0,98.21
1789958153.906,19.0,61007.0,97.57
1789958154.907,0.0,39145.0,132.11
1789958155.907,0.0,43247.0,94.67
1789958156.907,10.0,39169.0,109.65
1789958157.907,100.0,39413.0,478.39
1789958158.907,100.0,39413.0,572.43
1789958159.907,100.0,39413.0,572.31
1789958160.908,100.0,39413.0,574.39
1789958161.908,0.0,38847.0,121.17
1789958162.908,100.0,42843.0,564.28
1789958163.908,100.0,42843.0,603.13
1789958164.908,100.0,42843.0,597.57
1789958165.908,100.0,42843.0,603.31
1789958166.908,100.0,42843.0,598.51
1789958167.909,100.0,42843.0,600.95
1789958168.909,100.0,42843.0,576.82
1789958169.909,100.0,59083.0,245.54
1789958170.909,100.0,59083.0,536.09
1789958171.909,100.0,59083.0,571.16
1789958172.909,100.0,59083.0,565.33
1789958173.909,100.0,59083.0,571.98
1789958174.909,100.0,59083.0,572.16
1789958175.91,100.0,59083.0,566.49
1789958176.91,100.0,59083.0,573.05
1789958177.91,100.0,59083.0,567.77
1789958178.91,0.0,39281.0,260.49
1789958179.91,19.0,44553.0,97.23
1789958180.91,19.0,54619.0,97.89
1789958181.911,0.0,61745.0,115.67
1789958182.911,21.0,42511.0,122.61
1789958183.911,60.0,46191.0,109.08
1789958184.911,100.0,39411.0,209.27
1789958185.911,100.0,39413.0,570.62
1789958186.911,100.0,39413.0,571.56
1789958187.912,100.0,39413.0,571.77
1789958188.912,32.0,40615.0,401.93
1789958189.912,100.0,42843.0,278.04
1789958190.912,100.0,42843.0,601.69
1789958191.912,100.0,42843.0,599.58
1789958192.912,100.0,42843.0,599.08
1789958193.912,100.0,42843.0,600.62
1789958194.912,100.0,42843.0,597.72
1789958195.913,100.0,42843.0,601.96
1789958196.913,0.0,39337.0,366.28
1789958197.913,100.0,59083.0,433.19
1789958198.913,100.0,59083.0,564.32
1789958199.913,100.0,59083.0,568.33
1789958200.913,100.0,59083.0,567.47
1789958201.914,100.0,59083.0,570.18
1789958202.914,100.0,59083.0,568.83
1789958203.914,100.0,59083.0,571.35
1789958204.914,100.0,59083.0,567.0
1789958205.914,100.0,62895.0,559.14
1789958206.914,0.0,41201.0,101.86
1789958207.914,19.0,49583.0,98.57
1789958208.914,17.0,59819.0,97.7
1789958209.915,37.0,38685.0,134.88
1789958210.915,2.0,43247.0,94.61
1789958211.915,1.0,39061.0,109.98
1789958212.915,98.0,39413.0,389.98
1789958213.915,98.0,39413.0,572.8
1789958214.915,100.0,39413.0,573.2
1789958215.915,100.0,39413.0,573.28
1789958216.915,0.0,38847.0,219.14
1789958217.915,100.0,42843.0,479.29
1789958218.916,100.0,42843.0,602.13
1789958219.916,100.0,42843.0,598.48
1789958220.916,100.0,42843.0,600.79
1789958221.916,99.0,42843.0,599.83
1789958222.916,100.0,42843.0,601.7
1789958223.916,100.0,42843.0,600.45
1789958224.917,31.0,51271.0,252.49
1789958225.917,100.0,59083.0,522.49
1789958226.917,100.0,59083.0,571.27
1789958227.917,100.0,59083.0,563.83
1789958228.917,100.0,59083.0,568.96
1789958229.917,100.0,59083.0,569.2
1789958230.917,100.0,59083.0,566.71
1789958231.918,100.0,59083.0,569.87
1789958232.918,100.0,59083.0,569.44
1789958233.918,30.0,39281.0,347.33
1789958234.918,16.0,43999.0,96.9
1789958235.918,18.0,54109.0,97.93
1789958236.918,2.0,61527.0,96.47
1789958237.918,14.0,42511.0,135.08
1789958238.918,0.0,46191.0,107.12
1789958239.919,31.0,39411.0,169.78
1789958240.919,98.0,39413.0,570.85
1789958241.919,100.0,39413.0,571.09
1789958242.919,100.0,39413.0,574.33
1789958243.919,15.0,40615.0,445.61
1789958244.92,100.0,42843.0,225.11
1789958245.92,100.0,42843.0,599.02
1789958246.92,100.0,42843.0,601.27
1789958247.92,100.0,42843.0,600.28
1789958248.92,100.0,42843.0,599.97
1789958249.92,100.0,42843.0,598.85
1789958250.92,100.0,42843.0,599.65
1789958251.921,12.0,42903.0,427.98
1789958252.921,100.0,59083.0,351.56
1789958253.921,100.0,59083.0,570.33
1789958254.921,100.0,59083.0,567.56
1789958255.921,100.0,59083.0,571.26
1789958256.921,100.0,59083.0,570.89
1789958257.922,100.0,59083.0,571.51
1789958258.922,100.0,59083.0,569.02
1789958259.922,100.0,59083.0,567.57
1789958260.922,100.0,62895.0,568.61
1789958261.922,0.0,39281.0,115.5
1789958262.922,20.0,48829.0,98.38
1789958263.923,18.0,58955.0,97.81
1789958264.923,0.0,38685.0,133.06
1789958265.923,0.0,43247.0,94.83
1789958266.923,1.0,39061.0,110.21
1789958267.923,98.0,39413.0,411.4
1789958268.923,98.0,39413.0,571.31
1789958269.923,100.0,39413.0,573.5
1789958270.924,100.0,39413.0,573.8
1789958271.924,0.0,38847.0,192.43
1789958272.924,100.0,42843.0,498.73
1789958273.924,100.0,42843.0,600.59
1789958274.924,100.0,42843.0,598.74
1789958275.925,100.0,42843.0,600.66
1789958276.925,99.0,42843.0,602.28
1789958277.925,100.0,42843.0,599.59
1789958278.925,100.0,42843.0,601.9
1789958279.925,27.0,51271.0,242.41
1789958280.926,100.0,59083.0,532.49
1789958281.926,100.0,59083.0,571.56
1789958282.926,100.0,59083.0,570.37
1789958283.927,100.0,59083.0,567.98
1789958284.927,100.0,59083.0,569.42
1789958285.927,100.0,59083.0,567.35
1789958286.927,100.0,59083.0,569.98
1789958287.927,100.0,59083.0,573.3
1789958288.927,0.0,39281.0,329.83
1789958289.927,17.0,43885.0,97.28
1789958290.928,12.0,51507.0,97.37
1789958291.928,18.0,59417.0,96.51
1789958292.928,45.0,38685.0,134.9
1789958293.928,14.0,43247.0,94.52
1789958294.928,2.0,39061.0,109.52
1789958295.928,100.0,39413.0,430.27
1789958296.928,100.0,39413.0,574.98
1789958297.929,100.0,39413.0,575.93
1789958298.929,100.0,39413.0,572.43
1789958299.929,5.0,38847.0,181.51
1789958300.929,100.0,42843.0,503.82
1789958301.929,100.0,42843.0,601.5
1789958302.93,100.0,42843.0,598.67
1789958303.93,100.0,42843.0,599.69
1789958304.93,99.0,42843.0,600.72
1789958305.93,100.0,42843.0,601.54
1789958306.93,100.0,42843.0,600.48
1789958307.93,79.0,50183.0,256.77
1789958308.93,100.0,59083.0,522.25
1789958309.93,100.0,59083.0,568.74
1789958310.93,100.0,59083.0,569.26
1789958311.931,100.0,59083.0,564.05
1789958312.931,100.0,59083.0,571.79
1789958313.931,100.0,59083.0,573.55
1789958314.931,100.0,59083.0,565.27
1789958315.931,100.0,59083.0,571.43
1789958316.931,0.0,39281.0,364.23
1789958317.931,15.0,43771.0,97.36
1789958318.932,20.0,53545.0,98.21
1789958319.932,3.0,61313.0,97.06
1789958320.932,12.0,41101.0,137.86
1789958321.932,4.0,46191.0,94.27
1789958322.932,10.0,39411.0,128.33
1789958323.932,98.0,39413.0,569.16
1789958324.932,98.0,39413.0,572.25
1789958325.932,100.0,39413.0,575.84
1789958326.933,15.0,40615.0,486.16
1789958327.933,99.0,42843.0,186.72
1789958328.933,100.0,42843.0,598.67
1789958329.933,100.0,42843.0,602.56
1789958330.933,100.0,42843.0,599.78
1789958331.933,100.0,42843.0,602.74
1789958332.933,100.0,42843.0,599.3
1789958333.933,100.0,42843.0,600.83
1789958334.934,16.0,42903.0,475.49
1789958335.934,100.0,59083.0,328.93
1789958336.934,100.0,59083.0,567.85
1789958337.934,100.0,59083.0,569.78
1789958338.934,100.0,59083.0,569.03
1789958339.934,100.0,59083.0,567.87
1789958340.934,100.0,59083.0,569.2
1789958341.935,100.0,59083.0,568.82
1789958342.935,100.0,59083.0,567.92
1789958343.935,100.0,62895.0,569.54
1789958344.935,0.0,39281.0,165.23
1789958345.935,18.0,47733.0,98.29
1789958346.935,19.0,57685.0,98.16
1789958347.935,0.0,47873.0,132.87
1789958348.936,0.0,42511.0,97.88
1789958349.936,14.0,39057.0,110.25
1789958350.957,100.0,39413.0,309.78
1789958351.957,100.0,39413.0,574.6
1789958352.957,100.0,39413.0,575.96
1789958353.957,98.0,39413.0,575.04
1789958354.957,2.0,39381.0,297.83
1789958355.958,100.0,42843.0,363.92
1789958356.958,100.0,42843.0,601.16
1789958357.958,100.0,42843.0,601.15
1789958358.958,100.0,42843.0,602.72
1789958359.958,100.0,42843.0,601.47
1789958360.958,100.0,42843.0,601.09
1789958361.959,100.0,42843.0,601.54
1789958362.959,7.0,39337.0,292.34
1789958363.959,100.0,59083.0,482.4
1789958364.959,100.0,59083.0,565.89
1789958365.959,100.0,59083.0,569.9
1789958366.959,100.0,59083.0,570.73
1789958367.96,100.0,59083.0,565.64
1789958368.96,100.0,59083.0,574.46
1789958369.96,100.0,59083.0,567.53
1789958370.96,100.0,59083.0,566.47
1789958371.96,8.0,39281.0,454.05
1789958372.96,16.0,41687.0,99.71
1789958373.96,13.0,50479.0,98.23
1789958374.96,19.0,57639.0,96.57
1789958375.96,0.0,49013.0,130.19
1789958376.961,0.0,42511.0,97.39
1789958377.961,5.0,39057.0,111.35
1789958378.978,100.0,39413.0,314.99
1789958379.978,98.0,39413.0,570.55
1789958380.979,98.0,39413.0,572.73
1789958381.979,100.0,39413.0,575.86
1789958382.979,0.0,39381.0,302.49
1789958383.979,100.0,42843.0,369.49
1789958384.979,100.0,42843.0,601.32
1789958385.979,100.0,42843.0,601.09
1789958386.979,100.0,42843.0,602.49
1789958387.98,100.0,42843.0,601.8
1789958388.98,100.0,42843.0,599.28
1789958389.98,100.0,42843.0,602.76
1789958390.98,0.0,39337.0,282.1
1789958391.98,100.0,59083.0,482.42
1789958392.98,100.0,59083.0,563.34
1789958393.98,100.0,59083.0,571.98
1789958394.981,100.0,59083.0,568.72
1789958395.981,100.0,59083.0,566.49
1789958396.981,100.0,59083.0,573.46
1789958397.981,100.0,59083.0,565.12
1789958398.981,100.0,59083.0,570.02
1789958399.981,0.0,39303.0,451.46
1789958400.982,13.0,41573.0,99.94
1789958401.982,17.0,51477.0,98.35
1789958402.982,18.0,61313.0,97.66
1789958403.982,10.0,39565.0,134.38
1789958404.982,0.0,43249.0,94.51
1789958405.982,0.0,39169.0,109.89
1789958406.982,100.0,39413.0,524.18
1789958407.982,100.0,39413.0,571.89
1789958408.983,100.0,39413.0,575.98
1789958409.983,71.0,39413.0,547.27
1789958410.983,0.0,42843.0,120.31
1789958411.983,100.0,42843.0,598.16
1789958412.983,100.0,42843.0,602.55
1789958413.983,100.0,42843.0,598.95
1789958414.984,100.0,42843.0,601.9
1789958415.984,100.0,42843.0,599.88
1789958416.984,100.0,42843.0,600.9
1789958417.984,20.0,42879.0,537.39
1789958418.985,100.0,59083.0,273.62
1789958419.985,100.0,59083.0,541.11
1789958420.985,100.0,59083.0,570.81
1789958421.985,100.0,59083.0,570.22
1789958422.985,100.0,59083.0,567.47
1789958423.986,100.0,59083.0,570.55
1789958424.986,100.0,59083.0,569.05
1789958425.986,100.0,59083.0,567.4
1789958426.986,100.0,59083.0,573.28
1789958427.986,0.0,39281.0,242.11
1789958428.986,18.0,45215.0,98.06
1789958429.987,19.0,55281.0,98.1
1789958430.987,67.0,61809.0,130.82
1789958431.987,17.0,42511.0,99.48
1789958432.987,0.0,46191.0,109.4
1789958433.987,100.0,39411.0,252.97
1789958434.987,100.0,39413.0,573.55
1789958435.987,100.0,39413.0,571.84
1789958436.987,100.0,39413.0,573.04
1789958437.987,0.0,40615.0,363.22
1789958438.988,100.0,42843.0,299.53
1789958439.988,100.0,42843.0,601.7
1789958440.988,99.0,42843.0,601.76
1789958441.988,100.0,42843.0,601.95
1789958442.988,100.0,42843.0,600.48
1789958443.988,100.0,42843.0,599.23
1789958444.988,100.0,42843.0,601.69
1789958445.988,37.0,39337.0,403.07
1789958446.989,100.0,59083.0,373.46
1789958447.989,100.0,59083.0,565.49
1789958448.989,100.0,59083.0,571.57
1789958449.989,100.0,59083.0,567.41
1789958450.989,100.0,59083.0,571.55
1789958451.989,100.0,59083.0,569.67
1789958452.989,100.0,59083.0,568.97
1789958453.989,100.0,59083.0,572.56
1789958454.989,100.0,62895.0,562.18
1789958455.99,0.0,41201.0,100.22
1789958456.99,18.0,50131.0,99.17
1789958457.99,16.0,59477.0,97.9
1789958458.99,0.0,38685.0,134.52
1789958459.99,0.0,43247.0,94.99
1789958460.99,14.0,39061.0,111.35
1789958461.991,100.0,39413.0,394.9
1789958462.991,99.0,39413.0,573.06
1789958463.991,98.0,39413.0,575.36
1789958464.991,98.0,39413.0,576.89
1789958465.991,0.0,38847.0,214.93
1789958466.991,100.0,42843.0,456.22
1789958467.991,100.0,42843.0,602.97
1789958468.991,100.0,42843.0,598.73
1789958469.991,100.0,42843.0,598.7
1789958470.992,99.0,42843.0,599.4
1789958471.992,100.0,42843.0,600.62
1789958472.992,100.0,42843.0,600.1
1789958473.992,21.0,50183.0,250.0
1789958474.992,100.0,59083.0,519.75
1789958475.992,100.0,59083.0,565.91
1789958476.992,100.0,59083.0,571.26
1789958477.993,100.0,59083.0,568.76
1789958478.993,100.0,59083.0,573.33
1789958479.993,100.0,59083.0,570.12
1789958480.993,100.0,59083.0,570.66
1789958481.993,100.0,59083.0,574.62
1789958482.994,44.0,39281.0,358.21
1789958483.994,16.0,43771.0,97.45
1789958484.994,20.0,53865.0,98.55
1789958485.994,1.0,61457.0,97.12
1789958486.994,13.0,41999.0,135.45
1789958487.994,4.0,46191.0,96.43
1789958488.995,18.0,39411.0,168.87
1789958489.995,98.0,39413.0,571.43
1789958490.995,98.0,39413.0,575.77
1789958491.995,100.0,39413.0,575.26
1789958492.995,16.0,40615.0,459.01
1789958493.995,99.0,42843.0,212.76
1789958494.996,100.0,42843.0,600.3
1789958495.996,100.0,42843.0,600.57
1789958496.996,100.0,42843.0,601.49
1789958497.996,100.0,42843.0,601.06
1789958498.996,100.0,42843.0,599.32
1789958499.996,100.0,42843.0,602.53
1789958500.997,8.0,42903.0,442.58
1789958501.997,100.0,59083.0,338.13
1789958502.997,100.0,59083.0,571.3
1789958503.997,100.0,59083.0,567.92
1789958504.997,100.0,59083.0,568.9
1789958505.997,100.0,59083.0,570.9
1789958506.998,100.0,59083.0,568.17
1789958507.998,100.0,59083.0,570.07
1789958508.998,100.0,59083.0,570.27
1789958509.998,100.0,62895.0,569.26
1789958510.998,0.0,39281.0,126.91
1789958511.999,18.0,47847.0,98.49
1789958512.999,19.0,57799.0,97.87
1789958513.999,2.0,38711.0,132.16
1789958515.0,0.0,42511.0,97.38
1789958516.0,6.0,39057.0,110.38
1789958517.0,100.0,39413.0,356.05
1789958518.0,100.0,39413.0,571.35
1789958519.002,100.0,39413.0,572.58
1789958520.002,98.0,39413.0,573.2
1789958521.002,2.0,38681.0,264.34
1789958522.002,100.0,42843.0,414.08
1789958523.003,100.0,42843.0,603.27
1789958524.003,100.0,42843.0,599.58
1789958525.003,100.0,42843.0,599.61
1789958526.003,100.0,42843.0,599.68
1789958527.003,100.0,42843.0,600.05
1789958528.003,100.0,42843.0,599.91
1789958529.003,7.0,39337.0,251.31
1789958530.004,100.0,59083.0,511.28
1789958531.004,100.0,59083.0,569.31
1789958532.004,100.0,59083.0,567.38
1789958533.004,100.0,59083.0,569.79
1789958534.004,100.0,59083.0,567.81
1789958535.005,100.0,59083.0,564.57
1789958536.005,100.0,59083.0,574.7
1789958537.005,100.0,59083.0,569.25
1789958538.005,0.0,39281.0,438.78
1789958539.005,0.0,41315.0,98.55
1789958540.005,18.0,51233.0,98.53
1789958541.006,19.0,61313.0,98.01
1789958542.006,0.0,39565.0,133.45
1789958543.006,0.0,43249.0,94.63
1789958544.006,12.0,39169.0,111.16
1789958545.006,100.0,39413.0,541.18
1789958546.006,100.0,39413.0,575.72
1789958547.006,100.0,39413.0,573.74
1789958548.007,100.0,39413.0,532.02
1789958549.007,0.0,42843.0,140.32
1789958550.007,100.0,42843.0,597.99
1789958551.007,100.0,42843.0,600.94
1789958552.007,100.0,42843.0,597.78
1789958553.007,100.0,42843.0,602.03
1789958554.007,100.0,42843.0,599.65
1789958555.007,100.0,42843.0,599.98
1789958556.008,99.0,42889.0,555.82
1789958557.008,100.0,59083.0,269.32
1789958558.008,100.0,59083.0,539.42
1789958559.008,100.0,59083.0,568.44
1789958560.008,100.0,59083.0,568.12
1789958561.009,100.0,59083.0,572.15
1789958562.009,100.0,59083.0,572.46
1789958563.009,100.0,59083.0,573.52
1789958564.009,100.0,59083.0,570.78
1789958565.009,100.0,59083.0,573.46
1789958566.009,0.0,39281.0,246.78
1789958567.009,19.0,47081.0,98.4
1789958568.009,20.0,56931.0,98.59
1789958569.01,0.0,61809.0,133.14
1789958570.01,0.0,42511.0,97.9
1789958571.01,0.0,39057.0,111.03
1789958572.046,100.0,39411.0,247.14
1789958573.046,100.0,39413.0,570.98
1789958574.046,100.0,39413.0,576.06
1789958575.046,100.0,39413.0,576.96
1789958576.046,15.0,39381.0,365.18
1789958577.048,100.0,42843.0,300.43
1789958578.048,100.0,42843.0,601.22
1789958579.048,100.0,42843.0,600.8
1789958580.048,100.0,42843.0,598.67
1789958581.048,100.0,42843.0,603.35
1789958582.048,100.0,42843.0,597.27
1789958583.048,100.0,42843.0,601.73
1789958584.048,0.0,39337.0,363.77
1789958585.049,100.0,59083.0,428.7
1789958586.049,100.0,59083.0,566.77
1789958587.049,100.0,59083.0,569.26
1789958588.049,100.0,59083.0,569.1
1789958589.049,100.0,59083.0,566.34
1789958590.049,100.0,59083.0,568.26
1789958591.05,100.0,59083.0,573.19
