model,kind,request_id,scene_id,seed,prompt,prompt_sha256,requested_seconds,video_path,replay_input,artifact_sha256,profile_json
ltx,warmup,warmup-1,P_PORTRAIT,1290364460,"A middle-aged bicycle mechanic in a sunlit workshop looks up from fixing a wheel, smiles at the camera and says clearly in English, ""Ready for another ride."" Medium close-up, natural skin texture and gentle handheld movement. His mouth should match the words. Tools and hanging bicycles remain stable in the background. Quiet workshop sounds and natural speech, no background music.",f63039c43175dde8cd3ab433ff9021df3f91a337d330bf8ea8efc1a9be5678ce,5,ltx/warmups/technical-warmup-1.mp4,replay-inputs/ltx/warmup-1.json,a80b282dd28a462889d50f164ab38c0889ec6687f8d3faab0d6d96c81f8305e3,"{""backend"":""ltx25"",""mode"":""resident"",""model"":""Lightricks/LTX-2.5"",""model_revision"":""5e6e71018ee1756ed329b697a7b4aedc934dfce9"",""source_revision"":""a95ab856bf29407b6b066ede0abe1846050db56c"",""container_image"":""runpod/pytorch@sha256:4d1721e62b56d345c83b4fd6090664be6daf9312caab5b2e76f23d8231941851"",""gpu_count"":1,""gpu_name"":""NVIDIA RTX PRO 6000 Blackwell Server Edition"",""width"":1344,""height"":768,""frames"":121,""fps"":24,""requested_video_seconds"":5,""audio"":true,""precision"":""BF16"",""compile"":false,""quantization"":null,""prompt_enhancement"":false,""output_cache"":false,""embedding_cache"":false,""schedule"":""distilled_8_plus_3"",""decoder_tiling"":{""frames"":128,""temporal_overlap"":40,""height"":768,""width"":1344,""spatial_overlap"":160}}"
ltx,warmup,warmup-2,P_PORTRAIT,1117725752,"A middle-aged bicycle mechanic in a sunlit workshop looks up from fixing a wheel, smiles at the camera and says clearly in English, ""Ready for another ride."" Medium close-up, natural skin texture and gentle handheld movement. His mouth should match the words. Tools and hanging bicycles remain stable in the background. Quiet workshop sounds and natural speech, no background music.",f63039c43175dde8cd3ab433ff9021df3f91a337d330bf8ea8efc1a9be5678ce,5,ltx/warmups/technical-warmup-2.mp4,replay-inputs/ltx/warmup-2.json,1c49de494fcdcd46fe7fddf3808e4a0833ae35f977ed1eefc67312eb38ead9d1,"{""backend"":""ltx25"",""mode"":""resident"",""model"":""Lightricks/LTX-2.5"",""model_revision"":""5e6e71018ee1756ed329b697a7b4aedc934dfce9"",""source_revision"":""a95ab856bf29407b6b066ede0abe1846050db56c"",""container_image"":""runpod/pytorch@sha256:4d1721e62b56d345c83b4fd6090664be6daf9312caab5b2e76f23d8231941851"",""gpu_count"":1,""gpu_name"":""NVIDIA RTX PRO 6000 Blackwell Server Edition"",""width"":1344,""height"":768,""frames"":121,""fps"":24,""requested_video_seconds"":5,""audio"":true,""precision"":""BF16"",""compile"":false,""quantization"":null,""prompt_enhancement"":false,""output_cache"":false,""embedding_cache"":false,""schedule"":""distilled_8_plus_3"",""decoder_tiling"":{""frames"":128,""temporal_overlap"":40,""height"":768,""width"":1344,""spatial_overlap"":160}}"
ltx,measured,R0001,P_PORTRAIT,673465439,"A middle-aged bicycle mechanic in a sunlit workshop looks up from fixing a wheel, smiles at the camera and says clearly in English, ""Ready for another ride."" Medium close-up, natural skin texture and gentle handheld movement. His mouth should match the words. Tools and hanging bicycles remain stable in the background. Quiet workshop sounds and natural speech, no background music.",f63039c43175dde8cd3ab433ff9021df3f91a337d330bf8ea8efc1a9be5678ce,5,ltx/resident-delivery/R0001.mp4,replay-inputs/ltx/R0001.json,33dae7398b7014cc8de1b6a41a2f08b723cfaa8ad410a692cda300ebcf683734,"{""backend"":""ltx25"",""mode"":""resident"",""model"":""Lightricks/LTX-2.5"",""model_revision"":""5e6e71018ee1756ed329b697a7b4aedc934dfce9"",""source_revision"":""a95ab856bf29407b6b066ede0abe1846050db56c"",""container_image"":""runpod/pytorch@sha256:4d1721e62b56d345c83b4fd6090664be6daf9312caab5b2e76f23d8231941851"",""gpu_count"":1,""gpu_name"":""NVIDIA RTX PRO 6000 Blackwell Server Edition"",""width"":1344,""height"":768,""frames"":121,""fps"":24,""requested_video_seconds"":5,""audio"":true,""precision"":""BF16"",""compile"":false,""quantization"":null,""prompt_enhancement"":false,""output_cache"":false,""embedding_cache"":false,""schedule"":""distilled_8_plus_3"",""decoder_tiling"":{""frames"":128,""temporal_overlap"":40,""height"":768,""width"":1344,""spatial_overlap"":160}}"
ltx,measured,R0002,P_RAIN,810677805,"A person holding a transparent umbrella waits at a quiet city crossing in steady rain. View them from the side at shoulder height as they turn their head toward the traffic light. Raindrops run down the umbrella and small ripples form in puddles. Natural grey light, stable identity, one continuous shot. Hear rain hitting plastic and distant city traffic; no dialogue.",18eccf93cb3d7cc41c81003a3c5aa79946f51f4cc2096cb7f7b480bbe81a14ce,5,ltx/resident-delivery/R0002.mp4,replay-inputs/ltx/R0002.json,4a214a0df3abf3576b0c3b6bed50148462b83444297c053be1b504f3f3ca2f55,"{""backend"":""ltx25"",""mode"":""resident"",""model"":""Lightricks/LTX-2.5"",""model_revision"":""5e6e71018ee1756ed329b697a7b4aedc934dfce9"",""source_revision"":""a95ab856bf29407b6b066ede0abe1846050db56c"",""container_image"":""runpod/pytorch@sha256:4d1721e62b56d345c83b4fd6090664be6daf9312caab5b2e76f23d8231941851"",""gpu_count"":1,""gpu_name"":""NVIDIA RTX PRO 6000 Blackwell Server Edition"",""width"":1344,""height"":768,""frames"":121,""fps"":24,""requested_video_seconds"":5,""audio"":true,""precision"":""BF16"",""compile"":false,""quantization"":null,""prompt_enhancement"":false,""output_cache"":false,""embedding_cache"":false,""schedule"":""distilled_8_plus_3"",""decoder_tiling"":{""frames"":128,""temporal_overlap"":40,""height"":768,""width"":1344,""spatial_overlap"":160}}"
ltx,measured,R0003,P_SKATE,476251187,"A skateboarder in a yellow jacket rolls along an empty paved plaza, performs one small ollie over a painted line and lands smoothly. Low side-tracking camera follows the full motion without a cut. Late-afternoon sunlight casts a coherent moving shadow. Preserve the rider, clothing and skateboard shape. Hear rolling wheels, the board popping and the landing on concrete.",805d63405d48c81283bc230a7ca89bb877149326a946665e0cf6d8bdfeef7f5b,5,ltx/resident-delivery/R0003.mp4,replay-inputs/ltx/R0003.json,e62f48196a69334727e502cae7623c09ad18cb80ffefa53dbdba2056d6b403d2,"{""backend"":""ltx25"",""mode"":""resident"",""model"":""Lightricks/LTX-2.5"",""model_revision"":""5e6e71018ee1756ed329b697a7b4aedc934dfce9"",""source_revision"":""a95ab856bf29407b6b066ede0abe1846050db56c"",""container_image"":""runpod/pytorch@sha256:4d1721e62b56d345c83b4fd6090664be6daf9312caab5b2e76f23d8231941851"",""gpu_count"":1,""gpu_name"":""NVIDIA RTX PRO 6000 Blackwell Server Edition"",""width"":1344,""height"":768,""frames"":121,""fps"":24,""requested_video_seconds"":5,""audio"":true,""precision"":""BF16"",""compile"":false,""quantization"":null,""prompt_enhancement"":false,""output_cache"":false,""embedding_cache"":false,""schedule"":""distilled_8_plus_3"",""decoder_tiling"":{""frames"":128,""temporal_overlap"":40,""height"":768,""width"":1344,""spatial_overlap"":160}}"
ltx,measured,R0004,P03_ALLEY,1217349242,"A quiet, narrow seaside alley in a small coastal town during mid-afternoon in summer. The alley is lined with slightly weathered pastel houses, wooden shutters half-open, soft laundry swaying gently on clotheslines overhead. Sunlight filters through the gaps, casting warm golden highlights and soft shadows across the stone path.
At the end of the alley, the ocean glows a vivid blue under a clear sky, shimmering with reflected sunlight. A gentle sea breeze moves through the scene, subtly rustling fabric, hair, and nearby plants.
In the foreground, a young child (around 8–10 years old) stands barefoot on the warm stone path, wearing light summer clothes—slightly oversized, soft fabric, moving naturally with the breeze. The child is seen from behind, gazing toward the ocean with a quiet, contemplative stillness, evoking a sense of longing and innocence.
Ambient details: distant sound of waves, faint cries of seagulls, the soft hum of summer air. Small details like potted plants, peeling paint, and sun-faded textures add realism and nostalgia.
Camera & Style: Slow cinematic push-in toward the child from behind, shallow depth of field at first, gradually revealing the ocean in sharper focus. Natural lighting, soft bloom, warm color grading with slightly desaturated tones for a nostalgic feel. Subtle lens flare from sunlight.
Mood & Tone: Peaceful, reflective, nostalgic, emotionally warm. A quiet moment of everyday beauty, capturing childhood wonder and the timeless feeling of summer.
Visual Style Keywords: cinematic realism, soft lighting, nostalgic atmosphere, slice of life, Studio Ghibli-inspired realism, natural textures, warm summer tones, gentle motion
Technical Tags (optional): 4K, high detail, global illumination, volumetric light, realistic materials, film grain, soft focus transitions",13bd78486caf4c94182a1c245e3adac336744bc747f0c9e2d06242855697c697,5,ltx/resident-delivery/R0004.mp4,replay-inputs/ltx/R0004.json,f06d4e29ad5032ba2f1fb08ab7e1bc399c30b737f27d32233820408011515ebc,"{""backend"":""ltx25"",""mode"":""resident"",""model"":""Lightricks/LTX-2.5"",""model_revision"":""5e6e71018ee1756ed329b697a7b4aedc934dfce9"",""source_revision"":""a95ab856bf29407b6b066ede0abe1846050db56c"",""container_image"":""runpod/pytorch@sha256:4d1721e62b56d345c83b4fd6090664be6daf9312caab5b2e76f23d8231941851"",""gpu_count"":1,""gpu_name"":""NVIDIA RTX PRO 6000 Blackwell Server Edition"",""width"":1344,""height"":768,""frames"":121,""fps"":24,""requested_video_seconds"":5,""audio"":true,""precision"":""BF16"",""compile"":false,""quantization"":null,""prompt_enhancement"":false,""output_cache"":false,""embedding_cache"":false,""schedule"":""distilled_8_plus_3"",""decoder_tiling"":{""frames"":128,""temporal_overlap"":40,""height"":768,""width"":1344,""spatial_overlap"":160}}"
ltx,measured,R0005,P_CLAY,2055268427,"A small orange clay fox on a miniature grassy hill notices a blue butterfly and follows it with two playful steps. Handmade stop-motion style with visible clay texture and a painted sky. The butterfly circles once near the fox's nose. One fixed camera shot, consistent character shapes. Light footsteps and soft whimsical sound effects, no speech or text.",7317092e933dd1c04572ce14ab4dbec3a1909d49c60816569f878d64d1859f56,5,ltx/resident-delivery/R0005.mp4,replay-inputs/ltx/R0005.json,f0bdd760c079e0ca0429ce07ef0b321c1b60eaaf952cc84536e0be683173e4a9,"{""backend"":""ltx25"",""mode"":""resident"",""model"":""Lightricks/LTX-2.5"",""model_revision"":""5e6e71018ee1756ed329b697a7b4aedc934dfce9"",""source_revision"":""a95ab856bf29407b6b066ede0abe1846050db56c"",""container_image"":""runpod/pytorch@sha256:4d1721e62b56d345c83b4fd6090664be6daf9312caab5b2e76f23d8231941851"",""gpu_count"":1,""gpu_name"":""NVIDIA RTX PRO 6000 Blackwell Server Edition"",""width"":1344,""height"":768,""frames"":121,""fps"":24,""requested_video_seconds"":5,""audio"":true,""precision"":""BF16"",""compile"":false,""quantization"":null,""prompt_enhancement"":false,""output_cache"":false,""embedding_cache"":false,""schedule"":""distilled_8_plus_3"",""decoder_tiling"":{""frames"":128,""temporal_overlap"":40,""height"":768,""width"":1344,""spatial_overlap"":160}}"
ltx,measured,R0006,P_COFFEE,574688785,"In a quiet cafe, a barista slowly pours steamed milk into a dark ceramic cup of espresso, forming a simple white heart. Close-up camera at counter height, shallow depth of field, soft morning window light. Keep the cup and hands consistent throughout one continuous shot. Hear the milk pouring, the cup touching its saucer, and low cafe ambience. No music or dialogue.",2afd9890a21d7c9de362a4a8c06f2a363fe2a292def44fccede3fcd93f7ffee0,5,ltx/resident-delivery/R0006.mp4,replay-inputs/ltx/R0006.json,57c062b7d88ff91b270a3f0c2a76270428d764090df29c4ca0b2e53584ea0944,"{""backend"":""ltx25"",""mode"":""resident"",""model"":""Lightricks/LTX-2.5"",""model_revision"":""5e6e71018ee1756ed329b697a7b4aedc934dfce9"",""source_revision"":""a95ab856bf29407b6b066ede0abe1846050db56c"",""container_image"":""runpod/pytorch@sha256:4d1721e62b56d345c83b4fd6090664be6daf9312caab5b2e76f23d8231941851"",""gpu_count"":1,""gpu_name"":""NVIDIA RTX PRO 6000 Blackwell Server Edition"",""width"":1344,""height"":768,""frames"":121,""fps"":24,""requested_video_seconds"":5,""audio"":true,""precision"":""BF16"",""compile"":false,""quantization"":null,""prompt_enhancement"":false,""output_cache"":false,""embedding_cache"":false,""schedule"":""distilled_8_plus_3"",""decoder_tiling"":{""frames"":128,""temporal_overlap"":40,""height"":768,""width"":1344,""spatial_overlap"":160}}"
ltx,measured,R0007,P_DRONE,1598014044,"A drone camera slowly rises above a small stone bridge spanning a river in a green valley, revealing distant hills beyond it. Morning mist lies low over the water. Keep bridge geometry and riverbanks consistent as the viewpoint changes. Realistic aerial cinematography with a gentle continuous ascent. Sound of river water and distant birds, no drone motor or speech.",c78265ed71f8184c6c94c0a5675e1d93f3917917d1f57a6652f40c3b03770e1e,5,ltx/resident-delivery/R0007.mp4,replay-inputs/ltx/R0007.json,ba54deb2be5f7a4c861d4a47fdbf90df864063ff2a42c134aaa34ccee6c8f3a3,"{""backend"":""ltx25"",""mode"":""resident"",""model"":""Lightricks/LTX-2.5"",""model_revision"":""5e6e71018ee1756ed329b697a7b4aedc934dfce9"",""source_revision"":""a95ab856bf29407b6b066ede0abe1846050db56c"",""container_image"":""runpod/pytorch@sha256:4d1721e62b56d345c83b4fd6090664be6daf9312caab5b2e76f23d8231941851"",""gpu_count"":1,""gpu_name"":""NVIDIA RTX PRO 6000 Blackwell Server Edition"",""width"":1344,""height"":768,""frames"":121,""fps"":24,""requested_video_seconds"":5,""audio"":true,""precision"":""BF16"",""compile"":false,""quantization"":null,""prompt_enhancement"":false,""output_cache"":false,""embedding_cache"":false,""schedule"":""distilled_8_plus_3"",""decoder_tiling"":{""frames"":128,""temporal_overlap"":40,""height"":768,""width"":1344,""spatial_overlap"":160}}"
ltx,measured,R0008,P_POTTERY,1630369445,"Close-up of a potter's wet hands shaping a spinning clay bowl on a pottery wheel. Fingers gently widen the rim while the bowl stays centered and symmetrical. Soft side light shows the texture of the clay and water on the hands. Static camera, one continuous realistic workshop shot. Hear the wheel motor, damp clay contact and quiet room ambience.",617ec30cc94bd78f0f9444d2e8835309698cc9f5fd1df0fdc08c38005aedf232,5,ltx/resident-delivery/R0008.mp4,replay-inputs/ltx/R0008.json,3ac3391074dba6dc74fc88e6aab1c19d98d0f388fee344c46cf4c9ff2934a812,"{""backend"":""ltx25"",""mode"":""resident"",""model"":""Lightricks/LTX-2.5"",""model_revision"":""5e6e71018ee1756ed329b697a7b4aedc934dfce9"",""source_revision"":""a95ab856bf29407b6b066ede0abe1846050db56c"",""container_image"":""runpod/pytorch@sha256:4d1721e62b56d345c83b4fd6090664be6daf9312caab5b2e76f23d8231941851"",""gpu_count"":1,""gpu_name"":""NVIDIA RTX PRO 6000 Blackwell Server Edition"",""width"":1344,""height"":768,""frames"":121,""fps"":24,""requested_video_seconds"":5,""audio"":true,""precision"":""BF16"",""compile"":false,""quantization"":null,""prompt_enhancement"":false,""output_cache"":false,""embedding_cache"":false,""schedule"":""distilled_8_plus_3"",""decoder_tiling"":{""frames"":128,""temporal_overlap"":40,""height"":768,""width"":1344,""spatial_overlap"":160}}"
ltx,measured,R0009,P_DOG,560210668,"A wet golden retriever runs out of shallow water onto a sandy beach and shakes water from its coat. Film at the dog's eye level with natural daylight and a softly blurred sea behind it. The camera holds one continuous shot as droplets scatter and fall. Realistic fur and four anatomically coherent legs. Sound of splashing, the coat shaking and small waves; no speech.",f463371b0666c129b88ee25516b6e2276d961084257eaa5847aca42fa6b61607,5,ltx/resident-delivery/R0009.mp4,replay-inputs/ltx/R0009.json,5c0638b4bd1b620e1bc4db5d36e8b72fd4bda929e6b0e81e68292bbbb0d19f29,"{""backend"":""ltx25"",""mode"":""resident"",""model"":""Lightricks/LTX-2.5"",""model_revision"":""5e6e71018ee1756ed329b697a7b4aedc934dfce9"",""source_revision"":""a95ab856bf29407b6b066ede0abe1846050db56c"",""container_image"":""runpod/pytorch@sha256:4d1721e62b56d345c83b4fd6090664be6daf9312caab5b2e76f23d8231941851"",""gpu_count"":1,""gpu_name"":""NVIDIA RTX PRO 6000 Blackwell Server Edition"",""width"":1344,""height"":768,""frames"":121,""fps"":24,""requested_video_seconds"":5,""audio"":true,""precision"":""BF16"",""compile"":false,""quantization"":null,""prompt_enhancement"":false,""output_cache"":false,""embedding_cache"":false,""schedule"":""distilled_8_plus_3"",""decoder_tiling"":{""frames"":128,""temporal_overlap"":40,""height"":768,""width"":1344,""spatial_overlap"":160}}"
ltx,measured,R0010,P_GUITAR,1542323104,"An adult musician seated on a simple stool plays a short gentle phrase on an acoustic guitar. Frame both hands and the upper body from the front. Fingers press the strings on the fretboard while the other hand plucks them. Warm studio lighting, fixed camera and realistic anatomy. The audible guitar notes should correspond to visible playing; no vocals or backing instruments.",5f31dae19d3ddb12acc08edd06de8787e96a4a6ea9c37c70ebbeea8c38a5d680,5,ltx/resident-delivery/R0010.mp4,replay-inputs/ltx/R0010.json,87b8bf700090d48f7a00e59f24e412c886e0e2699939d7b6147439d2fd0b1d4d,"{""backend"":""ltx25"",""mode"":""resident"",""model"":""Lightricks/LTX-2.5"",""model_revision"":""5e6e71018ee1756ed329b697a7b4aedc934dfce9"",""source_revision"":""a95ab856bf29407b6b066ede0abe1846050db56c"",""container_image"":""runpod/pytorch@sha256:4d1721e62b56d345c83b4fd6090664be6daf9312caab5b2e76f23d8231941851"",""gpu_count"":1,""gpu_name"":""NVIDIA RTX PRO 6000 Blackwell Server Edition"",""width"":1344,""height"":768,""frames"":121,""fps"":24,""requested_video_seconds"":5,""audio"":true,""precision"":""BF16"",""compile"":false,""quantization"":null,""prompt_enhancement"":false,""output_cache"":false,""embedding_cache"":false,""schedule"":""distilled_8_plus_3"",""decoder_tiling"":{""frames"":128,""temporal_overlap"":40,""height"":768,""width"":1344,""spatial_overlap"":160}}"
ltx,measured,R0011,P_DANCE,2069578673,"A dancer wearing a loose blue shirt performs one smooth turn in a spacious rehearsal studio, then settles into a balanced standing pose. Full-body camera framing shows both feet throughout. Soft daylight from tall windows, realistic wooden floor and a consistent shadow. One uninterrupted shot with natural movement. Hear footfalls and a brief quiet breath, no spoken words.",f3c3f60e4d49697670116aabefa06a752358adce583a83519022363fef86accc,5,ltx/resident-delivery/R0011.mp4,replay-inputs/ltx/R0011.json,433819ce9c926098e5103d9bf32ed9b31252b5bf692af307944adbb21d7bd5ce,"{""backend"":""ltx25"",""mode"":""resident"",""model"":""Lightricks/LTX-2.5"",""model_revision"":""5e6e71018ee1756ed329b697a7b4aedc934dfce9"",""source_revision"":""a95ab856bf29407b6b066ede0abe1846050db56c"",""container_image"":""runpod/pytorch@sha256:4d1721e62b56d345c83b4fd6090664be6daf9312caab5b2e76f23d8231941851"",""gpu_count"":1,""gpu_name"":""NVIDIA RTX PRO 6000 Blackwell Server Edition"",""width"":1344,""height"":768,""frames"":121,""fps"":24,""requested_video_seconds"":5,""audio"":true,""precision"":""BF16"",""compile"":false,""quantization"":null,""prompt_enhancement"":false,""output_cache"":false,""embedding_cache"":false,""schedule"":""distilled_8_plus_3"",""decoder_tiling"":{""frames"":128,""temporal_overlap"":40,""height"":768,""width"":1344,""spatial_overlap"":160}}"
ltx,measured,R0012,P01_EN,927265203,"A cinematic live-action cooking scene in a bright professional kitchen. A serious human chef places a normal-looking onion on a cutting board. The instant the knife comes down, the onion transforms into a hand-drawn cartoon character, screams, stretches like rubber. It dives into a pile of real vegetables and disguises itself as an ordinary onion. The chef pauses, studies the pile, then casually grabs a different onion--only for every vegetable to suddenly open cartoon eyes and scream. Photorealistic kitchen, expressive 2D animation, accurate shadows and physical interaction, fast comedic timing, dramatic cooking sounds.

Any spoken words, dialogue, narration, or on-screen text must be in English only. Do not use Spanish, Russian, or other languages.",9c924c21f39702c03de5287bb3307e1b6df82303b9e6d352704e7fa7a91a96a7,5,ltx/resident-delivery/R0012.mp4,replay-inputs/ltx/R0012.json,259bb0d8f1b3a6795115a28b74e9956ea8945c2f095330ab066c09e617141b98,"{""backend"":""ltx25"",""mode"":""resident"",""model"":""Lightricks/LTX-2.5"",""model_revision"":""5e6e71018ee1756ed329b697a7b4aedc934dfce9"",""source_revision"":""a95ab856bf29407b6b066ede0abe1846050db56c"",""container_image"":""runpod/pytorch@sha256:4d1721e62b56d345c83b4fd6090664be6daf9312caab5b2e76f23d8231941851"",""gpu_count"":1,""gpu_name"":""NVIDIA RTX PRO 6000 Blackwell Server Edition"",""width"":1344,""height"":768,""frames"":121,""fps"":24,""requested_video_seconds"":5,""audio"":true,""precision"":""BF16"",""compile"":false,""quantization"":null,""prompt_enhancement"":false,""output_cache"":false,""embedding_cache"":false,""schedule"":""distilled_8_plus_3"",""decoder_tiling"":{""frames"":128,""temporal_overlap"":40,""height"":768,""width"":1344,""spatial_overlap"":160}}"
ltx,measured,R0013,P_PERFUME,1200958113,"A clear glass perfume bottle with an unmarked silver cap rotates slowly on a matte black pedestal. A narrow beam of warm light moves over its curved surface, revealing believable reflections and a pale amber liquid inside. Locked camera, dark studio background, premium product photography in one continuous shot. A soft airy tonal sound accompanies the rotation. No hands, lettering or narration.",cd469710f8ef174e7e4a99ef440dbe231d95c138b1a16c3c26869e5f476029c9,5,ltx/resident-delivery/R0013.mp4,replay-inputs/ltx/R0013.json,64e3a95211133ce7d038f78beebe1104afecf8d789f7723a4c87685eaa992e31,"{""backend"":""ltx25"",""mode"":""resident"",""model"":""Lightricks/LTX-2.5"",""model_revision"":""5e6e71018ee1756ed329b697a7b4aedc934dfce9"",""source_revision"":""a95ab856bf29407b6b066ede0abe1846050db56c"",""container_image"":""runpod/pytorch@sha256:4d1721e62b56d345c83b4fd6090664be6daf9312caab5b2e76f23d8231941851"",""gpu_count"":1,""gpu_name"":""NVIDIA RTX PRO 6000 Blackwell Server Edition"",""width"":1344,""height"":768,""frames"":121,""fps"":24,""requested_video_seconds"":5,""audio"":true,""precision"":""BF16"",""compile"":false,""quantization"":null,""prompt_enhancement"":false,""output_cache"":false,""embedding_cache"":false,""schedule"":""distilled_8_plus_3"",""decoder_tiling"":{""frames"":128,""temporal_overlap"":40,""height"":768,""width"":1344,""spatial_overlap"":160}}"
ltx,measured,R0014,P02_TURTLE,1619013743,"A green sea turtle lifts its head above crystal-clear water, exhaling a misty plume that catches sunrise light; ripples race outward.  
200 mm telephoto realism, 1/4000 s freeze, warm golden backlight.  
audio: soft exhale + gentle wave slap
negative: no divers, no boats",e20142b0b4017c3a79a125c808a2068c5890fb7d04ddec169baa5ef9a41c366d,5,ltx/resident-delivery/R0014.mp4,replay-inputs/ltx/R0014.json,4a5eb8413335bd91f182d9f7af6e26b52b7ddc0d22c56a129f205dbac112e373,"{""backend"":""ltx25"",""mode"":""resident"",""model"":""Lightricks/LTX-2.5"",""model_revision"":""5e6e71018ee1756ed329b697a7b4aedc934dfce9"",""source_revision"":""a95ab856bf29407b6b066ede0abe1846050db56c"",""container_image"":""runpod/pytorch@sha256:4d1721e62b56d345c83b4fd6090664be6daf9312caab5b2e76f23d8231941851"",""gpu_count"":1,""gpu_name"":""NVIDIA RTX PRO 6000 Blackwell Server Edition"",""width"":1344,""height"":768,""frames"":121,""fps"":24,""requested_video_seconds"":5,""audio"":true,""precision"":""BF16"",""compile"":false,""quantization"":null,""prompt_enhancement"":false,""output_cache"":false,""embedding_cache"":false,""schedule"":""distilled_8_plus_3"",""decoder_tiling"":{""frames"":128,""temporal_overlap"":40,""height"":768,""width"":1344,""spatial_overlap"":160}}"
ltx,measured,R0015,P_GEARS,1727126203,"Macro view of three brass gears turning together inside an open mechanical clock. Every gear meshes consistently with its neighbors and rotates in the appropriate opposite direction. Warm directional light highlights fine machining marks and tiny moving reflections. Slow sideways camera slide, one continuous realistic shot. Hear a steady mechanical ticking with no music or speech.",a21304a83ff9d2e9bdc6a67d9ae1d8cd5c384622e96f332b599c9c0b1a439271,5,ltx/resident-delivery/R0015.mp4,replay-inputs/ltx/R0015.json,8f5137b1d4c7d6ef27ac6413bcb4865755aa025485afb7d885af5f7005a1e3dc,"{""backend"":""ltx25"",""mode"":""resident"",""model"":""Lightricks/LTX-2.5"",""model_revision"":""5e6e71018ee1756ed329b697a7b4aedc934dfce9"",""source_revision"":""a95ab856bf29407b6b066ede0abe1846050db56c"",""container_image"":""runpod/pytorch@sha256:4d1721e62b56d345c83b4fd6090664be6daf9312caab5b2e76f23d8231941851"",""gpu_count"":1,""gpu_name"":""NVIDIA RTX PRO 6000 Blackwell Server Edition"",""width"":1344,""height"":768,""frames"":121,""fps"":24,""requested_video_seconds"":5,""audio"":true,""precision"":""BF16"",""compile"":false,""quantization"":null,""prompt_enhancement"":false,""output_cache"":false,""embedding_cache"":false,""schedule"":""distilled_8_plus_3"",""decoder_tiling"":{""frames"":128,""temporal_overlap"":40,""height"":768,""width"":1344,""spatial_overlap"":160}}"
ltx,measured,R0016,P_REEF,489523228,A small school of blue fish swims from left to right through a sunlit coral reef while a larger striped fish moves slowly in the opposite direction. Underwater documentary shot with gentle drifting camera movement and light rays from the surface. Consistent fish bodies and natural water movement. Soft muffled underwater ambience without voices or music.,63f57f982c9b667a40640f2e968878c4d27c9e4ed75f60cec4cba7111dd82467,5,ltx/resident-delivery/R0016.mp4,replay-inputs/ltx/R0016.json,eb99ee0a1a64933e8d97e17ecdeb7f2c9cd9874831de21114ef2d93ba512b38f,"{""backend"":""ltx25"",""mode"":""resident"",""model"":""Lightricks/LTX-2.5"",""model_revision"":""5e6e71018ee1756ed329b697a7b4aedc934dfce9"",""source_revision"":""a95ab856bf29407b6b066ede0abe1846050db56c"",""container_image"":""runpod/pytorch@sha256:4d1721e62b56d345c83b4fd6090664be6daf9312caab5b2e76f23d8231941851"",""gpu_count"":1,""gpu_name"":""NVIDIA RTX PRO 6000 Blackwell Server Edition"",""width"":1344,""height"":768,""frames"":121,""fps"":24,""requested_video_seconds"":5,""audio"":true,""precision"":""BF16"",""compile"":false,""quantization"":null,""prompt_enhancement"":false,""output_cache"":false,""embedding_cache"":false,""schedule"":""distilled_8_plus_3"",""decoder_tiling"":{""frames"":128,""temporal_overlap"":40,""height"":768,""width"":1344,""spatial_overlap"":160}}"
ltx,measured,R0017,P_WATERFALL,215102974,"The camera glides slowly forward over a small forest stream toward a low waterfall cascading between moss-covered rocks. Sunlight filters through green leaves and catches fine mist above the water. Keep the rocks and trees stationary while water flows continuously. Realistic landscape cinematography, one uninterrupted camera movement. Layered sound of rushing water, a few birds and a light breeze.",9bac01b1a5034b7d19912dac4f312e129e7f723e4b0b254ffb6221d1cfc451b0,5,ltx/resident-delivery/R0017.mp4,replay-inputs/ltx/R0017.json,e990e19317e0d320412038d81ad7dc555a868e06a326538a6d831504f617fb28,"{""backend"":""ltx25"",""mode"":""resident"",""model"":""Lightricks/LTX-2.5"",""model_revision"":""5e6e71018ee1756ed329b697a7b4aedc934dfce9"",""source_revision"":""a95ab856bf29407b6b066ede0abe1846050db56c"",""container_image"":""runpod/pytorch@sha256:4d1721e62b56d345c83b4fd6090664be6daf9312caab5b2e76f23d8231941851"",""gpu_count"":1,""gpu_name"":""NVIDIA RTX PRO 6000 Blackwell Server Edition"",""width"":1344,""height"":768,""frames"":121,""fps"":24,""requested_video_seconds"":5,""audio"":true,""precision"":""BF16"",""compile"":false,""quantization"":null,""prompt_enhancement"":false,""output_cache"":false,""embedding_cache"":false,""schedule"":""distilled_8_plus_3"",""decoder_tiling"":{""frames"":128,""temporal_overlap"":40,""height"":768,""width"":1344,""spatial_overlap"":160}}"
ltx,measured,R0018,P_CAR,755978352,"A red compact car drives at a moderate speed along a wet mountain road after rain. Side-tracking camera keeps the whole car visible as its wheels rotate and spray a little water. Cloudy daylight, wooded hills and realistic reflections on the road. One continuous shot, no other cars. Hear the engine, tire noise and wet pavement, with no dialogue or music.",8a819d8e41cb3053412deafc9a74c0fb2a4dd9a3f596f71008bf474fb9602c99,5,ltx/resident-delivery/R0018.mp4,replay-inputs/ltx/R0018.json,13daf9d8bacba21292ac5f95738cc86066ad5c71da538ec0df30bb6e8a50908d,"{""backend"":""ltx25"",""mode"":""resident"",""model"":""Lightricks/LTX-2.5"",""model_revision"":""5e6e71018ee1756ed329b697a7b4aedc934dfce9"",""source_revision"":""a95ab856bf29407b6b066ede0abe1846050db56c"",""container_image"":""runpod/pytorch@sha256:4d1721e62b56d345c83b4fd6090664be6daf9312caab5b2e76f23d8231941851"",""gpu_count"":1,""gpu_name"":""NVIDIA RTX PRO 6000 Blackwell Server Edition"",""width"":1344,""height"":768,""frames"":121,""fps"":24,""requested_video_seconds"":5,""audio"":true,""precision"":""BF16"",""compile"":false,""quantization"":null,""prompt_enhancement"":false,""output_cache"":false,""embedding_cache"":false,""schedule"":""distilled_8_plus_3"",""decoder_tiling"":{""frames"":128,""temporal_overlap"":40,""height"":768,""width"":1344,""spatial_overlap"":160}}"
ltx,measured,R0019,P_SIGN,448568235,"At dusk, a small neighborhood bakery switches on a warm illuminated sign reading ""OPEN"" above its front door. A customer carrying a paper bag walks out onto the sidewalk. The camera remains across the street in one steady shot. Legible four-letter sign, believable glass reflections and warm interior light against the blue evening. Hear the door bell and distant traffic.",9391401985143d8d65fe4930e16eb5c7e03b394e235a2ce492bb2112a5d8a3b7,5,ltx/resident-delivery/R0019.mp4,replay-inputs/ltx/R0019.json,332a9e9ef77e216a4d49e2ad9684d2a568cd5eaf37874c4b431c758fe0d9b265,"{""backend"":""ltx25"",""mode"":""resident"",""model"":""Lightricks/LTX-2.5"",""model_revision"":""5e6e71018ee1756ed329b697a7b4aedc934dfce9"",""source_revision"":""a95ab856bf29407b6b066ede0abe1846050db56c"",""container_image"":""runpod/pytorch@sha256:4d1721e62b56d345c83b4fd6090664be6daf9312caab5b2e76f23d8231941851"",""gpu_count"":1,""gpu_name"":""NVIDIA RTX PRO 6000 Blackwell Server Edition"",""width"":1344,""height"":768,""frames"":121,""fps"":24,""requested_video_seconds"":5,""audio"":true,""precision"":""BF16"",""compile"":false,""quantization"":null,""prompt_enhancement"":false,""output_cache"":false,""embedding_cache"":false,""schedule"":""distilled_8_plus_3"",""decoder_tiling"":{""frames"":128,""temporal_overlap"":40,""height"":768,""width"":1344,""spatial_overlap"":160}}"
ltx,measured,R0020,P_FIRE,187875388,"In a quiet snow-covered forest at blue hour, a small campfire flickers beside an empty wooden bench. Sparks rise briefly and fade while a thin plume of smoke drifts to the right. The camera slowly pushes closer without a cut. Warm firelight falls naturally across nearby snow. Hear wood crackling and soft winter wind, no people or music.",a4b2fe69b1bda6a81ff22d3d0cc95906cb244766b7bd47adce75441059620e95,5,ltx/resident-delivery/R0020.mp4,replay-inputs/ltx/R0020.json,12b600e85798f3bcfc752d5a3e5db55c02cce5ca2e01b5f3ba8fca485f34898e,"{""backend"":""ltx25"",""mode"":""resident"",""model"":""Lightricks/LTX-2.5"",""model_revision"":""5e6e71018ee1756ed329b697a7b4aedc934dfce9"",""source_revision"":""a95ab856bf29407b6b066ede0abe1846050db56c"",""container_image"":""runpod/pytorch@sha256:4d1721e62b56d345c83b4fd6090664be6daf9312caab5b2e76f23d8231941851"",""gpu_count"":1,""gpu_name"":""NVIDIA RTX PRO 6000 Blackwell Server Edition"",""width"":1344,""height"":768,""frames"":121,""fps"":24,""requested_video_seconds"":5,""audio"":true,""precision"":""BF16"",""compile"":false,""quantization"":null,""prompt_enhancement"":false,""output_cache"":false,""embedding_cache"":false,""schedule"":""distilled_8_plus_3"",""decoder_tiling"":{""frames"":128,""temporal_overlap"":40,""height"":768,""width"":1344,""spatial_overlap"":160}}"
ltx,measured,R0021,P_GEARS,2094482259,"Macro view of three brass gears turning together inside an open mechanical clock. Every gear meshes consistently with its neighbors and rotates in the appropriate opposite direction. Warm directional light highlights fine machining marks and tiny moving reflections. Slow sideways camera slide, one continuous realistic shot. Hear a steady mechanical ticking with no music or speech.",a21304a83ff9d2e9bdc6a67d9ae1d8cd5c384622e96f332b599c9c0b1a439271,5,ltx/resident-delivery/R0021.mp4,replay-inputs/ltx/R0021.json,551494303cb75c6a5d61548b0895956120a710b4ef59d4982faf3675cfe14537,"{""backend"":""ltx25"",""mode"":""resident"",""model"":""Lightricks/LTX-2.5"",""model_revision"":""5e6e71018ee1756ed329b697a7b4aedc934dfce9"",""source_revision"":""a95ab856bf29407b6b066ede0abe1846050db56c"",""container_image"":""runpod/pytorch@sha256:4d1721e62b56d345c83b4fd6090664be6daf9312caab5b2e76f23d8231941851"",""gpu_count"":1,""gpu_name"":""NVIDIA RTX PRO 6000 Blackwell Server Edition"",""width"":1344,""height"":768,""frames"":121,""fps"":24,""requested_video_seconds"":5,""audio"":true,""precision"":""BF16"",""compile"":false,""quantization"":null,""prompt_enhancement"":false,""output_cache"":false,""embedding_cache"":false,""schedule"":""distilled_8_plus_3"",""decoder_tiling"":{""frames"":128,""temporal_overlap"":40,""height"":768,""width"":1344,""spatial_overlap"":160}}"
ltx,measured,R0022,P_GUITAR,282529531,"An adult musician seated on a simple stool plays a short gentle phrase on an acoustic guitar. Frame both hands and the upper body from the front. Fingers press the strings on the fretboard while the other hand plucks them. Warm studio lighting, fixed camera and realistic anatomy. The audible guitar notes should correspond to visible playing; no vocals or backing instruments.",5f31dae19d3ddb12acc08edd06de8787e96a4a6ea9c37c70ebbeea8c38a5d680,5,ltx/resident-delivery/R0022.mp4,replay-inputs/ltx/R0022.json,7eb21e67132912592cc3c7d06e3f9fa17cc6988b8f933af6577fd245cfd68c7e,"{""backend"":""ltx25"",""mode"":""resident"",""model"":""Lightricks/LTX-2.5"",""model_revision"":""5e6e71018ee1756ed329b697a7b4aedc934dfce9"",""source_revision"":""a95ab856bf29407b6b066ede0abe1846050db56c"",""container_image"":""runpod/pytorch@sha256:4d1721e62b56d345c83b4fd6090664be6daf9312caab5b2e76f23d8231941851"",""gpu_count"":1,""gpu_name"":""NVIDIA RTX PRO 6000 Blackwell Server Edition"",""width"":1344,""height"":768,""frames"":121,""fps"":24,""requested_video_seconds"":5,""audio"":true,""precision"":""BF16"",""compile"":false,""quantization"":null,""prompt_enhancement"":false,""output_cache"":false,""embedding_cache"":false,""schedule"":""distilled_8_plus_3"",""decoder_tiling"":{""frames"":128,""temporal_overlap"":40,""height"":768,""width"":1344,""spatial_overlap"":160}}"
ltx,measured,R0023,P_FIRE,1861980610,"In a quiet snow-covered forest at blue hour, a small campfire flickers beside an empty wooden bench. Sparks rise briefly and fade while a thin plume of smoke drifts to the right. The camera slowly pushes closer without a cut. Warm firelight falls naturally across nearby snow. Hear wood crackling and soft winter wind, no people or music.",a4b2fe69b1bda6a81ff22d3d0cc95906cb244766b7bd47adce75441059620e95,5,ltx/resident-delivery/R0023.mp4,replay-inputs/ltx/R0023.json,2c334761bee2f37d9c6507f3ae00f3bed5ef4d54921ce8a230c32c618c82801a,"{""backend"":""ltx25"",""mode"":""resident"",""model"":""Lightricks/LTX-2.5"",""model_revision"":""5e6e71018ee1756ed329b697a7b4aedc934dfce9"",""source_revision"":""a95ab856bf29407b6b066ede0abe1846050db56c"",""container_image"":""runpod/pytorch@sha256:4d1721e62b56d345c83b4fd6090664be6daf9312caab5b2e76f23d8231941851"",""gpu_count"":1,""gpu_name"":""NVIDIA RTX PRO 6000 Blackwell Server Edition"",""width"":1344,""height"":768,""frames"":121,""fps"":24,""requested_video_seconds"":5,""audio"":true,""precision"":""BF16"",""compile"":false,""quantization"":null,""prompt_enhancement"":false,""output_cache"":false,""embedding_cache"":false,""schedule"":""distilled_8_plus_3"",""decoder_tiling"":{""frames"":128,""temporal_overlap"":40,""height"":768,""width"":1344,""spatial_overlap"":160}}"
ltx,measured,R0024,P_DRONE,710409435,"A drone camera slowly rises above a small stone bridge spanning a river in a green valley, revealing distant hills beyond it. Morning mist lies low over the water. Keep bridge geometry and riverbanks consistent as the viewpoint changes. Realistic aerial cinematography with a gentle continuous ascent. Sound of river water and distant birds, no drone motor or speech.",c78265ed71f8184c6c94c0a5675e1d93f3917917d1f57a6652f40c3b03770e1e,5,ltx/resident-delivery/R0024.mp4,replay-inputs/ltx/R0024.json,3e9100a4b799995dee36d6deefc3b34576b47812cb564aeb06e4d4b0a0120320,"{""backend"":""ltx25"",""mode"":""resident"",""model"":""Lightricks/LTX-2.5"",""model_revision"":""5e6e71018ee1756ed329b697a7b4aedc934dfce9"",""source_revision"":""a95ab856bf29407b6b066ede0abe1846050db56c"",""container_image"":""runpod/pytorch@sha256:4d1721e62b56d345c83b4fd6090664be6daf9312caab5b2e76f23d8231941851"",""gpu_count"":1,""gpu_name"":""NVIDIA RTX PRO 6000 Blackwell Server Edition"",""width"":1344,""height"":768,""frames"":121,""fps"":24,""requested_video_seconds"":5,""audio"":true,""precision"":""BF16"",""compile"":false,""quantization"":null,""prompt_enhancement"":false,""output_cache"":false,""embedding_cache"":false,""schedule"":""distilled_8_plus_3"",""decoder_tiling"":{""frames"":128,""temporal_overlap"":40,""height"":768,""width"":1344,""spatial_overlap"":160}}"
ltx,measured,R0025,P_DOG,1734538185,"A wet golden retriever runs out of shallow water onto a sandy beach and shakes water from its coat. Film at the dog's eye level with natural daylight and a softly blurred sea behind it. The camera holds one continuous shot as droplets scatter and fall. Realistic fur and four anatomically coherent legs. Sound of splashing, the coat shaking and small waves; no speech.",f463371b0666c129b88ee25516b6e2276d961084257eaa5847aca42fa6b61607,5,ltx/resident-delivery/R0025.mp4,replay-inputs/ltx/R0025.json,adb7227c4aa25e86396f8e41fc9a016a49191f0c8a4e099f59295158ebe6d48f,"{""backend"":""ltx25"",""mode"":""resident"",""model"":""Lightricks/LTX-2.5"",""model_revision"":""5e6e71018ee1756ed329b697a7b4aedc934dfce9"",""source_revision"":""a95ab856bf29407b6b066ede0abe1846050db56c"",""container_image"":""runpod/pytorch@sha256:4d1721e62b56d345c83b4fd6090664be6daf9312caab5b2e76f23d8231941851"",""gpu_count"":1,""gpu_name"":""NVIDIA RTX PRO 6000 Blackwell Server Edition"",""width"":1344,""height"":768,""frames"":121,""fps"":24,""requested_video_seconds"":5,""audio"":true,""precision"":""BF16"",""compile"":false,""quantization"":null,""prompt_enhancement"":false,""output_cache"":false,""embedding_cache"":false,""schedule"":""distilled_8_plus_3"",""decoder_tiling"":{""frames"":128,""temporal_overlap"":40,""height"":768,""width"":1344,""spatial_overlap"":160}}"
ltx,measured,R0026,P_POTTERY,532757711,"Close-up of a potter's wet hands shaping a spinning clay bowl on a pottery wheel. Fingers gently widen the rim while the bowl stays centered and symmetrical. Soft side light shows the texture of the clay and water on the hands. Static camera, one continuous realistic workshop shot. Hear the wheel motor, damp clay contact and quiet room ambience.",617ec30cc94bd78f0f9444d2e8835309698cc9f5fd1df0fdc08c38005aedf232,5,ltx/resident-delivery/R0026.mp4,replay-inputs/ltx/R0026.json,0500ff396b3e0f8c3fc7555c9129c8744ca77dc0bdcbd11c7beffa2f71d29c7e,"{""backend"":""ltx25"",""mode"":""resident"",""model"":""Lightricks/LTX-2.5"",""model_revision"":""5e6e71018ee1756ed329b697a7b4aedc934dfce9"",""source_revision"":""a95ab856bf29407b6b066ede0abe1846050db56c"",""container_image"":""runpod/pytorch@sha256:4d1721e62b56d345c83b4fd6090664be6daf9312caab5b2e76f23d8231941851"",""gpu_count"":1,""gpu_name"":""NVIDIA RTX PRO 6000 Blackwell Server Edition"",""width"":1344,""height"":768,""frames"":121,""fps"":24,""requested_video_seconds"":5,""audio"":true,""precision"":""BF16"",""compile"":false,""quantization"":null,""prompt_enhancement"":false,""output_cache"":false,""embedding_cache"":false,""schedule"":""distilled_8_plus_3"",""decoder_tiling"":{""frames"":128,""temporal_overlap"":40,""height"":768,""width"":1344,""spatial_overlap"":160}}"
ltx,measured,R0027,P_SIGN,2022999876,"At dusk, a small neighborhood bakery switches on a warm illuminated sign reading ""OPEN"" above its front door. A customer carrying a paper bag walks out onto the sidewalk. The camera remains across the street in one steady shot. Legible four-letter sign, believable glass reflections and warm interior light against the blue evening. Hear the door bell and distant traffic.",9391401985143d8d65fe4930e16eb5c7e03b394e235a2ce492bb2112a5d8a3b7,5,ltx/resident-delivery/R0027.mp4,replay-inputs/ltx/R0027.json,f681c2019370c64e4c2da0de0da65aba9267ad63320bcedf5f8a5485201e44f3,"{""backend"":""ltx25"",""mode"":""resident"",""model"":""Lightricks/LTX-2.5"",""model_revision"":""5e6e71018ee1756ed329b697a7b4aedc934dfce9"",""source_revision"":""a95ab856bf29407b6b066ede0abe1846050db56c"",""container_image"":""runpod/pytorch@sha256:4d1721e62b56d345c83b4fd6090664be6daf9312caab5b2e76f23d8231941851"",""gpu_count"":1,""gpu_name"":""NVIDIA RTX PRO 6000 Blackwell Server Edition"",""width"":1344,""height"":768,""frames"":121,""fps"":24,""requested_video_seconds"":5,""audio"":true,""precision"":""BF16"",""compile"":false,""quantization"":null,""prompt_enhancement"":false,""output_cache"":false,""embedding_cache"":false,""schedule"":""distilled_8_plus_3"",""decoder_tiling"":{""frames"":128,""temporal_overlap"":40,""height"":768,""width"":1344,""spatial_overlap"":160}}"
ltx,measured,R0028,P_CAR,1120821513,"A red compact car drives at a moderate speed along a wet mountain road after rain. Side-tracking camera keeps the whole car visible as its wheels rotate and spray a little water. Cloudy daylight, wooded hills and realistic reflections on the road. One continuous shot, no other cars. Hear the engine, tire noise and wet pavement, with no dialogue or music.",8a819d8e41cb3053412deafc9a74c0fb2a4dd9a3f596f71008bf474fb9602c99,5,ltx/resident-delivery/R0028.mp4,replay-inputs/ltx/R0028.json,680bb89f0e791c6a2dc3b5b1420436ee2e3e838857087e2f2748731495b657b3,"{""backend"":""ltx25"",""mode"":""resident"",""model"":""Lightricks/LTX-2.5"",""model_revision"":""5e6e71018ee1756ed329b697a7b4aedc934dfce9"",""source_revision"":""a95ab856bf29407b6b066ede0abe1846050db56c"",""container_image"":""runpod/pytorch@sha256:4d1721e62b56d345c83b4fd6090664be6daf9312caab5b2e76f23d8231941851"",""gpu_count"":1,""gpu_name"":""NVIDIA RTX PRO 6000 Blackwell Server Edition"",""width"":1344,""height"":768,""frames"":121,""fps"":24,""requested_video_seconds"":5,""audio"":true,""precision"":""BF16"",""compile"":false,""quantization"":null,""prompt_enhancement"":false,""output_cache"":false,""embedding_cache"":false,""schedule"":""distilled_8_plus_3"",""decoder_tiling"":{""frames"":128,""temporal_overlap"":40,""height"":768,""width"":1344,""spatial_overlap"":160}}"
ltx,measured,R0029,P_WATERFALL,1442962472,"The camera glides slowly forward over a small forest stream toward a low waterfall cascading between moss-covered rocks. Sunlight filters through green leaves and catches fine mist above the water. Keep the rocks and trees stationary while water flows continuously. Realistic landscape cinematography, one uninterrupted camera movement. Layered sound of rushing water, a few birds and a light breeze.",9bac01b1a5034b7d19912dac4f312e129e7f723e4b0b254ffb6221d1cfc451b0,5,ltx/resident-delivery/R0029.mp4,replay-inputs/ltx/R0029.json,8d37d8006cf5098e4512e7743b0b9f663de4d14b8e6c68a070c0cfe8189b9144,"{""backend"":""ltx25"",""mode"":""resident"",""model"":""Lightricks/LTX-2.5"",""model_revision"":""5e6e71018ee1756ed329b697a7b4aedc934dfce9"",""source_revision"":""a95ab856bf29407b6b066ede0abe1846050db56c"",""container_image"":""runpod/pytorch@sha256:4d1721e62b56d345c83b4fd6090664be6daf9312caab5b2e76f23d8231941851"",""gpu_count"":1,""gpu_name"":""NVIDIA RTX PRO 6000 Blackwell Server Edition"",""width"":1344,""height"":768,""frames"":121,""fps"":24,""requested_video_seconds"":5,""audio"":true,""precision"":""BF16"",""compile"":false,""quantization"":null,""prompt_enhancement"":false,""output_cache"":false,""embedding_cache"":false,""schedule"":""distilled_8_plus_3"",""decoder_tiling"":{""frames"":128,""temporal_overlap"":40,""height"":768,""width"":1344,""spatial_overlap"":160}}"
ltx,measured,R0030,P_CLAY,564051936,"A small orange clay fox on a miniature grassy hill notices a blue butterfly and follows it with two playful steps. Handmade stop-motion style with visible clay texture and a painted sky. The butterfly circles once near the fox's nose. One fixed camera shot, consistent character shapes. Light footsteps and soft whimsical sound effects, no speech or text.",7317092e933dd1c04572ce14ab4dbec3a1909d49c60816569f878d64d1859f56,5,ltx/resident-delivery/R0030.mp4,replay-inputs/ltx/R0030.json,7aa75e01adde0d3c50aa7cf71f582271603e0990458b79ee0605cd1ce09b2747,"{""backend"":""ltx25"",""mode"":""resident"",""model"":""Lightricks/LTX-2.5"",""model_revision"":""5e6e71018ee1756ed329b697a7b4aedc934dfce9"",""source_revision"":""a95ab856bf29407b6b066ede0abe1846050db56c"",""container_image"":""runpod/pytorch@sha256:4d1721e62b56d345c83b4fd6090664be6daf9312caab5b2e76f23d8231941851"",""gpu_count"":1,""gpu_name"":""NVIDIA RTX PRO 6000 Blackwell Server Edition"",""width"":1344,""height"":768,""frames"":121,""fps"":24,""requested_video_seconds"":5,""audio"":true,""precision"":""BF16"",""compile"":false,""quantization"":null,""prompt_enhancement"":false,""output_cache"":false,""embedding_cache"":false,""schedule"":""distilled_8_plus_3"",""decoder_tiling"":{""frames"":128,""temporal_overlap"":40,""height"":768,""width"":1344,""spatial_overlap"":160}}"
ltx,measured,R0031,P_REEF,524671468,A small school of blue fish swims from left to right through a sunlit coral reef while a larger striped fish moves slowly in the opposite direction. Underwater documentary shot with gentle drifting camera movement and light rays from the surface. Consistent fish bodies and natural water movement. Soft muffled underwater ambience without voices or music.,63f57f982c9b667a40640f2e968878c4d27c9e4ed75f60cec4cba7111dd82467,5,ltx/resident-delivery/R0031.mp4,replay-inputs/ltx/R0031.json,6e86a402e04549114766fbd5cf4c5d77eaecada0b6ae573d2dfe80d34ac9f3f9,"{""backend"":""ltx25"",""mode"":""resident"",""model"":""Lightricks/LTX-2.5"",""model_revision"":""5e6e71018ee1756ed329b697a7b4aedc934dfce9"",""source_revision"":""a95ab856bf29407b6b066ede0abe1846050db56c"",""container_image"":""runpod/pytorch@sha256:4d1721e62b56d345c83b4fd6090664be6daf9312caab5b2e76f23d8231941851"",""gpu_count"":1,""gpu_name"":""NVIDIA RTX PRO 6000 Blackwell Server Edition"",""width"":1344,""height"":768,""frames"":121,""fps"":24,""requested_video_seconds"":5,""audio"":true,""precision"":""BF16"",""compile"":false,""quantization"":null,""prompt_enhancement"":false,""output_cache"":false,""embedding_cache"":false,""schedule"":""distilled_8_plus_3"",""decoder_tiling"":{""frames"":128,""temporal_overlap"":40,""height"":768,""width"":1344,""spatial_overlap"":160}}"
ltx,measured,R0032,P_DANCE,33582757,"A dancer wearing a loose blue shirt performs one smooth turn in a spacious rehearsal studio, then settles into a balanced standing pose. Full-body camera framing shows both feet throughout. Soft daylight from tall windows, realistic wooden floor and a consistent shadow. One uninterrupted shot with natural movement. Hear footfalls and a brief quiet breath, no spoken words.",f3c3f60e4d49697670116aabefa06a752358adce583a83519022363fef86accc,5,ltx/resident-delivery/R0032.mp4,replay-inputs/ltx/R0032.json,4581b86a6d382fe58e6225e15de9f9a7c06db4ab9d61cf393197058f33c9fc0b,"{""backend"":""ltx25"",""mode"":""resident"",""model"":""Lightricks/LTX-2.5"",""model_revision"":""5e6e71018ee1756ed329b697a7b4aedc934dfce9"",""source_revision"":""a95ab856bf29407b6b066ede0abe1846050db56c"",""container_image"":""runpod/pytorch@sha256:4d1721e62b56d345c83b4fd6090664be6daf9312caab5b2e76f23d8231941851"",""gpu_count"":1,""gpu_name"":""NVIDIA RTX PRO 6000 Blackwell Server Edition"",""width"":1344,""height"":768,""frames"":121,""fps"":24,""requested_video_seconds"":5,""audio"":true,""precision"":""BF16"",""compile"":false,""quantization"":null,""prompt_enhancement"":false,""output_cache"":false,""embedding_cache"":false,""schedule"":""distilled_8_plus_3"",""decoder_tiling"":{""frames"":128,""temporal_overlap"":40,""height"":768,""width"":1344,""spatial_overlap"":160}}"
ltx,measured,R0033,P_PORTRAIT,511434719,"A middle-aged bicycle mechanic in a sunlit workshop looks up from fixing a wheel, smiles at the camera and says clearly in English, ""Ready for another ride."" Medium close-up, natural skin texture and gentle handheld movement. His mouth should match the words. Tools and hanging bicycles remain stable in the background. Quiet workshop sounds and natural speech, no background music.",f63039c43175dde8cd3ab433ff9021df3f91a337d330bf8ea8efc1a9be5678ce,5,ltx/resident-delivery/R0033.mp4,replay-inputs/ltx/R0033.json,82a0b7af3e92e1386c65a8b9d7c377d29b90a254e7d7305b1fa840b0e7313d1d,"{""backend"":""ltx25"",""mode"":""resident"",""model"":""Lightricks/LTX-2.5"",""model_revision"":""5e6e71018ee1756ed329b697a7b4aedc934dfce9"",""source_revision"":""a95ab856bf29407b6b066ede0abe1846050db56c"",""container_image"":""runpod/pytorch@sha256:4d1721e62b56d345c83b4fd6090664be6daf9312caab5b2e76f23d8231941851"",""gpu_count"":1,""gpu_name"":""NVIDIA RTX PRO 6000 Blackwell Server Edition"",""width"":1344,""height"":768,""frames"":121,""fps"":24,""requested_video_seconds"":5,""audio"":true,""precision"":""BF16"",""compile"":false,""quantization"":null,""prompt_enhancement"":false,""output_cache"":false,""embedding_cache"":false,""schedule"":""distilled_8_plus_3"",""decoder_tiling"":{""frames"":128,""temporal_overlap"":40,""height"":768,""width"":1344,""spatial_overlap"":160}}"
ltx,measured,R0034,P02_TURTLE,1587120833,"A green sea turtle lifts its head above crystal-clear water, exhaling a misty plume that catches sunrise light; ripples race outward.  
200 mm telephoto realism, 1/4000 s freeze, warm golden backlight.  
audio: soft exhale + gentle wave slap
negative: no divers, no boats",e20142b0b4017c3a79a125c808a2068c5890fb7d04ddec169baa5ef9a41c366d,5,ltx/resident-delivery/R0034.mp4,replay-inputs/ltx/R0034.json,d34182acfa09a57315aaefb4e6ec9798c7a654a964356ace2f20af91fb88a474,"{""backend"":""ltx25"",""mode"":""resident"",""model"":""Lightricks/LTX-2.5"",""model_revision"":""5e6e71018ee1756ed329b697a7b4aedc934dfce9"",""source_revision"":""a95ab856bf29407b6b066ede0abe1846050db56c"",""container_image"":""runpod/pytorch@sha256:4d1721e62b56d345c83b4fd6090664be6daf9312caab5b2e76f23d8231941851"",""gpu_count"":1,""gpu_name"":""NVIDIA RTX PRO 6000 Blackwell Server Edition"",""width"":1344,""height"":768,""frames"":121,""fps"":24,""requested_video_seconds"":5,""audio"":true,""precision"":""BF16"",""compile"":false,""quantization"":null,""prompt_enhancement"":false,""output_cache"":false,""embedding_cache"":false,""schedule"":""distilled_8_plus_3"",""decoder_tiling"":{""frames"":128,""temporal_overlap"":40,""height"":768,""width"":1344,""spatial_overlap"":160}}"
ltx,measured,R0035,P_SKATE,2021065813,"A skateboarder in a yellow jacket rolls along an empty paved plaza, performs one small ollie over a painted line and lands smoothly. Low side-tracking camera follows the full motion without a cut. Late-afternoon sunlight casts a coherent moving shadow. Preserve the rider, clothing and skateboard shape. Hear rolling wheels, the board popping and the landing on concrete.",805d63405d48c81283bc230a7ca89bb877149326a946665e0cf6d8bdfeef7f5b,5,ltx/resident-delivery/R0035.mp4,replay-inputs/ltx/R0035.json,4f870afbda25f47e56ec1987f89ed268b5b6deed1e3be366f08bebef10495ac2,"{""backend"":""ltx25"",""mode"":""resident"",""model"":""Lightricks/LTX-2.5"",""model_revision"":""5e6e71018ee1756ed329b697a7b4aedc934dfce9"",""source_revision"":""a95ab856bf29407b6b066ede0abe1846050db56c"",""container_image"":""runpod/pytorch@sha256:4d1721e62b56d345c83b4fd6090664be6daf9312caab5b2e76f23d8231941851"",""gpu_count"":1,""gpu_name"":""NVIDIA RTX PRO 6000 Blackwell Server Edition"",""width"":1344,""height"":768,""frames"":121,""fps"":24,""requested_video_seconds"":5,""audio"":true,""precision"":""BF16"",""compile"":false,""quantization"":null,""prompt_enhancement"":false,""output_cache"":false,""embedding_cache"":false,""schedule"":""distilled_8_plus_3"",""decoder_tiling"":{""frames"":128,""temporal_overlap"":40,""height"":768,""width"":1344,""spatial_overlap"":160}}"
ltx,measured,R0036,P01_EN,1599591416,"A cinematic live-action cooking scene in a bright professional kitchen. A serious human chef places a normal-looking onion on a cutting board. The instant the knife comes down, the onion transforms into a hand-drawn cartoon character, screams, stretches like rubber. It dives into a pile of real vegetables and disguises itself as an ordinary onion. The chef pauses, studies the pile, then casually grabs a different onion--only for every vegetable to suddenly open cartoon eyes and scream. Photorealistic kitchen, expressive 2D animation, accurate shadows and physical interaction, fast comedic timing, dramatic cooking sounds.

Any spoken words, dialogue, narration, or on-screen text must be in English only. Do not use Spanish, Russian, or other languages.",9c924c21f39702c03de5287bb3307e1b6df82303b9e6d352704e7fa7a91a96a7,5,ltx/resident-delivery/R0036.mp4,replay-inputs/ltx/R0036.json,518af92ef95f67006b2c0aca2a75a35e6228377837dbe15c6bab1045c3732863,"{""backend"":""ltx25"",""mode"":""resident"",""model"":""Lightricks/LTX-2.5"",""model_revision"":""5e6e71018ee1756ed329b697a7b4aedc934dfce9"",""source_revision"":""a95ab856bf29407b6b066ede0abe1846050db56c"",""container_image"":""runpod/pytorch@sha256:4d1721e62b56d345c83b4fd6090664be6daf9312caab5b2e76f23d8231941851"",""gpu_count"":1,""gpu_name"":""NVIDIA RTX PRO 6000 Blackwell Server Edition"",""width"":1344,""height"":768,""frames"":121,""fps"":24,""requested_video_seconds"":5,""audio"":true,""precision"":""BF16"",""compile"":false,""quantization"":null,""prompt_enhancement"":false,""output_cache"":false,""embedding_cache"":false,""schedule"":""distilled_8_plus_3"",""decoder_tiling"":{""frames"":128,""temporal_overlap"":40,""height"":768,""width"":1344,""spatial_overlap"":160}}"
ltx,measured,R0037,P_PERFUME,995145558,"A clear glass perfume bottle with an unmarked silver cap rotates slowly on a matte black pedestal. A narrow beam of warm light moves over its curved surface, revealing believable reflections and a pale amber liquid inside. Locked camera, dark studio background, premium product photography in one continuous shot. A soft airy tonal sound accompanies the rotation. No hands, lettering or narration.",cd469710f8ef174e7e4a99ef440dbe231d95c138b1a16c3c26869e5f476029c9,5,ltx/resident-delivery/R0037.mp4,replay-inputs/ltx/R0037.json,20ba6c06bd0610fd908437a2659030957fa099db8beab14e7ed3609e7a65823c,"{""backend"":""ltx25"",""mode"":""resident"",""model"":""Lightricks/LTX-2.5"",""model_revision"":""5e6e71018ee1756ed329b697a7b4aedc934dfce9"",""source_revision"":""a95ab856bf29407b6b066ede0abe1846050db56c"",""container_image"":""runpod/pytorch@sha256:4d1721e62b56d345c83b4fd6090664be6daf9312caab5b2e76f23d8231941851"",""gpu_count"":1,""gpu_name"":""NVIDIA RTX PRO 6000 Blackwell Server Edition"",""width"":1344,""height"":768,""frames"":121,""fps"":24,""requested_video_seconds"":5,""audio"":true,""precision"":""BF16"",""compile"":false,""quantization"":null,""prompt_enhancement"":false,""output_cache"":false,""embedding_cache"":false,""schedule"":""distilled_8_plus_3"",""decoder_tiling"":{""frames"":128,""temporal_overlap"":40,""height"":768,""width"":1344,""spatial_overlap"":160}}"
ltx,measured,R0038,P03_ALLEY,945105261,"A quiet, narrow seaside alley in a small coastal town during mid-afternoon in summer. The alley is lined with slightly weathered pastel houses, wooden shutters half-open, soft laundry swaying gently on clotheslines overhead. Sunlight filters through the gaps, casting warm golden highlights and soft shadows across the stone path.
At the end of the alley, the ocean glows a vivid blue under a clear sky, shimmering with reflected sunlight. A gentle sea breeze moves through the scene, subtly rustling fabric, hair, and nearby plants.
In the foreground, a young child (around 8–10 years old) stands barefoot on the warm stone path, wearing light summer clothes—slightly oversized, soft fabric, moving naturally with the breeze. The child is seen from behind, gazing toward the ocean with a quiet, contemplative stillness, evoking a sense of longing and innocence.
Ambient details: distant sound of waves, faint cries of seagulls, the soft hum of summer air. Small details like potted plants, peeling paint, and sun-faded textures add realism and nostalgia.
Camera & Style: Slow cinematic push-in toward the child from behind, shallow depth of field at first, gradually revealing the ocean in sharper focus. Natural lighting, soft bloom, warm color grading with slightly desaturated tones for a nostalgic feel. Subtle lens flare from sunlight.
Mood & Tone: Peaceful, reflective, nostalgic, emotionally warm. A quiet moment of everyday beauty, capturing childhood wonder and the timeless feeling of summer.
Visual Style Keywords: cinematic realism, soft lighting, nostalgic atmosphere, slice of life, Studio Ghibli-inspired realism, natural textures, warm summer tones, gentle motion
Technical Tags (optional): 4K, high detail, global illumination, volumetric light, realistic materials, film grain, soft focus transitions",13bd78486caf4c94182a1c245e3adac336744bc747f0c9e2d06242855697c697,5,ltx/resident-delivery/R0038.mp4,replay-inputs/ltx/R0038.json,4b56bac74425f3d6e67ace864ce7db926b9b059d567713afb2c6c717319aeea0,"{""backend"":""ltx25"",""mode"":""resident"",""model"":""Lightricks/LTX-2.5"",""model_revision"":""5e6e71018ee1756ed329b697a7b4aedc934dfce9"",""source_revision"":""a95ab856bf29407b6b066ede0abe1846050db56c"",""container_image"":""runpod/pytorch@sha256:4d1721e62b56d345c83b4fd6090664be6daf9312caab5b2e76f23d8231941851"",""gpu_count"":1,""gpu_name"":""NVIDIA RTX PRO 6000 Blackwell Server Edition"",""width"":1344,""height"":768,""frames"":121,""fps"":24,""requested_video_seconds"":5,""audio"":true,""precision"":""BF16"",""compile"":false,""quantization"":null,""prompt_enhancement"":false,""output_cache"":false,""embedding_cache"":false,""schedule"":""distilled_8_plus_3"",""decoder_tiling"":{""frames"":128,""temporal_overlap"":40,""height"":768,""width"":1344,""spatial_overlap"":160}}"
ltx,measured,R0039,P_COFFEE,1420791047,"In a quiet cafe, a barista slowly pours steamed milk into a dark ceramic cup of espresso, forming a simple white heart. Close-up camera at counter height, shallow depth of field, soft morning window light. Keep the cup and hands consistent throughout one continuous shot. Hear the milk pouring, the cup touching its saucer, and low cafe ambience. No music or dialogue.",2afd9890a21d7c9de362a4a8c06f2a363fe2a292def44fccede3fcd93f7ffee0,5,ltx/resident-delivery/R0039.mp4,replay-inputs/ltx/R0039.json,848b14a9ae6903c3415c2583f62526dbc1e93c85eb13aa7d74ca59fa2a84b8d1,"{""backend"":""ltx25"",""mode"":""resident"",""model"":""Lightricks/LTX-2.5"",""model_revision"":""5e6e71018ee1756ed329b697a7b4aedc934dfce9"",""source_revision"":""a95ab856bf29407b6b066ede0abe1846050db56c"",""container_image"":""runpod/pytorch@sha256:4d1721e62b56d345c83b4fd6090664be6daf9312caab5b2e76f23d8231941851"",""gpu_count"":1,""gpu_name"":""NVIDIA RTX PRO 6000 Blackwell Server Edition"",""width"":1344,""height"":768,""frames"":121,""fps"":24,""requested_video_seconds"":5,""audio"":true,""precision"":""BF16"",""compile"":false,""quantization"":null,""prompt_enhancement"":false,""output_cache"":false,""embedding_cache"":false,""schedule"":""distilled_8_plus_3"",""decoder_tiling"":{""frames"":128,""temporal_overlap"":40,""height"":768,""width"":1344,""spatial_overlap"":160}}"
ltx,measured,R0040,P_RAIN,281266134,"A person holding a transparent umbrella waits at a quiet city crossing in steady rain. View them from the side at shoulder height as they turn their head toward the traffic light. Raindrops run down the umbrella and small ripples form in puddles. Natural grey light, stable identity, one continuous shot. Hear rain hitting plastic and distant city traffic; no dialogue.",18eccf93cb3d7cc41c81003a3c5aa79946f51f4cc2096cb7f7b480bbe81a14ce,5,ltx/resident-delivery/R0040.mp4,replay-inputs/ltx/R0040.json,03795b6b819345bf07b08098286193ba5f3fb86ea3f98a83bcf165baf134c069,"{""backend"":""ltx25"",""mode"":""resident"",""model"":""Lightricks/LTX-2.5"",""model_revision"":""5e6e71018ee1756ed329b697a7b4aedc934dfce9"",""source_revision"":""a95ab856bf29407b6b066ede0abe1846050db56c"",""container_image"":""runpod/pytorch@sha256:4d1721e62b56d345c83b4fd6090664be6daf9312caab5b2e76f23d8231941851"",""gpu_count"":1,""gpu_name"":""NVIDIA RTX PRO 6000 Blackwell Server Edition"",""width"":1344,""height"":768,""frames"":121,""fps"":24,""requested_video_seconds"":5,""audio"":true,""precision"":""BF16"",""compile"":false,""quantization"":null,""prompt_enhancement"":false,""output_cache"":false,""embedding_cache"":false,""schedule"":""distilled_8_plus_3"",""decoder_tiling"":{""frames"":128,""temporal_overlap"":40,""height"":768,""width"":1344,""spatial_overlap"":160}}"
ltx,measured,R0041,P_PORTRAIT,441149290,"A middle-aged bicycle mechanic in a sunlit workshop looks up from fixing a wheel, smiles at the camera and says clearly in English, ""Ready for another ride."" Medium close-up, natural skin texture and gentle handheld movement. His mouth should match the words. Tools and hanging bicycles remain stable in the background. Quiet workshop sounds and natural speech, no background music.",f63039c43175dde8cd3ab433ff9021df3f91a337d330bf8ea8efc1a9be5678ce,5,ltx/resident-delivery/R0041.mp4,replay-inputs/ltx/R0041.json,773a0196cd58638fd6fd16005aff57ff54fd09dd0e733d96a7eb0360284d12cb,"{""backend"":""ltx25"",""mode"":""resident"",""model"":""Lightricks/LTX-2.5"",""model_revision"":""5e6e71018ee1756ed329b697a7b4aedc934dfce9"",""source_revision"":""a95ab856bf29407b6b066ede0abe1846050db56c"",""container_image"":""runpod/pytorch@sha256:4d1721e62b56d345c83b4fd6090664be6daf9312caab5b2e76f23d8231941851"",""gpu_count"":1,""gpu_name"":""NVIDIA RTX PRO 6000 Blackwell Server Edition"",""width"":1344,""height"":768,""frames"":121,""fps"":24,""requested_video_seconds"":5,""audio"":true,""precision"":""BF16"",""compile"":false,""quantization"":null,""prompt_enhancement"":false,""output_cache"":false,""embedding_cache"":false,""schedule"":""distilled_8_plus_3"",""decoder_tiling"":{""frames"":128,""temporal_overlap"":40,""height"":768,""width"":1344,""spatial_overlap"":160}}"
ltx,measured,R0042,P_REEF,1536125804,A small school of blue fish swims from left to right through a sunlit coral reef while a larger striped fish moves slowly in the opposite direction. Underwater documentary shot with gentle drifting camera movement and light rays from the surface. Consistent fish bodies and natural water movement. Soft muffled underwater ambience without voices or music.,63f57f982c9b667a40640f2e968878c4d27c9e4ed75f60cec4cba7111dd82467,5,ltx/resident-delivery/R0042.mp4,replay-inputs/ltx/R0042.json,88c7757e1a5791dc231ea286b9f93d05d279d12fc0817fc042d0a41834be1367,"{""backend"":""ltx25"",""mode"":""resident"",""model"":""Lightricks/LTX-2.5"",""model_revision"":""5e6e71018ee1756ed329b697a7b4aedc934dfce9"",""source_revision"":""a95ab856bf29407b6b066ede0abe1846050db56c"",""container_image"":""runpod/pytorch@sha256:4d1721e62b56d345c83b4fd6090664be6daf9312caab5b2e76f23d8231941851"",""gpu_count"":1,""gpu_name"":""NVIDIA RTX PRO 6000 Blackwell Server Edition"",""width"":1344,""height"":768,""frames"":121,""fps"":24,""requested_video_seconds"":5,""audio"":true,""precision"":""BF16"",""compile"":false,""quantization"":null,""prompt_enhancement"":false,""output_cache"":false,""embedding_cache"":false,""schedule"":""distilled_8_plus_3"",""decoder_tiling"":{""frames"":128,""temporal_overlap"":40,""height"":768,""width"":1344,""spatial_overlap"":160}}"
ltx,measured,R0043,P_SKATE,797826646,"A skateboarder in a yellow jacket rolls along an empty paved plaza, performs one small ollie over a painted line and lands smoothly. Low side-tracking camera follows the full motion without a cut. Late-afternoon sunlight casts a coherent moving shadow. Preserve the rider, clothing and skateboard shape. Hear rolling wheels, the board popping and the landing on concrete.",805d63405d48c81283bc230a7ca89bb877149326a946665e0cf6d8bdfeef7f5b,5,ltx/resident-delivery/R0043.mp4,replay-inputs/ltx/R0043.json,e3c7c694480c3495d8ca0a69ad4d1dc676ee7cd7a594118cdc7c0f3424797543,"{""backend"":""ltx25"",""mode"":""resident"",""model"":""Lightricks/LTX-2.5"",""model_revision"":""5e6e71018ee1756ed329b697a7b4aedc934dfce9"",""source_revision"":""a95ab856bf29407b6b066ede0abe1846050db56c"",""container_image"":""runpod/pytorch@sha256:4d1721e62b56d345c83b4fd6090664be6daf9312caab5b2e76f23d8231941851"",""gpu_count"":1,""gpu_name"":""NVIDIA RTX PRO 6000 Blackwell Server Edition"",""width"":1344,""height"":768,""frames"":121,""fps"":24,""requested_video_seconds"":5,""audio"":true,""precision"":""BF16"",""compile"":false,""quantization"":null,""prompt_enhancement"":false,""output_cache"":false,""embedding_cache"":false,""schedule"":""distilled_8_plus_3"",""decoder_tiling"":{""frames"":128,""temporal_overlap"":40,""height"":768,""width"":1344,""spatial_overlap"":160}}"
ltx,measured,R0044,P_COFFEE,1765671772,"In a quiet cafe, a barista slowly pours steamed milk into a dark ceramic cup of espresso, forming a simple white heart. Close-up camera at counter height, shallow depth of field, soft morning window light. Keep the cup and hands consistent throughout one continuous shot. Hear the milk pouring, the cup touching its saucer, and low cafe ambience. No music or dialogue.",2afd9890a21d7c9de362a4a8c06f2a363fe2a292def44fccede3fcd93f7ffee0,5,ltx/resident-delivery/R0044.mp4,replay-inputs/ltx/R0044.json,b411a8a81977b1f0cb85169efb17146a38027f23a339a18cae23a5fa6ddb990d,"{""backend"":""ltx25"",""mode"":""resident"",""model"":""Lightricks/LTX-2.5"",""model_revision"":""5e6e71018ee1756ed329b697a7b4aedc934dfce9"",""source_revision"":""a95ab856bf29407b6b066ede0abe1846050db56c"",""container_image"":""runpod/pytorch@sha256:4d1721e62b56d345c83b4fd6090664be6daf9312caab5b2e76f23d8231941851"",""gpu_count"":1,""gpu_name"":""NVIDIA RTX PRO 6000 Blackwell Server Edition"",""width"":1344,""height"":768,""frames"":121,""fps"":24,""requested_video_seconds"":5,""audio"":true,""precision"":""BF16"",""compile"":false,""quantization"":null,""prompt_enhancement"":false,""output_cache"":false,""embedding_cache"":false,""schedule"":""distilled_8_plus_3"",""decoder_tiling"":{""frames"":128,""temporal_overlap"":40,""height"":768,""width"":1344,""spatial_overlap"":160}}"
ltx,measured,R0045,P_CAR,1916259767,"A red compact car drives at a moderate speed along a wet mountain road after rain. Side-tracking camera keeps the whole car visible as its wheels rotate and spray a little water. Cloudy daylight, wooded hills and realistic reflections on the road. One continuous shot, no other cars. Hear the engine, tire noise and wet pavement, with no dialogue or music.",8a819d8e41cb3053412deafc9a74c0fb2a4dd9a3f596f71008bf474fb9602c99,5,ltx/resident-delivery/R0045.mp4,replay-inputs/ltx/R0045.json,81f805e0e83b17cbf8f45071a6064dc10c3ca5ae8fcce2b882c78a7fd7ab7d71,"{""backend"":""ltx25"",""mode"":""resident"",""model"":""Lightricks/LTX-2.5"",""model_revision"":""5e6e71018ee1756ed329b697a7b4aedc934dfce9"",""source_revision"":""a95ab856bf29407b6b066ede0abe1846050db56c"",""container_image"":""runpod/pytorch@sha256:4d1721e62b56d345c83b4fd6090664be6daf9312caab5b2e76f23d8231941851"",""gpu_count"":1,""gpu_name"":""NVIDIA RTX PRO 6000 Blackwell Server Edition"",""width"":1344,""height"":768,""frames"":121,""fps"":24,""requested_video_seconds"":5,""audio"":true,""precision"":""BF16"",""compile"":false,""quantization"":null,""prompt_enhancement"":false,""output_cache"":false,""embedding_cache"":false,""schedule"":""distilled_8_plus_3"",""decoder_tiling"":{""frames"":128,""temporal_overlap"":40,""height"":768,""width"":1344,""spatial_overlap"":160}}"
ltx,measured,R0046,P_FIRE,760300266,"In a quiet snow-covered forest at blue hour, a small campfire flickers beside an empty wooden bench. Sparks rise briefly and fade while a thin plume of smoke drifts to the right. The camera slowly pushes closer without a cut. Warm firelight falls naturally across nearby snow. Hear wood crackling and soft winter wind, no people or music.",a4b2fe69b1bda6a81ff22d3d0cc95906cb244766b7bd47adce75441059620e95,5,ltx/resident-delivery/R0046.mp4,replay-inputs/ltx/R0046.json,446344f2a57a5d92a0427deac2f3f5fca5da0e3e1fd1ae38d6c20aaa47883c65,"{""backend"":""ltx25"",""mode"":""resident"",""model"":""Lightricks/LTX-2.5"",""model_revision"":""5e6e71018ee1756ed329b697a7b4aedc934dfce9"",""source_revision"":""a95ab856bf29407b6b066ede0abe1846050db56c"",""container_image"":""runpod/pytorch@sha256:4d1721e62b56d345c83b4fd6090664be6daf9312caab5b2e76f23d8231941851"",""gpu_count"":1,""gpu_name"":""NVIDIA RTX PRO 6000 Blackwell Server Edition"",""width"":1344,""height"":768,""frames"":121,""fps"":24,""requested_video_seconds"":5,""audio"":true,""precision"":""BF16"",""compile"":false,""quantization"":null,""prompt_enhancement"":false,""output_cache"":false,""embedding_cache"":false,""schedule"":""distilled_8_plus_3"",""decoder_tiling"":{""frames"":128,""temporal_overlap"":40,""height"":768,""width"":1344,""spatial_overlap"":160}}"
ltx,measured,R0047,P_DRONE,985370288,"A drone camera slowly rises above a small stone bridge spanning a river in a green valley, revealing distant hills beyond it. Morning mist lies low over the water. Keep bridge geometry and riverbanks consistent as the viewpoint changes. Realistic aerial cinematography with a gentle continuous ascent. Sound of river water and distant birds, no drone motor or speech.",c78265ed71f8184c6c94c0a5675e1d93f3917917d1f57a6652f40c3b03770e1e,5,ltx/resident-delivery/R0047.mp4,replay-inputs/ltx/R0047.json,0a8b80a0fc65b8702179d8b199f696b1f9d673059d48578234dc293eba6376b9,"{""backend"":""ltx25"",""mode"":""resident"",""model"":""Lightricks/LTX-2.5"",""model_revision"":""5e6e71018ee1756ed329b697a7b4aedc934dfce9"",""source_revision"":""a95ab856bf29407b6b066ede0abe1846050db56c"",""container_image"":""runpod/pytorch@sha256:4d1721e62b56d345c83b4fd6090664be6daf9312caab5b2e76f23d8231941851"",""gpu_count"":1,""gpu_name"":""NVIDIA RTX PRO 6000 Blackwell Server Edition"",""width"":1344,""height"":768,""frames"":121,""fps"":24,""requested_video_seconds"":5,""audio"":true,""precision"":""BF16"",""compile"":false,""quantization"":null,""prompt_enhancement"":false,""output_cache"":false,""embedding_cache"":false,""schedule"":""distilled_8_plus_3"",""decoder_tiling"":{""frames"":128,""temporal_overlap"":40,""height"":768,""width"":1344,""spatial_overlap"":160}}"
ltx,measured,R0048,P_GUITAR,1146885728,"An adult musician seated on a simple stool plays a short gentle phrase on an acoustic guitar. Frame both hands and the upper body from the front. Fingers press the strings on the fretboard while the other hand plucks them. Warm studio lighting, fixed camera and realistic anatomy. The audible guitar notes should correspond to visible playing; no vocals or backing instruments.",5f31dae19d3ddb12acc08edd06de8787e96a4a6ea9c37c70ebbeea8c38a5d680,5,ltx/resident-delivery/R0048.mp4,replay-inputs/ltx/R0048.json,6fd9ced699a83bdb784c4e7b96f482edee28a2273418d23ec4b226448dd9143c,"{""backend"":""ltx25"",""mode"":""resident"",""model"":""Lightricks/LTX-2.5"",""model_revision"":""5e6e71018ee1756ed329b697a7b4aedc934dfce9"",""source_revision"":""a95ab856bf29407b6b066ede0abe1846050db56c"",""container_image"":""runpod/pytorch@sha256:4d1721e62b56d345c83b4fd6090664be6daf9312caab5b2e76f23d8231941851"",""gpu_count"":1,""gpu_name"":""NVIDIA RTX PRO 6000 Blackwell Server Edition"",""width"":1344,""height"":768,""frames"":121,""fps"":24,""requested_video_seconds"":5,""audio"":true,""precision"":""BF16"",""compile"":false,""quantization"":null,""prompt_enhancement"":false,""output_cache"":false,""embedding_cache"":false,""schedule"":""distilled_8_plus_3"",""decoder_tiling"":{""frames"":128,""temporal_overlap"":40,""height"":768,""width"":1344,""spatial_overlap"":160}}"
ltx,measured,R0049,P_WATERFALL,722148259,"The camera glides slowly forward over a small forest stream toward a low waterfall cascading between moss-covered rocks. Sunlight filters through green leaves and catches fine mist above the water. Keep the rocks and trees stationary while water flows continuously. Realistic landscape cinematography, one uninterrupted camera movement. Layered sound of rushing water, a few birds and a light breeze.",9bac01b1a5034b7d19912dac4f312e129e7f723e4b0b254ffb6221d1cfc451b0,5,ltx/resident-delivery/R0049.mp4,replay-inputs/ltx/R0049.json,c4905baecffb9bb482626ef3d2d9a3282a6b9b467fcb01867d71ba980a031ffd,"{""backend"":""ltx25"",""mode"":""resident"",""model"":""Lightricks/LTX-2.5"",""model_revision"":""5e6e71018ee1756ed329b697a7b4aedc934dfce9"",""source_revision"":""a95ab856bf29407b6b066ede0abe1846050db56c"",""container_image"":""runpod/pytorch@sha256:4d1721e62b56d345c83b4fd6090664be6daf9312caab5b2e76f23d8231941851"",""gpu_count"":1,""gpu_name"":""NVIDIA RTX PRO 6000 Blackwell Server Edition"",""width"":1344,""height"":768,""frames"":121,""fps"":24,""requested_video_seconds"":5,""audio"":true,""precision"":""BF16"",""compile"":false,""quantization"":null,""prompt_enhancement"":false,""output_cache"":false,""embedding_cache"":false,""schedule"":""distilled_8_plus_3"",""decoder_tiling"":{""frames"":128,""temporal_overlap"":40,""height"":768,""width"":1344,""spatial_overlap"":160}}"
ltx,measured,R0050,P_RAIN,1832115787,"A person holding a transparent umbrella waits at a quiet city crossing in steady rain. View them from the side at shoulder height as they turn their head toward the traffic light. Raindrops run down the umbrella and small ripples form in puddles. Natural grey light, stable identity, one continuous shot. Hear rain hitting plastic and distant city traffic; no dialogue.",18eccf93cb3d7cc41c81003a3c5aa79946f51f4cc2096cb7f7b480bbe81a14ce,5,ltx/resident-delivery/R0050.mp4,replay-inputs/ltx/R0050.json,1087e35b2f816c407b591181d2396dcd7c754c102e2df91804195314c7d55130,"{""backend"":""ltx25"",""mode"":""resident"",""model"":""Lightricks/LTX-2.5"",""model_revision"":""5e6e71018ee1756ed329b697a7b4aedc934dfce9"",""source_revision"":""a95ab856bf29407b6b066ede0abe1846050db56c"",""container_image"":""runpod/pytorch@sha256:4d1721e62b56d345c83b4fd6090664be6daf9312caab5b2e76f23d8231941851"",""gpu_count"":1,""gpu_name"":""NVIDIA RTX PRO 6000 Blackwell Server Edition"",""width"":1344,""height"":768,""frames"":121,""fps"":24,""requested_video_seconds"":5,""audio"":true,""precision"":""BF16"",""compile"":false,""quantization"":null,""prompt_enhancement"":false,""output_cache"":false,""embedding_cache"":false,""schedule"":""distilled_8_plus_3"",""decoder_tiling"":{""frames"":128,""temporal_overlap"":40,""height"":768,""width"":1344,""spatial_overlap"":160}}"
ltx,measured,R0051,P_PERFUME,1832447837,"A clear glass perfume bottle with an unmarked silver cap rotates slowly on a matte black pedestal. A narrow beam of warm light moves over its curved surface, revealing believable reflections and a pale amber liquid inside. Locked camera, dark studio background, premium product photography in one continuous shot. A soft airy tonal sound accompanies the rotation. No hands, lettering or narration.",cd469710f8ef174e7e4a99ef440dbe231d95c138b1a16c3c26869e5f476029c9,5,ltx/resident-delivery/R0051.mp4,replay-inputs/ltx/R0051.json,41dd009f0661ad9fd35b1b56d54b44440096eaefeaa15bed3f5c3ab373c99628,"{""backend"":""ltx25"",""mode"":""resident"",""model"":""Lightricks/LTX-2.5"",""model_revision"":""5e6e71018ee1756ed329b697a7b4aedc934dfce9"",""source_revision"":""a95ab856bf29407b6b066ede0abe1846050db56c"",""container_image"":""runpod/pytorch@sha256:4d1721e62b56d345c83b4fd6090664be6daf9312caab5b2e76f23d8231941851"",""gpu_count"":1,""gpu_name"":""NVIDIA RTX PRO 6000 Blackwell Server Edition"",""width"":1344,""height"":768,""frames"":121,""fps"":24,""requested_video_seconds"":5,""audio"":true,""precision"":""BF16"",""compile"":false,""quantization"":null,""prompt_enhancement"":false,""output_cache"":false,""embedding_cache"":false,""schedule"":""distilled_8_plus_3"",""decoder_tiling"":{""frames"":128,""temporal_overlap"":40,""height"":768,""width"":1344,""spatial_overlap"":160}}"
ltx,measured,R0052,P02_TURTLE,1971927876,"A green sea turtle lifts its head above crystal-clear water, exhaling a misty plume that catches sunrise light; ripples race outward.  
200 mm telephoto realism, 1/4000 s freeze, warm golden backlight.  
audio: soft exhale + gentle wave slap
negative: no divers, no boats",e20142b0b4017c3a79a125c808a2068c5890fb7d04ddec169baa5ef9a41c366d,5,ltx/resident-delivery/R0052.mp4,replay-inputs/ltx/R0052.json,9012e62a98eb8f1c8940559237a62a26db08cb106f117038a48f1328bc8fab22,"{""backend"":""ltx25"",""mode"":""resident"",""model"":""Lightricks/LTX-2.5"",""model_revision"":""5e6e71018ee1756ed329b697a7b4aedc934dfce9"",""source_revision"":""a95ab856bf29407b6b066ede0abe1846050db56c"",""container_image"":""runpod/pytorch@sha256:4d1721e62b56d345c83b4fd6090664be6daf9312caab5b2e76f23d8231941851"",""gpu_count"":1,""gpu_name"":""NVIDIA RTX PRO 6000 Blackwell Server Edition"",""width"":1344,""height"":768,""frames"":121,""fps"":24,""requested_video_seconds"":5,""audio"":true,""precision"":""BF16"",""compile"":false,""quantization"":null,""prompt_enhancement"":false,""output_cache"":false,""embedding_cache"":false,""schedule"":""distilled_8_plus_3"",""decoder_tiling"":{""frames"":128,""temporal_overlap"":40,""height"":768,""width"":1344,""spatial_overlap"":160}}"
ltx,measured,R0053,P03_ALLEY,1841596119,"A quiet, narrow seaside alley in a small coastal town during mid-afternoon in summer. The alley is lined with slightly weathered pastel houses, wooden shutters half-open, soft laundry swaying gently on clotheslines overhead. Sunlight filters through the gaps, casting warm golden highlights and soft shadows across the stone path.
At the end of the alley, the ocean glows a vivid blue under a clear sky, shimmering with reflected sunlight. A gentle sea breeze moves through the scene, subtly rustling fabric, hair, and nearby plants.
In the foreground, a young child (around 8–10 years old) stands barefoot on the warm stone path, wearing light summer clothes—slightly oversized, soft fabric, moving naturally with the breeze. The child is seen from behind, gazing toward the ocean with a quiet, contemplative stillness, evoking a sense of longing and innocence.
Ambient details: distant sound of waves, faint cries of seagulls, the soft hum of summer air. Small details like potted plants, peeling paint, and sun-faded textures add realism and nostalgia.
Camera & Style: Slow cinematic push-in toward the child from behind, shallow depth of field at first, gradually revealing the ocean in sharper focus. Natural lighting, soft bloom, warm color grading with slightly desaturated tones for a nostalgic feel. Subtle lens flare from sunlight.
Mood & Tone: Peaceful, reflective, nostalgic, emotionally warm. A quiet moment of everyday beauty, capturing childhood wonder and the timeless feeling of summer.
Visual Style Keywords: cinematic realism, soft lighting, nostalgic atmosphere, slice of life, Studio Ghibli-inspired realism, natural textures, warm summer tones, gentle motion
Technical Tags (optional): 4K, high detail, global illumination, volumetric light, realistic materials, film grain, soft focus transitions",13bd78486caf4c94182a1c245e3adac336744bc747f0c9e2d06242855697c697,5,ltx/resident-delivery/R0053.mp4,replay-inputs/ltx/R0053.json,44d0524eeec69b20ec63c53b7662d7c97fc93794bd3b98fdbf048848fdd77f9c,"{""backend"":""ltx25"",""mode"":""resident"",""model"":""Lightricks/LTX-2.5"",""model_revision"":""5e6e71018ee1756ed329b697a7b4aedc934dfce9"",""source_revision"":""a95ab856bf29407b6b066ede0abe1846050db56c"",""container_image"":""runpod/pytorch@sha256:4d1721e62b56d345c83b4fd6090664be6daf9312caab5b2e76f23d8231941851"",""gpu_count"":1,""gpu_name"":""NVIDIA RTX PRO 6000 Blackwell Server Edition"",""width"":1344,""height"":768,""frames"":121,""fps"":24,""requested_video_seconds"":5,""audio"":true,""precision"":""BF16"",""compile"":false,""quantization"":null,""prompt_enhancement"":false,""output_cache"":false,""embedding_cache"":false,""schedule"":""distilled_8_plus_3"",""decoder_tiling"":{""frames"":128,""temporal_overlap"":40,""height"":768,""width"":1344,""spatial_overlap"":160}}"
ltx,measured,R0054,P01_EN,1446597808,"A cinematic live-action cooking scene in a bright professional kitchen. A serious human chef places a normal-looking onion on a cutting board. The instant the knife comes down, the onion transforms into a hand-drawn cartoon character, screams, stretches like rubber. It dives into a pile of real vegetables and disguises itself as an ordinary onion. The chef pauses, studies the pile, then casually grabs a different onion--only for every vegetable to suddenly open cartoon eyes and scream. Photorealistic kitchen, expressive 2D animation, accurate shadows and physical interaction, fast comedic timing, dramatic cooking sounds.

Any spoken words, dialogue, narration, or on-screen text must be in English only. Do not use Spanish, Russian, or other languages.",9c924c21f39702c03de5287bb3307e1b6df82303b9e6d352704e7fa7a91a96a7,5,ltx/resident-delivery/R0054.mp4,replay-inputs/ltx/R0054.json,76243b3e779bacdee11e32130516f7e1557a0227a436339af08d47ab93dd0a4f,"{""backend"":""ltx25"",""mode"":""resident"",""model"":""Lightricks/LTX-2.5"",""model_revision"":""5e6e71018ee1756ed329b697a7b4aedc934dfce9"",""source_revision"":""a95ab856bf29407b6b066ede0abe1846050db56c"",""container_image"":""runpod/pytorch@sha256:4d1721e62b56d345c83b4fd6090664be6daf9312caab5b2e76f23d8231941851"",""gpu_count"":1,""gpu_name"":""NVIDIA RTX PRO 6000 Blackwell Server Edition"",""width"":1344,""height"":768,""frames"":121,""fps"":24,""requested_video_seconds"":5,""audio"":true,""precision"":""BF16"",""compile"":false,""quantization"":null,""prompt_enhancement"":false,""output_cache"":false,""embedding_cache"":false,""schedule"":""distilled_8_plus_3"",""decoder_tiling"":{""frames"":128,""temporal_overlap"":40,""height"":768,""width"":1344,""spatial_overlap"":160}}"
ltx,measured,R0055,P_DOG,874957279,"A wet golden retriever runs out of shallow water onto a sandy beach and shakes water from its coat. Film at the dog's eye level with natural daylight and a softly blurred sea behind it. The camera holds one continuous shot as droplets scatter and fall. Realistic fur and four anatomically coherent legs. Sound of splashing, the coat shaking and small waves; no speech.",f463371b0666c129b88ee25516b6e2276d961084257eaa5847aca42fa6b61607,5,ltx/resident-delivery/R0055.mp4,replay-inputs/ltx/R0055.json,96cf8a7104f9f1f452a7dddf1cc52d045fc30ba4d12f0e730db663d9b6a38182,"{""backend"":""ltx25"",""mode"":""resident"",""model"":""Lightricks/LTX-2.5"",""model_revision"":""5e6e71018ee1756ed329b697a7b4aedc934dfce9"",""source_revision"":""a95ab856bf29407b6b066ede0abe1846050db56c"",""container_image"":""runpod/pytorch@sha256:4d1721e62b56d345c83b4fd6090664be6daf9312caab5b2e76f23d8231941851"",""gpu_count"":1,""gpu_name"":""NVIDIA RTX PRO 6000 Blackwell Server Edition"",""width"":1344,""height"":768,""frames"":121,""fps"":24,""requested_video_seconds"":5,""audio"":true,""precision"":""BF16"",""compile"":false,""quantization"":null,""prompt_enhancement"":false,""output_cache"":false,""embedding_cache"":false,""schedule"":""distilled_8_plus_3"",""decoder_tiling"":{""frames"":128,""temporal_overlap"":40,""height"":768,""width"":1344,""spatial_overlap"":160}}"
ltx,measured,R0056,P_POTTERY,231789240,"Close-up of a potter's wet hands shaping a spinning clay bowl on a pottery wheel. Fingers gently widen the rim while the bowl stays centered and symmetrical. Soft side light shows the texture of the clay and water on the hands. Static camera, one continuous realistic workshop shot. Hear the wheel motor, damp clay contact and quiet room ambience.",617ec30cc94bd78f0f9444d2e8835309698cc9f5fd1df0fdc08c38005aedf232,5,ltx/resident-delivery/R0056.mp4,replay-inputs/ltx/R0056.json,7289b0e6702d39e2e2c102236a8e6a606d273888869f9b3b6a4072b95e97d3a3,"{""backend"":""ltx25"",""mode"":""resident"",""model"":""Lightricks/LTX-2.5"",""model_revision"":""5e6e71018ee1756ed329b697a7b4aedc934dfce9"",""source_revision"":""a95ab856bf29407b6b066ede0abe1846050db56c"",""container_image"":""runpod/pytorch@sha256:4d1721e62b56d345c83b4fd6090664be6daf9312caab5b2e76f23d8231941851"",""gpu_count"":1,""gpu_name"":""NVIDIA RTX PRO 6000 Blackwell Server Edition"",""width"":1344,""height"":768,""frames"":121,""fps"":24,""requested_video_seconds"":5,""audio"":true,""precision"":""BF16"",""compile"":false,""quantization"":null,""prompt_enhancement"":false,""output_cache"":false,""embedding_cache"":false,""schedule"":""distilled_8_plus_3"",""decoder_tiling"":{""frames"":128,""temporal_overlap"":40,""height"":768,""width"":1344,""spatial_overlap"":160}}"
ltx,measured,R0057,P_SIGN,1521939609,"At dusk, a small neighborhood bakery switches on a warm illuminated sign reading ""OPEN"" above its front door. A customer carrying a paper bag walks out onto the sidewalk. The camera remains across the street in one steady shot. Legible four-letter sign, believable glass reflections and warm interior light against the blue evening. Hear the door bell and distant traffic.",9391401985143d8d65fe4930e16eb5c7e03b394e235a2ce492bb2112a5d8a3b7,5,ltx/resident-delivery/R0057.mp4,replay-inputs/ltx/R0057.json,e70dd7c39b7bcfb857c9f85586fc2d0724404618e07d5ee0dc5ef5ef26fdfed4,"{""backend"":""ltx25"",""mode"":""resident"",""model"":""Lightricks/LTX-2.5"",""model_revision"":""5e6e71018ee1756ed329b697a7b4aedc934dfce9"",""source_revision"":""a95ab856bf29407b6b066ede0abe1846050db56c"",""container_image"":""runpod/pytorch@sha256:4d1721e62b56d345c83b4fd6090664be6daf9312caab5b2e76f23d8231941851"",""gpu_count"":1,""gpu_name"":""NVIDIA RTX PRO 6000 Blackwell Server Edition"",""width"":1344,""height"":768,""frames"":121,""fps"":24,""requested_video_seconds"":5,""audio"":true,""precision"":""BF16"",""compile"":false,""quantization"":null,""prompt_enhancement"":false,""output_cache"":false,""embedding_cache"":false,""schedule"":""distilled_8_plus_3"",""decoder_tiling"":{""frames"":128,""temporal_overlap"":40,""height"":768,""width"":1344,""spatial_overlap"":160}}"
ltx,measured,R0058,P_CLAY,1789072832,"A small orange clay fox on a miniature grassy hill notices a blue butterfly and follows it with two playful steps. Handmade stop-motion style with visible clay texture and a painted sky. The butterfly circles once near the fox's nose. One fixed camera shot, consistent character shapes. Light footsteps and soft whimsical sound effects, no speech or text.",7317092e933dd1c04572ce14ab4dbec3a1909d49c60816569f878d64d1859f56,5,ltx/resident-delivery/R0058.mp4,replay-inputs/ltx/R0058.json,e476e7abb57e5a1d6cb007cb9954e0ac077cabfe0d3fd2175ab723f45d25e316,"{""backend"":""ltx25"",""mode"":""resident"",""model"":""Lightricks/LTX-2.5"",""model_revision"":""5e6e71018ee1756ed329b697a7b4aedc934dfce9"",""source_revision"":""a95ab856bf29407b6b066ede0abe1846050db56c"",""container_image"":""runpod/pytorch@sha256:4d1721e62b56d345c83b4fd6090664be6daf9312caab5b2e76f23d8231941851"",""gpu_count"":1,""gpu_name"":""NVIDIA RTX PRO 6000 Blackwell Server Edition"",""width"":1344,""height"":768,""frames"":121,""fps"":24,""requested_video_seconds"":5,""audio"":true,""precision"":""BF16"",""compile"":false,""quantization"":null,""prompt_enhancement"":false,""output_cache"":false,""embedding_cache"":false,""schedule"":""distilled_8_plus_3"",""decoder_tiling"":{""frames"":128,""temporal_overlap"":40,""height"":768,""width"":1344,""spatial_overlap"":160}}"
ltx,measured,R0059,P_GEARS,655718949,"Macro view of three brass gears turning together inside an open mechanical clock. Every gear meshes consistently with its neighbors and rotates in the appropriate opposite direction. Warm directional light highlights fine machining marks and tiny moving reflections. Slow sideways camera slide, one continuous realistic shot. Hear a steady mechanical ticking with no music or speech.",a21304a83ff9d2e9bdc6a67d9ae1d8cd5c384622e96f332b599c9c0b1a439271,5,ltx/resident-delivery/R0059.mp4,replay-inputs/ltx/R0059.json,fad08f8c70d48ba4c9ca3091b0f0381d06f9e5873a284428ea9b1a6ef2d71ebd,"{""backend"":""ltx25"",""mode"":""resident"",""model"":""Lightricks/LTX-2.5"",""model_revision"":""5e6e71018ee1756ed329b697a7b4aedc934dfce9"",""source_revision"":""a95ab856bf29407b6b066ede0abe1846050db56c"",""container_image"":""runpod/pytorch@sha256:4d1721e62b56d345c83b4fd6090664be6daf9312caab5b2e76f23d8231941851"",""gpu_count"":1,""gpu_name"":""NVIDIA RTX PRO 6000 Blackwell Server Edition"",""width"":1344,""height"":768,""frames"":121,""fps"":24,""requested_video_seconds"":5,""audio"":true,""precision"":""BF16"",""compile"":false,""quantization"":null,""prompt_enhancement"":false,""output_cache"":false,""embedding_cache"":false,""schedule"":""distilled_8_plus_3"",""decoder_tiling"":{""frames"":128,""temporal_overlap"":40,""height"":768,""width"":1344,""spatial_overlap"":160}}"
ltx,measured,R0060,P_DANCE,1155469328,"A dancer wearing a loose blue shirt performs one smooth turn in a spacious rehearsal studio, then settles into a balanced standing pose. Full-body camera framing shows both feet throughout. Soft daylight from tall windows, realistic wooden floor and a consistent shadow. One uninterrupted shot with natural movement. Hear footfalls and a brief quiet breath, no spoken words.",f3c3f60e4d49697670116aabefa06a752358adce583a83519022363fef86accc,5,ltx/resident-delivery/R0060.mp4,replay-inputs/ltx/R0060.json,6ca5f47d873e2bd24adb2a847875f9ea2882b2a2a8c5ab9cb21a2eca7e600cca,"{""backend"":""ltx25"",""mode"":""resident"",""model"":""Lightricks/LTX-2.5"",""model_revision"":""5e6e71018ee1756ed329b697a7b4aedc934dfce9"",""source_revision"":""a95ab856bf29407b6b066ede0abe1846050db56c"",""container_image"":""runpod/pytorch@sha256:4d1721e62b56d345c83b4fd6090664be6daf9312caab5b2e76f23d8231941851"",""gpu_count"":1,""gpu_name"":""NVIDIA RTX PRO 6000 Blackwell Server Edition"",""width"":1344,""height"":768,""frames"":121,""fps"":24,""requested_video_seconds"":5,""audio"":true,""precision"":""BF16"",""compile"":false,""quantization"":null,""prompt_enhancement"":false,""output_cache"":false,""embedding_cache"":false,""schedule"":""distilled_8_plus_3"",""decoder_tiling"":{""frames"":128,""temporal_overlap"":40,""height"":768,""width"":1344,""spatial_overlap"":160}}"
ltx,measured,R0061,P_CLAY,516900648,"A small orange clay fox on a miniature grassy hill notices a blue butterfly and follows it with two playful steps. Handmade stop-motion style with visible clay texture and a painted sky. The butterfly circles once near the fox's nose. One fixed camera shot, consistent character shapes. Light footsteps and soft whimsical sound effects, no speech or text.",7317092e933dd1c04572ce14ab4dbec3a1909d49c60816569f878d64d1859f56,5,ltx/resident-delivery/R0061.mp4,replay-inputs/ltx/R0061.json,6e8f2fb9484b09f0b53f146711e36e9544a03d00524908d07ff67eb6e3fd68f5,"{""backend"":""ltx25"",""mode"":""resident"",""model"":""Lightricks/LTX-2.5"",""model_revision"":""5e6e71018ee1756ed329b697a7b4aedc934dfce9"",""source_revision"":""a95ab856bf29407b6b066ede0abe1846050db56c"",""container_image"":""runpod/pytorch@sha256:4d1721e62b56d345c83b4fd6090664be6daf9312caab5b2e76f23d8231941851"",""gpu_count"":1,""gpu_name"":""NVIDIA RTX PRO 6000 Blackwell Server Edition"",""width"":1344,""height"":768,""frames"":121,""fps"":24,""requested_video_seconds"":5,""audio"":true,""precision"":""BF16"",""compile"":false,""quantization"":null,""prompt_enhancement"":false,""output_cache"":false,""embedding_cache"":false,""schedule"":""distilled_8_plus_3"",""decoder_tiling"":{""frames"":128,""temporal_overlap"":40,""height"":768,""width"":1344,""spatial_overlap"":160}}"
ltx,measured,R0062,P_COFFEE,1107914665,"In a quiet cafe, a barista slowly pours steamed milk into a dark ceramic cup of espresso, forming a simple white heart. Close-up camera at counter height, shallow depth of field, soft morning window light. Keep the cup and hands consistent throughout one continuous shot. Hear the milk pouring, the cup touching its saucer, and low cafe ambience. No music or dialogue.",2afd9890a21d7c9de362a4a8c06f2a363fe2a292def44fccede3fcd93f7ffee0,5,ltx/resident-delivery/R0062.mp4,replay-inputs/ltx/R0062.json,45d99088cc4ee63c4bb8df5aab16242ae72ed793879aec80840d8ffb28f440b1,"{""backend"":""ltx25"",""mode"":""resident"",""model"":""Lightricks/LTX-2.5"",""model_revision"":""5e6e71018ee1756ed329b697a7b4aedc934dfce9"",""source_revision"":""a95ab856bf29407b6b066ede0abe1846050db56c"",""container_image"":""runpod/pytorch@sha256:4d1721e62b56d345c83b4fd6090664be6daf9312caab5b2e76f23d8231941851"",""gpu_count"":1,""gpu_name"":""NVIDIA RTX PRO 6000 Blackwell Server Edition"",""width"":1344,""height"":768,""frames"":121,""fps"":24,""requested_video_seconds"":5,""audio"":true,""precision"":""BF16"",""compile"":false,""quantization"":null,""prompt_enhancement"":false,""output_cache"":false,""embedding_cache"":false,""schedule"":""distilled_8_plus_3"",""decoder_tiling"":{""frames"":128,""temporal_overlap"":40,""height"":768,""width"":1344,""spatial_overlap"":160}}"
ltx,measured,R0063,P_GUITAR,1491455382,"An adult musician seated on a simple stool plays a short gentle phrase on an acoustic guitar. Frame both hands and the upper body from the front. Fingers press the strings on the fretboard while the other hand plucks them. Warm studio lighting, fixed camera and realistic anatomy. The audible guitar notes should correspond to visible playing; no vocals or backing instruments.",5f31dae19d3ddb12acc08edd06de8787e96a4a6ea9c37c70ebbeea8c38a5d680,5,ltx/resident-delivery/R0063.mp4,replay-inputs/ltx/R0063.json,2d7731315ef6e6f42c058b82967e30a8b085ebeb8f010f5b5ff45747df675cce,"{""backend"":""ltx25"",""mode"":""resident"",""model"":""Lightricks/LTX-2.5"",""model_revision"":""5e6e71018ee1756ed329b697a7b4aedc934dfce9"",""source_revision"":""a95ab856bf29407b6b066ede0abe1846050db56c"",""container_image"":""runpod/pytorch@sha256:4d1721e62b56d345c83b4fd6090664be6daf9312caab5b2e76f23d8231941851"",""gpu_count"":1,""gpu_name"":""NVIDIA RTX PRO 6000 Blackwell Server Edition"",""width"":1344,""height"":768,""frames"":121,""fps"":24,""requested_video_seconds"":5,""audio"":true,""precision"":""BF16"",""compile"":false,""quantization"":null,""prompt_enhancement"":false,""output_cache"":false,""embedding_cache"":false,""schedule"":""distilled_8_plus_3"",""decoder_tiling"":{""frames"":128,""temporal_overlap"":40,""height"":768,""width"":1344,""spatial_overlap"":160}}"
ltx,measured,R0064,P_CAR,334571572,"A red compact car drives at a moderate speed along a wet mountain road after rain. Side-tracking camera keeps the whole car visible as its wheels rotate and spray a little water. Cloudy daylight, wooded hills and realistic reflections on the road. One continuous shot, no other cars. Hear the engine, tire noise and wet pavement, with no dialogue or music.",8a819d8e41cb3053412deafc9a74c0fb2a4dd9a3f596f71008bf474fb9602c99,5,ltx/resident-delivery/R0064.mp4,replay-inputs/ltx/R0064.json,80cf803c89c035286fb345197a0e2275cda3906540d3507b5943a5685955cddd,"{""backend"":""ltx25"",""mode"":""resident"",""model"":""Lightricks/LTX-2.5"",""model_revision"":""5e6e71018ee1756ed329b697a7b4aedc934dfce9"",""source_revision"":""a95ab856bf29407b6b066ede0abe1846050db56c"",""container_image"":""runpod/pytorch@sha256:4d1721e62b56d345c83b4fd6090664be6daf9312caab5b2e76f23d8231941851"",""gpu_count"":1,""gpu_name"":""NVIDIA RTX PRO 6000 Blackwell Server Edition"",""width"":1344,""height"":768,""frames"":121,""fps"":24,""requested_video_seconds"":5,""audio"":true,""precision"":""BF16"",""compile"":false,""quantization"":null,""prompt_enhancement"":false,""output_cache"":false,""embedding_cache"":false,""schedule"":""distilled_8_plus_3"",""decoder_tiling"":{""frames"":128,""temporal_overlap"":40,""height"":768,""width"":1344,""spatial_overlap"":160}}"
ltx,measured,R0065,P_GEARS,1007597963,"Macro view of three brass gears turning together inside an open mechanical clock. Every gear meshes consistently with its neighbors and rotates in the appropriate opposite direction. Warm directional light highlights fine machining marks and tiny moving reflections. Slow sideways camera slide, one continuous realistic shot. Hear a steady mechanical ticking with no music or speech.",a21304a83ff9d2e9bdc6a67d9ae1d8cd5c384622e96f332b599c9c0b1a439271,5,ltx/resident-delivery/R0065.mp4,replay-inputs/ltx/R0065.json,31292c7c79475749819b5c53234e897dcaeb17049d2601fc9d17d74dab091ad0,"{""backend"":""ltx25"",""mode"":""resident"",""model"":""Lightricks/LTX-2.5"",""model_revision"":""5e6e71018ee1756ed329b697a7b4aedc934dfce9"",""source_revision"":""a95ab856bf29407b6b066ede0abe1846050db56c"",""container_image"":""runpod/pytorch@sha256:4d1721e62b56d345c83b4fd6090664be6daf9312caab5b2e76f23d8231941851"",""gpu_count"":1,""gpu_name"":""NVIDIA RTX PRO 6000 Blackwell Server Edition"",""width"":1344,""height"":768,""frames"":121,""fps"":24,""requested_video_seconds"":5,""audio"":true,""precision"":""BF16"",""compile"":false,""quantization"":null,""prompt_enhancement"":false,""output_cache"":false,""embedding_cache"":false,""schedule"":""distilled_8_plus_3"",""decoder_tiling"":{""frames"":128,""temporal_overlap"":40,""height"":768,""width"":1344,""spatial_overlap"":160}}"
ltx,measured,R0066,P_REEF,1458850490,A small school of blue fish swims from left to right through a sunlit coral reef while a larger striped fish moves slowly in the opposite direction. Underwater documentary shot with gentle drifting camera movement and light rays from the surface. Consistent fish bodies and natural water movement. Soft muffled underwater ambience without voices or music.,63f57f982c9b667a40640f2e968878c4d27c9e4ed75f60cec4cba7111dd82467,5,ltx/resident-delivery/R0066.mp4,replay-inputs/ltx/R0066.json,197672ef05b3ad0ad2d9c7e825899c61587a17e292e47bbf7ae1b50c93d950a4,"{""backend"":""ltx25"",""mode"":""resident"",""model"":""Lightricks/LTX-2.5"",""model_revision"":""5e6e71018ee1756ed329b697a7b4aedc934dfce9"",""source_revision"":""a95ab856bf29407b6b066ede0abe1846050db56c"",""container_image"":""runpod/pytorch@sha256:4d1721e62b56d345c83b4fd6090664be6daf9312caab5b2e76f23d8231941851"",""gpu_count"":1,""gpu_name"":""NVIDIA RTX PRO 6000 Blackwell Server Edition"",""width"":1344,""height"":768,""frames"":121,""fps"":24,""requested_video_seconds"":5,""audio"":true,""precision"":""BF16"",""compile"":false,""quantization"":null,""prompt_enhancement"":false,""output_cache"":false,""embedding_cache"":false,""schedule"":""distilled_8_plus_3"",""decoder_tiling"":{""frames"":128,""temporal_overlap"":40,""height"":768,""width"":1344,""spatial_overlap"":160}}"
ltx,measured,R0067,P_DANCE,1547718195,"A dancer wearing a loose blue shirt performs one smooth turn in a spacious rehearsal studio, then settles into a balanced standing pose. Full-body camera framing shows both feet throughout. Soft daylight from tall windows, realistic wooden floor and a consistent shadow. One uninterrupted shot with natural movement. Hear footfalls and a brief quiet breath, no spoken words.",f3c3f60e4d49697670116aabefa06a752358adce583a83519022363fef86accc,5,ltx/resident-delivery/R0067.mp4,replay-inputs/ltx/R0067.json,54a71d818eb16cb66a4b0b53bf367cb29fb83f007c84ebb6963fb560071be21b,"{""backend"":""ltx25"",""mode"":""resident"",""model"":""Lightricks/LTX-2.5"",""model_revision"":""5e6e71018ee1756ed329b697a7b4aedc934dfce9"",""source_revision"":""a95ab856bf29407b6b066ede0abe1846050db56c"",""container_image"":""runpod/pytorch@sha256:4d1721e62b56d345c83b4fd6090664be6daf9312caab5b2e76f23d8231941851"",""gpu_count"":1,""gpu_name"":""NVIDIA RTX PRO 6000 Blackwell Server Edition"",""width"":1344,""height"":768,""frames"":121,""fps"":24,""requested_video_seconds"":5,""audio"":true,""precision"":""BF16"",""compile"":false,""quantization"":null,""prompt_enhancement"":false,""output_cache"":false,""embedding_cache"":false,""schedule"":""distilled_8_plus_3"",""decoder_tiling"":{""frames"":128,""temporal_overlap"":40,""height"":768,""width"":1344,""spatial_overlap"":160}}"
ltx,measured,R0068,P01_EN,578509428,"A cinematic live-action cooking scene in a bright professional kitchen. A serious human chef places a normal-looking onion on a cutting board. The instant the knife comes down, the onion transforms into a hand-drawn cartoon character, screams, stretches like rubber. It dives into a pile of real vegetables and disguises itself as an ordinary onion. The chef pauses, studies the pile, then casually grabs a different onion--only for every vegetable to suddenly open cartoon eyes and scream. Photorealistic kitchen, expressive 2D animation, accurate shadows and physical interaction, fast comedic timing, dramatic cooking sounds.

Any spoken words, dialogue, narration, or on-screen text must be in English only. Do not use Spanish, Russian, or other languages.",9c924c21f39702c03de5287bb3307e1b6df82303b9e6d352704e7fa7a91a96a7,5,ltx/resident-delivery/R0068.mp4,replay-inputs/ltx/R0068.json,d7e3eaf13b50d21397ec6893f14c3df9ba36464d26d891a440cd491f8135a1b9,"{""backend"":""ltx25"",""mode"":""resident"",""model"":""Lightricks/LTX-2.5"",""model_revision"":""5e6e71018ee1756ed329b697a7b4aedc934dfce9"",""source_revision"":""a95ab856bf29407b6b066ede0abe1846050db56c"",""container_image"":""runpod/pytorch@sha256:4d1721e62b56d345c83b4fd6090664be6daf9312caab5b2e76f23d8231941851"",""gpu_count"":1,""gpu_name"":""NVIDIA RTX PRO 6000 Blackwell Server Edition"",""width"":1344,""height"":768,""frames"":121,""fps"":24,""requested_video_seconds"":5,""audio"":true,""precision"":""BF16"",""compile"":false,""quantization"":null,""prompt_enhancement"":false,""output_cache"":false,""embedding_cache"":false,""schedule"":""distilled_8_plus_3"",""decoder_tiling"":{""frames"":128,""temporal_overlap"":40,""height"":768,""width"":1344,""spatial_overlap"":160}}"
ltx,measured,R0069,P_PORTRAIT,403869149,"A middle-aged bicycle mechanic in a sunlit workshop looks up from fixing a wheel, smiles at the camera and says clearly in English, ""Ready for another ride."" Medium close-up, natural skin texture and gentle handheld movement. His mouth should match the words. Tools and hanging bicycles remain stable in the background. Quiet workshop sounds and natural speech, no background music.",f63039c43175dde8cd3ab433ff9021df3f91a337d330bf8ea8efc1a9be5678ce,5,ltx/resident-delivery/R0069.mp4,replay-inputs/ltx/R0069.json,1dde61ae83c35aa5abb7f713b326648746e7f256e277c20fd484d7180086290e,"{""backend"":""ltx25"",""mode"":""resident"",""model"":""Lightricks/LTX-2.5"",""model_revision"":""5e6e71018ee1756ed329b697a7b4aedc934dfce9"",""source_revision"":""a95ab856bf29407b6b066ede0abe1846050db56c"",""container_image"":""runpod/pytorch@sha256:4d1721e62b56d345c83b4fd6090664be6daf9312caab5b2e76f23d8231941851"",""gpu_count"":1,""gpu_name"":""NVIDIA RTX PRO 6000 Blackwell Server Edition"",""width"":1344,""height"":768,""frames"":121,""fps"":24,""requested_video_seconds"":5,""audio"":true,""precision"":""BF16"",""compile"":false,""quantization"":null,""prompt_enhancement"":false,""output_cache"":false,""embedding_cache"":false,""schedule"":""distilled_8_plus_3"",""decoder_tiling"":{""frames"":128,""temporal_overlap"":40,""height"":768,""width"":1344,""spatial_overlap"":160}}"
ltx,measured,R0070,P_DOG,225206208,"A wet golden retriever runs out of shallow water onto a sandy beach and shakes water from its coat. Film at the dog's eye level with natural daylight and a softly blurred sea behind it. The camera holds one continuous shot as droplets scatter and fall. Realistic fur and four anatomically coherent legs. Sound of splashing, the coat shaking and small waves; no speech.",f463371b0666c129b88ee25516b6e2276d961084257eaa5847aca42fa6b61607,5,ltx/resident-delivery/R0070.mp4,replay-inputs/ltx/R0070.json,4e080cb69890316cd36668c1f9c05db9a3a3a2aa87a1f40f7b04f39639107f3c,"{""backend"":""ltx25"",""mode"":""resident"",""model"":""Lightricks/LTX-2.5"",""model_revision"":""5e6e71018ee1756ed329b697a7b4aedc934dfce9"",""source_revision"":""a95ab856bf29407b6b066ede0abe1846050db56c"",""container_image"":""runpod/pytorch@sha256:4d1721e62b56d345c83b4fd6090664be6daf9312caab5b2e76f23d8231941851"",""gpu_count"":1,""gpu_name"":""NVIDIA RTX PRO 6000 Blackwell Server Edition"",""width"":1344,""height"":768,""frames"":121,""fps"":24,""requested_video_seconds"":5,""audio"":true,""precision"":""BF16"",""compile"":false,""quantization"":null,""prompt_enhancement"":false,""output_cache"":false,""embedding_cache"":false,""schedule"":""distilled_8_plus_3"",""decoder_tiling"":{""frames"":128,""temporal_overlap"":40,""height"":768,""width"":1344,""spatial_overlap"":160}}"
ltx,measured,R0071,P02_TURTLE,1281572915,"A green sea turtle lifts its head above crystal-clear water, exhaling a misty plume that catches sunrise light; ripples race outward.  
200 mm telephoto realism, 1/4000 s freeze, warm golden backlight.  
audio: soft exhale + gentle wave slap
negative: no divers, no boats",e20142b0b4017c3a79a125c808a2068c5890fb7d04ddec169baa5ef9a41c366d,5,ltx/resident-delivery/R0071.mp4,replay-inputs/ltx/R0071.json,f295d972cc0477448446550b989ba0cafa4847c1bfa9ba81cbf11029d4c284c9,"{""backend"":""ltx25"",""mode"":""resident"",""model"":""Lightricks/LTX-2.5"",""model_revision"":""5e6e71018ee1756ed329b697a7b4aedc934dfce9"",""source_revision"":""a95ab856bf29407b6b066ede0abe1846050db56c"",""container_image"":""runpod/pytorch@sha256:4d1721e62b56d345c83b4fd6090664be6daf9312caab5b2e76f23d8231941851"",""gpu_count"":1,""gpu_name"":""NVIDIA RTX PRO 6000 Blackwell Server Edition"",""width"":1344,""height"":768,""frames"":121,""fps"":24,""requested_video_seconds"":5,""audio"":true,""precision"":""BF16"",""compile"":false,""quantization"":null,""prompt_enhancement"":false,""output_cache"":false,""embedding_cache"":false,""schedule"":""distilled_8_plus_3"",""decoder_tiling"":{""frames"":128,""temporal_overlap"":40,""height"":768,""width"":1344,""spatial_overlap"":160}}"
ltx,measured,R0072,P_FIRE,291520832,"In a quiet snow-covered forest at blue hour, a small campfire flickers beside an empty wooden bench. Sparks rise briefly and fade while a thin plume of smoke drifts to the right. The camera slowly pushes closer without a cut. Warm firelight falls naturally across nearby snow. Hear wood crackling and soft winter wind, no people or music.",a4b2fe69b1bda6a81ff22d3d0cc95906cb244766b7bd47adce75441059620e95,5,ltx/resident-delivery/R0072.mp4,replay-inputs/ltx/R0072.json,464be02354c2bdee7b8ee9564c62884b546c8e3ff57652a45dd3c7dfce306999,"{""backend"":""ltx25"",""mode"":""resident"",""model"":""Lightricks/LTX-2.5"",""model_revision"":""5e6e71018ee1756ed329b697a7b4aedc934dfce9"",""source_revision"":""a95ab856bf29407b6b066ede0abe1846050db56c"",""container_image"":""runpod/pytorch@sha256:4d1721e62b56d345c83b4fd6090664be6daf9312caab5b2e76f23d8231941851"",""gpu_count"":1,""gpu_name"":""NVIDIA RTX PRO 6000 Blackwell Server Edition"",""width"":1344,""height"":768,""frames"":121,""fps"":24,""requested_video_seconds"":5,""audio"":true,""precision"":""BF16"",""compile"":false,""quantization"":null,""prompt_enhancement"":false,""output_cache"":false,""embedding_cache"":false,""schedule"":""distilled_8_plus_3"",""decoder_tiling"":{""frames"":128,""temporal_overlap"":40,""height"":768,""width"":1344,""spatial_overlap"":160}}"
ltx,measured,R0073,P_RAIN,990995156,"A person holding a transparent umbrella waits at a quiet city crossing in steady rain. View them from the side at shoulder height as they turn their head toward the traffic light. Raindrops run down the umbrella and small ripples form in puddles. Natural grey light, stable identity, one continuous shot. Hear rain hitting plastic and distant city traffic; no dialogue.",18eccf93cb3d7cc41c81003a3c5aa79946f51f4cc2096cb7f7b480bbe81a14ce,5,ltx/resident-delivery/R0073.mp4,replay-inputs/ltx/R0073.json,918408aeda79f3a1720d149c8bd1b4ad9121c847ff16479e6b79f59cc9d6ddb7,"{""backend"":""ltx25"",""mode"":""resident"",""model"":""Lightricks/LTX-2.5"",""model_revision"":""5e6e71018ee1756ed329b697a7b4aedc934dfce9"",""source_revision"":""a95ab856bf29407b6b066ede0abe1846050db56c"",""container_image"":""runpod/pytorch@sha256:4d1721e62b56d345c83b4fd6090664be6daf9312caab5b2e76f23d8231941851"",""gpu_count"":1,""gpu_name"":""NVIDIA RTX PRO 6000 Blackwell Server Edition"",""width"":1344,""height"":768,""frames"":121,""fps"":24,""requested_video_seconds"":5,""audio"":true,""precision"":""BF16"",""compile"":false,""quantization"":null,""prompt_enhancement"":false,""output_cache"":false,""embedding_cache"":false,""schedule"":""distilled_8_plus_3"",""decoder_tiling"":{""frames"":128,""temporal_overlap"":40,""height"":768,""width"":1344,""spatial_overlap"":160}}"
ltx,measured,R0074,P_WATERFALL,1604792433,"The camera glides slowly forward over a small forest stream toward a low waterfall cascading between moss-covered rocks. Sunlight filters through green leaves and catches fine mist above the water. Keep the rocks and trees stationary while water flows continuously. Realistic landscape cinematography, one uninterrupted camera movement. Layered sound of rushing water, a few birds and a light breeze.",9bac01b1a5034b7d19912dac4f312e129e7f723e4b0b254ffb6221d1cfc451b0,5,ltx/resident-delivery/R0074.mp4,replay-inputs/ltx/R0074.json,a5b35ccd86fbb39834dfe811f01b9ac49ee4d71bc56f6669cb0310516d5ad761,"{""backend"":""ltx25"",""mode"":""resident"",""model"":""Lightricks/LTX-2.5"",""model_revision"":""5e6e71018ee1756ed329b697a7b4aedc934dfce9"",""source_revision"":""a95ab856bf29407b6b066ede0abe1846050db56c"",""container_image"":""runpod/pytorch@sha256:4d1721e62b56d345c83b4fd6090664be6daf9312caab5b2e76f23d8231941851"",""gpu_count"":1,""gpu_name"":""NVIDIA RTX PRO 6000 Blackwell Server Edition"",""width"":1344,""height"":768,""frames"":121,""fps"":24,""requested_video_seconds"":5,""audio"":true,""precision"":""BF16"",""compile"":false,""quantization"":null,""prompt_enhancement"":false,""output_cache"":false,""embedding_cache"":false,""schedule"":""distilled_8_plus_3"",""decoder_tiling"":{""frames"":128,""temporal_overlap"":40,""height"":768,""width"":1344,""spatial_overlap"":160}}"
ltx,measured,R0075,P_PERFUME,927770012,"A clear glass perfume bottle with an unmarked silver cap rotates slowly on a matte black pedestal. A narrow beam of warm light moves over its curved surface, revealing believable reflections and a pale amber liquid inside. Locked camera, dark studio background, premium product photography in one continuous shot. A soft airy tonal sound accompanies the rotation. No hands, lettering or narration.",cd469710f8ef174e7e4a99ef440dbe231d95c138b1a16c3c26869e5f476029c9,5,ltx/resident-delivery/R0075.mp4,replay-inputs/ltx/R0075.json,f003ea2c152dff1da610b6434061a81d0eb8917e9b62b82185c4f2091e4926dd,"{""backend"":""ltx25"",""mode"":""resident"",""model"":""Lightricks/LTX-2.5"",""model_revision"":""5e6e71018ee1756ed329b697a7b4aedc934dfce9"",""source_revision"":""a95ab856bf29407b6b066ede0abe1846050db56c"",""container_image"":""runpod/pytorch@sha256:4d1721e62b56d345c83b4fd6090664be6daf9312caab5b2e76f23d8231941851"",""gpu_count"":1,""gpu_name"":""NVIDIA RTX PRO 6000 Blackwell Server Edition"",""width"":1344,""height"":768,""frames"":121,""fps"":24,""requested_video_seconds"":5,""audio"":true,""precision"":""BF16"",""compile"":false,""quantization"":null,""prompt_enhancement"":false,""output_cache"":false,""embedding_cache"":false,""schedule"":""distilled_8_plus_3"",""decoder_tiling"":{""frames"":128,""temporal_overlap"":40,""height"":768,""width"":1344,""spatial_overlap"":160}}"
ltx,measured,R0076,P_SIGN,337639799,"At dusk, a small neighborhood bakery switches on a warm illuminated sign reading ""OPEN"" above its front door. A customer carrying a paper bag walks out onto the sidewalk. The camera remains across the street in one steady shot. Legible four-letter sign, believable glass reflections and warm interior light against the blue evening. Hear the door bell and distant traffic.",9391401985143d8d65fe4930e16eb5c7e03b394e235a2ce492bb2112a5d8a3b7,5,ltx/resident-delivery/R0076.mp4,replay-inputs/ltx/R0076.json,28acd05c6c3dc59de3f5d264abbf35a484b41c1fbe11e786c51c301a73888a86,"{""backend"":""ltx25"",""mode"":""resident"",""model"":""Lightricks/LTX-2.5"",""model_revision"":""5e6e71018ee1756ed329b697a7b4aedc934dfce9"",""source_revision"":""a95ab856bf29407b6b066ede0abe1846050db56c"",""container_image"":""runpod/pytorch@sha256:4d1721e62b56d345c83b4fd6090664be6daf9312caab5b2e76f23d8231941851"",""gpu_count"":1,""gpu_name"":""NVIDIA RTX PRO 6000 Blackwell Server Edition"",""width"":1344,""height"":768,""frames"":121,""fps"":24,""requested_video_seconds"":5,""audio"":true,""precision"":""BF16"",""compile"":false,""quantization"":null,""prompt_enhancement"":false,""output_cache"":false,""embedding_cache"":false,""schedule"":""distilled_8_plus_3"",""decoder_tiling"":{""frames"":128,""temporal_overlap"":40,""height"":768,""width"":1344,""spatial_overlap"":160}}"
ltx,measured,R0077,P03_ALLEY,1450303444,"A quiet, narrow seaside alley in a small coastal town during mid-afternoon in summer. The alley is lined with slightly weathered pastel houses, wooden shutters half-open, soft laundry swaying gently on clotheslines overhead. Sunlight filters through the gaps, casting warm golden highlights and soft shadows across the stone path.
At the end of the alley, the ocean glows a vivid blue under a clear sky, shimmering with reflected sunlight. A gentle sea breeze moves through the scene, subtly rustling fabric, hair, and nearby plants.
In the foreground, a young child (around 8–10 years old) stands barefoot on the warm stone path, wearing light summer clothes—slightly oversized, soft fabric, moving naturally with the breeze. The child is seen from behind, gazing toward the ocean with a quiet, contemplative stillness, evoking a sense of longing and innocence.
Ambient details: distant sound of waves, faint cries of seagulls, the soft hum of summer air. Small details like potted plants, peeling paint, and sun-faded textures add realism and nostalgia.
Camera & Style: Slow cinematic push-in toward the child from behind, shallow depth of field at first, gradually revealing the ocean in sharper focus. Natural lighting, soft bloom, warm color grading with slightly desaturated tones for a nostalgic feel. Subtle lens flare from sunlight.
Mood & Tone: Peaceful, reflective, nostalgic, emotionally warm. A quiet moment of everyday beauty, capturing childhood wonder and the timeless feeling of summer.
Visual Style Keywords: cinematic realism, soft lighting, nostalgic atmosphere, slice of life, Studio Ghibli-inspired realism, natural textures, warm summer tones, gentle motion
Technical Tags (optional): 4K, high detail, global illumination, volumetric light, realistic materials, film grain, soft focus transitions",13bd78486caf4c94182a1c245e3adac336744bc747f0c9e2d06242855697c697,5,ltx/resident-delivery/R0077.mp4,replay-inputs/ltx/R0077.json,760f055d472bba4272a3f24fc79891b2e8f3525981a87d93b83c7950819cf9fc,"{""backend"":""ltx25"",""mode"":""resident"",""model"":""Lightricks/LTX-2.5"",""model_revision"":""5e6e71018ee1756ed329b697a7b4aedc934dfce9"",""source_revision"":""a95ab856bf29407b6b066ede0abe1846050db56c"",""container_image"":""runpod/pytorch@sha256:4d1721e62b56d345c83b4fd6090664be6daf9312caab5b2e76f23d8231941851"",""gpu_count"":1,""gpu_name"":""NVIDIA RTX PRO 6000 Blackwell Server Edition"",""width"":1344,""height"":768,""frames"":121,""fps"":24,""requested_video_seconds"":5,""audio"":true,""precision"":""BF16"",""compile"":false,""quantization"":null,""prompt_enhancement"":false,""output_cache"":false,""embedding_cache"":false,""schedule"":""distilled_8_plus_3"",""decoder_tiling"":{""frames"":128,""temporal_overlap"":40,""height"":768,""width"":1344,""spatial_overlap"":160}}"
ltx,measured,R0078,P_DRONE,69400800,"A drone camera slowly rises above a small stone bridge spanning a river in a green valley, revealing distant hills beyond it. Morning mist lies low over the water. Keep bridge geometry and riverbanks consistent as the viewpoint changes. Realistic aerial cinematography with a gentle continuous ascent. Sound of river water and distant birds, no drone motor or speech.",c78265ed71f8184c6c94c0a5675e1d93f3917917d1f57a6652f40c3b03770e1e,5,ltx/resident-delivery/R0078.mp4,replay-inputs/ltx/R0078.json,3eefe53c996e60a97f12218a8ea5409fda7ddc8b37e51d0b02f5bd75e601e95a,"{""backend"":""ltx25"",""mode"":""resident"",""model"":""Lightricks/LTX-2.5"",""model_revision"":""5e6e71018ee1756ed329b697a7b4aedc934dfce9"",""source_revision"":""a95ab856bf29407b6b066ede0abe1846050db56c"",""container_image"":""runpod/pytorch@sha256:4d1721e62b56d345c83b4fd6090664be6daf9312caab5b2e76f23d8231941851"",""gpu_count"":1,""gpu_name"":""NVIDIA RTX PRO 6000 Blackwell Server Edition"",""width"":1344,""height"":768,""frames"":121,""fps"":24,""requested_video_seconds"":5,""audio"":true,""precision"":""BF16"",""compile"":false,""quantization"":null,""prompt_enhancement"":false,""output_cache"":false,""embedding_cache"":false,""schedule"":""distilled_8_plus_3"",""decoder_tiling"":{""frames"":128,""temporal_overlap"":40,""height"":768,""width"":1344,""spatial_overlap"":160}}"
ltx,measured,R0079,P_POTTERY,1058033092,"Close-up of a potter's wet hands shaping a spinning clay bowl on a pottery wheel. Fingers gently widen the rim while the bowl stays centered and symmetrical. Soft side light shows the texture of the clay and water on the hands. Static camera, one continuous realistic workshop shot. Hear the wheel motor, damp clay contact and quiet room ambience.",617ec30cc94bd78f0f9444d2e8835309698cc9f5fd1df0fdc08c38005aedf232,5,ltx/resident-delivery/R0079.mp4,replay-inputs/ltx/R0079.json,af238191ccc2b0f9d01adb5e47c20407afcb9168ce1df5b88db4334ee9f7d1bc,"{""backend"":""ltx25"",""mode"":""resident"",""model"":""Lightricks/LTX-2.5"",""model_revision"":""5e6e71018ee1756ed329b697a7b4aedc934dfce9"",""source_revision"":""a95ab856bf29407b6b066ede0abe1846050db56c"",""container_image"":""runpod/pytorch@sha256:4d1721e62b56d345c83b4fd6090664be6daf9312caab5b2e76f23d8231941851"",""gpu_count"":1,""gpu_name"":""NVIDIA RTX PRO 6000 Blackwell Server Edition"",""width"":1344,""height"":768,""frames"":121,""fps"":24,""requested_video_seconds"":5,""audio"":true,""precision"":""BF16"",""compile"":false,""quantization"":null,""prompt_enhancement"":false,""output_cache"":false,""embedding_cache"":false,""schedule"":""distilled_8_plus_3"",""decoder_tiling"":{""frames"":128,""temporal_overlap"":40,""height"":768,""width"":1344,""spatial_overlap"":160}}"
ltx,measured,R0080,P_SKATE,977544656,"A skateboarder in a yellow jacket rolls along an empty paved plaza, performs one small ollie over a painted line and lands smoothly. Low side-tracking camera follows the full motion without a cut. Late-afternoon sunlight casts a coherent moving shadow. Preserve the rider, clothing and skateboard shape. Hear rolling wheels, the board popping and the landing on concrete.",805d63405d48c81283bc230a7ca89bb877149326a946665e0cf6d8bdfeef7f5b,5,ltx/resident-delivery/R0080.mp4,replay-inputs/ltx/R0080.json,da91b6753ae3abb3a454a9ac78986d9ab5cf1eac2fec7a82313b77d27ae2f318,"{""backend"":""ltx25"",""mode"":""resident"",""model"":""Lightricks/LTX-2.5"",""model_revision"":""5e6e71018ee1756ed329b697a7b4aedc934dfce9"",""source_revision"":""a95ab856bf29407b6b066ede0abe1846050db56c"",""container_image"":""runpod/pytorch@sha256:4d1721e62b56d345c83b4fd6090664be6daf9312caab5b2e76f23d8231941851"",""gpu_count"":1,""gpu_name"":""NVIDIA RTX PRO 6000 Blackwell Server Edition"",""width"":1344,""height"":768,""frames"":121,""fps"":24,""requested_video_seconds"":5,""audio"":true,""precision"":""BF16"",""compile"":false,""quantization"":null,""prompt_enhancement"":false,""output_cache"":false,""embedding_cache"":false,""schedule"":""distilled_8_plus_3"",""decoder_tiling"":{""frames"":128,""temporal_overlap"":40,""height"":768,""width"":1344,""spatial_overlap"":160}}"
ltx,measured,R0081,P_GEARS,748184361,"Macro view of three brass gears turning together inside an open mechanical clock. Every gear meshes consistently with its neighbors and rotates in the appropriate opposite direction. Warm directional light highlights fine machining marks and tiny moving reflections. Slow sideways camera slide, one continuous realistic shot. Hear a steady mechanical ticking with no music or speech.",a21304a83ff9d2e9bdc6a67d9ae1d8cd5c384622e96f332b599c9c0b1a439271,5,ltx/resident-delivery/R0081.mp4,replay-inputs/ltx/R0081.json,63f507a04a0a1c3ae889b826b8464c7fbabc68beccc852f0ec63ffb4f5dd0b95,"{""backend"":""ltx25"",""mode"":""resident"",""model"":""Lightricks/LTX-2.5"",""model_revision"":""5e6e71018ee1756ed329b697a7b4aedc934dfce9"",""source_revision"":""a95ab856bf29407b6b066ede0abe1846050db56c"",""container_image"":""runpod/pytorch@sha256:4d1721e62b56d345c83b4fd6090664be6daf9312caab5b2e76f23d8231941851"",""gpu_count"":1,""gpu_name"":""NVIDIA RTX PRO 6000 Blackwell Server Edition"",""width"":1344,""height"":768,""frames"":121,""fps"":24,""requested_video_seconds"":5,""audio"":true,""precision"":""BF16"",""compile"":false,""quantization"":null,""prompt_enhancement"":false,""output_cache"":false,""embedding_cache"":false,""schedule"":""distilled_8_plus_3"",""decoder_tiling"":{""frames"":128,""temporal_overlap"":40,""height"":768,""width"":1344,""spatial_overlap"":160}}"
ltx,measured,R0082,P_WATERFALL,2119140655,"The camera glides slowly forward over a small forest stream toward a low waterfall cascading between moss-covered rocks. Sunlight filters through green leaves and catches fine mist above the water. Keep the rocks and trees stationary while water flows continuously. Realistic landscape cinematography, one uninterrupted camera movement. Layered sound of rushing water, a few birds and a light breeze.",9bac01b1a5034b7d19912dac4f312e129e7f723e4b0b254ffb6221d1cfc451b0,5,ltx/resident-delivery/R0082.mp4,replay-inputs/ltx/R0082.json,ae3ffba40dd77ebdce0fdff72687d6a77eec13e2c56cbdf8c73773c5aecc264d,"{""backend"":""ltx25"",""mode"":""resident"",""model"":""Lightricks/LTX-2.5"",""model_revision"":""5e6e71018ee1756ed329b697a7b4aedc934dfce9"",""source_revision"":""a95ab856bf29407b6b066ede0abe1846050db56c"",""container_image"":""runpod/pytorch@sha256:4d1721e62b56d345c83b4fd6090664be6daf9312caab5b2e76f23d8231941851"",""gpu_count"":1,""gpu_name"":""NVIDIA RTX PRO 6000 Blackwell Server Edition"",""width"":1344,""height"":768,""frames"":121,""fps"":24,""requested_video_seconds"":5,""audio"":true,""precision"":""BF16"",""compile"":false,""quantization"":null,""prompt_enhancement"":false,""output_cache"":false,""embedding_cache"":false,""schedule"":""distilled_8_plus_3"",""decoder_tiling"":{""frames"":128,""temporal_overlap"":40,""height"":768,""width"":1344,""spatial_overlap"":160}}"
ltx,measured,R0083,P_DOG,1082262073,"A wet golden retriever runs out of shallow water onto a sandy beach and shakes water from its coat. Film at the dog's eye level with natural daylight and a softly blurred sea behind it. The camera holds one continuous shot as droplets scatter and fall. Realistic fur and four anatomically coherent legs. Sound of splashing, the coat shaking and small waves; no speech.",f463371b0666c129b88ee25516b6e2276d961084257eaa5847aca42fa6b61607,5,ltx/resident-delivery/R0083.mp4,replay-inputs/ltx/R0083.json,aacbb88bf0144df4e40d73e82d46b964a6f1ba83360985730105a9190549c05e,"{""backend"":""ltx25"",""mode"":""resident"",""model"":""Lightricks/LTX-2.5"",""model_revision"":""5e6e71018ee1756ed329b697a7b4aedc934dfce9"",""source_revision"":""a95ab856bf29407b6b066ede0abe1846050db56c"",""container_image"":""runpod/pytorch@sha256:4d1721e62b56d345c83b4fd6090664be6daf9312caab5b2e76f23d8231941851"",""gpu_count"":1,""gpu_name"":""NVIDIA RTX PRO 6000 Blackwell Server Edition"",""width"":1344,""height"":768,""frames"":121,""fps"":24,""requested_video_seconds"":5,""audio"":true,""precision"":""BF16"",""compile"":false,""quantization"":null,""prompt_enhancement"":false,""output_cache"":false,""embedding_cache"":false,""schedule"":""distilled_8_plus_3"",""decoder_tiling"":{""frames"":128,""temporal_overlap"":40,""height"":768,""width"":1344,""spatial_overlap"":160}}"
ltx,measured,R0084,P_COFFEE,630107213,"In a quiet cafe, a barista slowly pours steamed milk into a dark ceramic cup of espresso, forming a simple white heart. Close-up camera at counter height, shallow depth of field, soft morning window light. Keep the cup and hands consistent throughout one continuous shot. Hear the milk pouring, the cup touching its saucer, and low cafe ambience. No music or dialogue.",2afd9890a21d7c9de362a4a8c06f2a363fe2a292def44fccede3fcd93f7ffee0,5,ltx/resident-delivery/R0084.mp4,replay-inputs/ltx/R0084.json,c5601158f6c816cf8579817d61ca431ea2bb69055d620a3e38110c4c4e3f7a36,"{""backend"":""ltx25"",""mode"":""resident"",""model"":""Lightricks/LTX-2.5"",""model_revision"":""5e6e71018ee1756ed329b697a7b4aedc934dfce9"",""source_revision"":""a95ab856bf29407b6b066ede0abe1846050db56c"",""container_image"":""runpod/pytorch@sha256:4d1721e62b56d345c83b4fd6090664be6daf9312caab5b2e76f23d8231941851"",""gpu_count"":1,""gpu_name"":""NVIDIA RTX PRO 6000 Blackwell Server Edition"",""width"":1344,""height"":768,""frames"":121,""fps"":24,""requested_video_seconds"":5,""audio"":true,""precision"":""BF16"",""compile"":false,""quantization"":null,""prompt_enhancement"":false,""output_cache"":false,""embedding_cache"":false,""schedule"":""distilled_8_plus_3"",""decoder_tiling"":{""frames"":128,""temporal_overlap"":40,""height"":768,""width"":1344,""spatial_overlap"":160}}"
ltx,measured,R0085,P_POTTERY,228809191,"Close-up of a potter's wet hands shaping a spinning clay bowl on a pottery wheel. Fingers gently widen the rim while the bowl stays centered and symmetrical. Soft side light shows the texture of the clay and water on the hands. Static camera, one continuous realistic workshop shot. Hear the wheel motor, damp clay contact and quiet room ambience.",617ec30cc94bd78f0f9444d2e8835309698cc9f5fd1df0fdc08c38005aedf232,5,ltx/resident-delivery/R0085.mp4,replay-inputs/ltx/R0085.json,ba32d836ca1bc43d04a40b8fc91e9af86bc91009ee134109d2f35f52a877d87d,"{""backend"":""ltx25"",""mode"":""resident"",""model"":""Lightricks/LTX-2.5"",""model_revision"":""5e6e71018ee1756ed329b697a7b4aedc934dfce9"",""source_revision"":""a95ab856bf29407b6b066ede0abe1846050db56c"",""container_image"":""runpod/pytorch@sha256:4d1721e62b56d345c83b4fd6090664be6daf9312caab5b2e76f23d8231941851"",""gpu_count"":1,""gpu_name"":""NVIDIA RTX PRO 6000 Blackwell Server Edition"",""width"":1344,""height"":768,""frames"":121,""fps"":24,""requested_video_seconds"":5,""audio"":true,""precision"":""BF16"",""compile"":false,""quantization"":null,""prompt_enhancement"":false,""output_cache"":false,""embedding_cache"":false,""schedule"":""distilled_8_plus_3"",""decoder_tiling"":{""frames"":128,""temporal_overlap"":40,""height"":768,""width"":1344,""spatial_overlap"":160}}"
ltx,measured,R0086,P_SKATE,1418041305,"A skateboarder in a yellow jacket rolls along an empty paved plaza, performs one small ollie over a painted line and lands smoothly. Low side-tracking camera follows the full motion without a cut. Late-afternoon sunlight casts a coherent moving shadow. Preserve the rider, clothing and skateboard shape. Hear rolling wheels, the board popping and the landing on concrete.",805d63405d48c81283bc230a7ca89bb877149326a946665e0cf6d8bdfeef7f5b,5,ltx/resident-delivery/R0086.mp4,replay-inputs/ltx/R0086.json,533c448fd207b7e98f25186c1d44053854ed6d972959741d5e46fc8c8f0d68aa,"{""backend"":""ltx25"",""mode"":""resident"",""model"":""Lightricks/LTX-2.5"",""model_revision"":""5e6e71018ee1756ed329b697a7b4aedc934dfce9"",""source_revision"":""a95ab856bf29407b6b066ede0abe1846050db56c"",""container_image"":""runpod/pytorch@sha256:4d1721e62b56d345c83b4fd6090664be6daf9312caab5b2e76f23d8231941851"",""gpu_count"":1,""gpu_name"":""NVIDIA RTX PRO 6000 Blackwell Server Edition"",""width"":1344,""height"":768,""frames"":121,""fps"":24,""requested_video_seconds"":5,""audio"":true,""precision"":""BF16"",""compile"":false,""quantization"":null,""prompt_enhancement"":false,""output_cache"":false,""embedding_cache"":false,""schedule"":""distilled_8_plus_3"",""decoder_tiling"":{""frames"":128,""temporal_overlap"":40,""height"":768,""width"":1344,""spatial_overlap"":160}}"
ltx,measured,R0087,P_FIRE,296145605,"In a quiet snow-covered forest at blue hour, a small campfire flickers beside an empty wooden bench. Sparks rise briefly and fade while a thin plume of smoke drifts to the right. The camera slowly pushes closer without a cut. Warm firelight falls naturally across nearby snow. Hear wood crackling and soft winter wind, no people or music.",a4b2fe69b1bda6a81ff22d3d0cc95906cb244766b7bd47adce75441059620e95,5,ltx/resident-delivery/R0087.mp4,replay-inputs/ltx/R0087.json,a893d725f9e4d2932c1607904c1af903d8ac9fb373f395837b19eed68086fe01,"{""backend"":""ltx25"",""mode"":""resident"",""model"":""Lightricks/LTX-2.5"",""model_revision"":""5e6e71018ee1756ed329b697a7b4aedc934dfce9"",""source_revision"":""a95ab856bf29407b6b066ede0abe1846050db56c"",""container_image"":""runpod/pytorch@sha256:4d1721e62b56d345c83b4fd6090664be6daf9312caab5b2e76f23d8231941851"",""gpu_count"":1,""gpu_name"":""NVIDIA RTX PRO 6000 Blackwell Server Edition"",""width"":1344,""height"":768,""frames"":121,""fps"":24,""requested_video_seconds"":5,""audio"":true,""precision"":""BF16"",""compile"":false,""quantization"":null,""prompt_enhancement"":false,""output_cache"":false,""embedding_cache"":false,""schedule"":""distilled_8_plus_3"",""decoder_tiling"":{""frames"":128,""temporal_overlap"":40,""height"":768,""width"":1344,""spatial_overlap"":160}}"
ltx,measured,R0088,P_GUITAR,319351166,"An adult musician seated on a simple stool plays a short gentle phrase on an acoustic guitar. Frame both hands and the upper body from the front. Fingers press the strings on the fretboard while the other hand plucks them. Warm studio lighting, fixed camera and realistic anatomy. The audible guitar notes should correspond to visible playing; no vocals or backing instruments.",5f31dae19d3ddb12acc08edd06de8787e96a4a6ea9c37c70ebbeea8c38a5d680,5,ltx/resident-delivery/R0088.mp4,replay-inputs/ltx/R0088.json,523b2c6de952666532ae8b778d61f6b350e215ee8e09ec3a5139335e978b9741,"{""backend"":""ltx25"",""mode"":""resident"",""model"":""Lightricks/LTX-2.5"",""model_revision"":""5e6e71018ee1756ed329b697a7b4aedc934dfce9"",""source_revision"":""a95ab856bf29407b6b066ede0abe1846050db56c"",""container_image"":""runpod/pytorch@sha256:4d1721e62b56d345c83b4fd6090664be6daf9312caab5b2e76f23d8231941851"",""gpu_count"":1,""gpu_name"":""NVIDIA RTX PRO 6000 Blackwell Server Edition"",""width"":1344,""height"":768,""frames"":121,""fps"":24,""requested_video_seconds"":5,""audio"":true,""precision"":""BF16"",""compile"":false,""quantization"":null,""prompt_enhancement"":false,""output_cache"":false,""embedding_cache"":false,""schedule"":""distilled_8_plus_3"",""decoder_tiling"":{""frames"":128,""temporal_overlap"":40,""height"":768,""width"":1344,""spatial_overlap"":160}}"
ltx,measured,R0089,P_DANCE,1228101757,"A dancer wearing a loose blue shirt performs one smooth turn in a spacious rehearsal studio, then settles into a balanced standing pose. Full-body camera framing shows both feet throughout. Soft daylight from tall windows, realistic wooden floor and a consistent shadow. One uninterrupted shot with natural movement. Hear footfalls and a brief quiet breath, no spoken words.",f3c3f60e4d49697670116aabefa06a752358adce583a83519022363fef86accc,5,ltx/resident-delivery/R0089.mp4,replay-inputs/ltx/R0089.json,a2a7d80cea7cf0f6d6f66cbd13ed201c09a32af2cd8cf70bf6e61a1581aead6c,"{""backend"":""ltx25"",""mode"":""resident"",""model"":""Lightricks/LTX-2.5"",""model_revision"":""5e6e71018ee1756ed329b697a7b4aedc934dfce9"",""source_revision"":""a95ab856bf29407b6b066ede0abe1846050db56c"",""container_image"":""runpod/pytorch@sha256:4d1721e62b56d345c83b4fd6090664be6daf9312caab5b2e76f23d8231941851"",""gpu_count"":1,""gpu_name"":""NVIDIA RTX PRO 6000 Blackwell Server Edition"",""width"":1344,""height"":768,""frames"":121,""fps"":24,""requested_video_seconds"":5,""audio"":true,""precision"":""BF16"",""compile"":false,""quantization"":null,""prompt_enhancement"":false,""output_cache"":false,""embedding_cache"":false,""schedule"":""distilled_8_plus_3"",""decoder_tiling"":{""frames"":128,""temporal_overlap"":40,""height"":768,""width"":1344,""spatial_overlap"":160}}"
ltx,measured,R0090,P_PERFUME,1756820023,"A clear glass perfume bottle with an unmarked silver cap rotates slowly on a matte black pedestal. A narrow beam of warm light moves over its curved surface, revealing believable reflections and a pale amber liquid inside. Locked camera, dark studio background, premium product photography in one continuous shot. A soft airy tonal sound accompanies the rotation. No hands, lettering or narration.",cd469710f8ef174e7e4a99ef440dbe231d95c138b1a16c3c26869e5f476029c9,5,ltx/resident-delivery/R0090.mp4,replay-inputs/ltx/R0090.json,93b4e4007c9ecd5dcd87ad80bb9329ee59a8844524138ff050313e9a263c34bc,"{""backend"":""ltx25"",""mode"":""resident"",""model"":""Lightricks/LTX-2.5"",""model_revision"":""5e6e71018ee1756ed329b697a7b4aedc934dfce9"",""source_revision"":""a95ab856bf29407b6b066ede0abe1846050db56c"",""container_image"":""runpod/pytorch@sha256:4d1721e62b56d345c83b4fd6090664be6daf9312caab5b2e76f23d8231941851"",""gpu_count"":1,""gpu_name"":""NVIDIA RTX PRO 6000 Blackwell Server Edition"",""width"":1344,""height"":768,""frames"":121,""fps"":24,""requested_video_seconds"":5,""audio"":true,""precision"":""BF16"",""compile"":false,""quantization"":null,""prompt_enhancement"":false,""output_cache"":false,""embedding_cache"":false,""schedule"":""distilled_8_plus_3"",""decoder_tiling"":{""frames"":128,""temporal_overlap"":40,""height"":768,""width"":1344,""spatial_overlap"":160}}"
ltx,measured,R0091,P_SIGN,307746457,"At dusk, a small neighborhood bakery switches on a warm illuminated sign reading ""OPEN"" above its front door. A customer carrying a paper bag walks out onto the sidewalk. The camera remains across the street in one steady shot. Legible four-letter sign, believable glass reflections and warm interior light against the blue evening. Hear the door bell and distant traffic.",9391401985143d8d65fe4930e16eb5c7e03b394e235a2ce492bb2112a5d8a3b7,5,ltx/resident-delivery/R0091.mp4,replay-inputs/ltx/R0091.json,10003de795cf4d2affceb5f0ff7b0299ee89142e825c91fa1518efe726564e4b,"{""backend"":""ltx25"",""mode"":""resident"",""model"":""Lightricks/LTX-2.5"",""model_revision"":""5e6e71018ee1756ed329b697a7b4aedc934dfce9"",""source_revision"":""a95ab856bf29407b6b066ede0abe1846050db56c"",""container_image"":""runpod/pytorch@sha256:4d1721e62b56d345c83b4fd6090664be6daf9312caab5b2e76f23d8231941851"",""gpu_count"":1,""gpu_name"":""NVIDIA RTX PRO 6000 Blackwell Server Edition"",""width"":1344,""height"":768,""frames"":121,""fps"":24,""requested_video_seconds"":5,""audio"":true,""precision"":""BF16"",""compile"":false,""quantization"":null,""prompt_enhancement"":false,""output_cache"":false,""embedding_cache"":false,""schedule"":""distilled_8_plus_3"",""decoder_tiling"":{""frames"":128,""temporal_overlap"":40,""height"":768,""width"":1344,""spatial_overlap"":160}}"
ltx,measured,R0092,P_PORTRAIT,637159217,"A middle-aged bicycle mechanic in a sunlit workshop looks up from fixing a wheel, smiles at the camera and says clearly in English, ""Ready for another ride."" Medium close-up, natural skin texture and gentle handheld movement. His mouth should match the words. Tools and hanging bicycles remain stable in the background. Quiet workshop sounds and natural speech, no background music.",f63039c43175dde8cd3ab433ff9021df3f91a337d330bf8ea8efc1a9be5678ce,5,ltx/resident-delivery/R0092.mp4,replay-inputs/ltx/R0092.json,b5f014dafb3acdf6c613c78d60cd042d7c6fa48e57d392eccb0ff437d8033efc,"{""backend"":""ltx25"",""mode"":""resident"",""model"":""Lightricks/LTX-2.5"",""model_revision"":""5e6e71018ee1756ed329b697a7b4aedc934dfce9"",""source_revision"":""a95ab856bf29407b6b066ede0abe1846050db56c"",""container_image"":""runpod/pytorch@sha256:4d1721e62b56d345c83b4fd6090664be6daf9312caab5b2e76f23d8231941851"",""gpu_count"":1,""gpu_name"":""NVIDIA RTX PRO 6000 Blackwell Server Edition"",""width"":1344,""height"":768,""frames"":121,""fps"":24,""requested_video_seconds"":5,""audio"":true,""precision"":""BF16"",""compile"":false,""quantization"":null,""prompt_enhancement"":false,""output_cache"":false,""embedding_cache"":false,""schedule"":""distilled_8_plus_3"",""decoder_tiling"":{""frames"":128,""temporal_overlap"":40,""height"":768,""width"":1344,""spatial_overlap"":160}}"
ltx,measured,R0093,P_REEF,564329195,A small school of blue fish swims from left to right through a sunlit coral reef while a larger striped fish moves slowly in the opposite direction. Underwater documentary shot with gentle drifting camera movement and light rays from the surface. Consistent fish bodies and natural water movement. Soft muffled underwater ambience without voices or music.,63f57f982c9b667a40640f2e968878c4d27c9e4ed75f60cec4cba7111dd82467,5,ltx/resident-delivery/R0093.mp4,replay-inputs/ltx/R0093.json,91ea63d82e16fda49f7db14a415c1232a5cd65ba12893e40cf92eb47c6535988,"{""backend"":""ltx25"",""mode"":""resident"",""model"":""Lightricks/LTX-2.5"",""model_revision"":""5e6e71018ee1756ed329b697a7b4aedc934dfce9"",""source_revision"":""a95ab856bf29407b6b066ede0abe1846050db56c"",""container_image"":""runpod/pytorch@sha256:4d1721e62b56d345c83b4fd6090664be6daf9312caab5b2e76f23d8231941851"",""gpu_count"":1,""gpu_name"":""NVIDIA RTX PRO 6000 Blackwell Server Edition"",""width"":1344,""height"":768,""frames"":121,""fps"":24,""requested_video_seconds"":5,""audio"":true,""precision"":""BF16"",""compile"":false,""quantization"":null,""prompt_enhancement"":false,""output_cache"":false,""embedding_cache"":false,""schedule"":""distilled_8_plus_3"",""decoder_tiling"":{""frames"":128,""temporal_overlap"":40,""height"":768,""width"":1344,""spatial_overlap"":160}}"
ltx,measured,R0094,P_DRONE,261299684,"A drone camera slowly rises above a small stone bridge spanning a river in a green valley, revealing distant hills beyond it. Morning mist lies low over the water. Keep bridge geometry and riverbanks consistent as the viewpoint changes. Realistic aerial cinematography with a gentle continuous ascent. Sound of river water and distant birds, no drone motor or speech.",c78265ed71f8184c6c94c0a5675e1d93f3917917d1f57a6652f40c3b03770e1e,5,ltx/resident-delivery/R0094.mp4,replay-inputs/ltx/R0094.json,87808c02fec2fb055cb588e12196b85f76ac33755018219f7616aef4bc18e2da,"{""backend"":""ltx25"",""mode"":""resident"",""model"":""Lightricks/LTX-2.5"",""model_revision"":""5e6e71018ee1756ed329b697a7b4aedc934dfce9"",""source_revision"":""a95ab856bf29407b6b066ede0abe1846050db56c"",""container_image"":""runpod/pytorch@sha256:4d1721e62b56d345c83b4fd6090664be6daf9312caab5b2e76f23d8231941851"",""gpu_count"":1,""gpu_name"":""NVIDIA RTX PRO 6000 Blackwell Server Edition"",""width"":1344,""height"":768,""frames"":121,""fps"":24,""requested_video_seconds"":5,""audio"":true,""precision"":""BF16"",""compile"":false,""quantization"":null,""prompt_enhancement"":false,""output_cache"":false,""embedding_cache"":false,""schedule"":""distilled_8_plus_3"",""decoder_tiling"":{""frames"":128,""temporal_overlap"":40,""height"":768,""width"":1344,""spatial_overlap"":160}}"
ltx,measured,R0095,P_RAIN,1788022337,"A person holding a transparent umbrella waits at a quiet city crossing in steady rain. View them from the side at shoulder height as they turn their head toward the traffic light. Raindrops run down the umbrella and small ripples form in puddles. Natural grey light, stable identity, one continuous shot. Hear rain hitting plastic and distant city traffic; no dialogue.",18eccf93cb3d7cc41c81003a3c5aa79946f51f4cc2096cb7f7b480bbe81a14ce,5,ltx/resident-delivery/R0095.mp4,replay-inputs/ltx/R0095.json,7627869bb2b269d574bf1bda69eb2fd05ec492fa5a757295b7d9e7d7e0641f34,"{""backend"":""ltx25"",""mode"":""resident"",""model"":""Lightricks/LTX-2.5"",""model_revision"":""5e6e71018ee1756ed329b697a7b4aedc934dfce9"",""source_revision"":""a95ab856bf29407b6b066ede0abe1846050db56c"",""container_image"":""runpod/pytorch@sha256:4d1721e62b56d345c83b4fd6090664be6daf9312caab5b2e76f23d8231941851"",""gpu_count"":1,""gpu_name"":""NVIDIA RTX PRO 6000 Blackwell Server Edition"",""width"":1344,""height"":768,""frames"":121,""fps"":24,""requested_video_seconds"":5,""audio"":true,""precision"":""BF16"",""compile"":false,""quantization"":null,""prompt_enhancement"":false,""output_cache"":false,""embedding_cache"":false,""schedule"":""distilled_8_plus_3"",""decoder_tiling"":{""frames"":128,""temporal_overlap"":40,""height"":768,""width"":1344,""spatial_overlap"":160}}"
ltx,measured,R0096,P_CLAY,1438011057,"A small orange clay fox on a miniature grassy hill notices a blue butterfly and follows it with two playful steps. Handmade stop-motion style with visible clay texture and a painted sky. The butterfly circles once near the fox's nose. One fixed camera shot, consistent character shapes. Light footsteps and soft whimsical sound effects, no speech or text.",7317092e933dd1c04572ce14ab4dbec3a1909d49c60816569f878d64d1859f56,5,ltx/resident-delivery/R0096.mp4,replay-inputs/ltx/R0096.json,e2d8a5ef33e8900ad1f55c7b953a9f60dfe02842a8fea6cf2a15529f6584e98f,"{""backend"":""ltx25"",""mode"":""resident"",""model"":""Lightricks/LTX-2.5"",""model_revision"":""5e6e71018ee1756ed329b697a7b4aedc934dfce9"",""source_revision"":""a95ab856bf29407b6b066ede0abe1846050db56c"",""container_image"":""runpod/pytorch@sha256:4d1721e62b56d345c83b4fd6090664be6daf9312caab5b2e76f23d8231941851"",""gpu_count"":1,""gpu_name"":""NVIDIA RTX PRO 6000 Blackwell Server Edition"",""width"":1344,""height"":768,""frames"":121,""fps"":24,""requested_video_seconds"":5,""audio"":true,""precision"":""BF16"",""compile"":false,""quantization"":null,""prompt_enhancement"":false,""output_cache"":false,""embedding_cache"":false,""schedule"":""distilled_8_plus_3"",""decoder_tiling"":{""frames"":128,""temporal_overlap"":40,""height"":768,""width"":1344,""spatial_overlap"":160}}"
ltx,measured,R0097,P02_TURTLE,844179745,"A green sea turtle lifts its head above crystal-clear water, exhaling a misty plume that catches sunrise light; ripples race outward.  
200 mm telephoto realism, 1/4000 s freeze, warm golden backlight.  
audio: soft exhale + gentle wave slap
negative: no divers, no boats",e20142b0b4017c3a79a125c808a2068c5890fb7d04ddec169baa5ef9a41c366d,5,ltx/resident-delivery/R0097.mp4,replay-inputs/ltx/R0097.json,bc737a21bf42c240348043f77d6480abdf5e74ead9377cfddbfba7fe4769352d,"{""backend"":""ltx25"",""mode"":""resident"",""model"":""Lightricks/LTX-2.5"",""model_revision"":""5e6e71018ee1756ed329b697a7b4aedc934dfce9"",""source_revision"":""a95ab856bf29407b6b066ede0abe1846050db56c"",""container_image"":""runpod/pytorch@sha256:4d1721e62b56d345c83b4fd6090664be6daf9312caab5b2e76f23d8231941851"",""gpu_count"":1,""gpu_name"":""NVIDIA RTX PRO 6000 Blackwell Server Edition"",""width"":1344,""height"":768,""frames"":121,""fps"":24,""requested_video_seconds"":5,""audio"":true,""precision"":""BF16"",""compile"":false,""quantization"":null,""prompt_enhancement"":false,""output_cache"":false,""embedding_cache"":false,""schedule"":""distilled_8_plus_3"",""decoder_tiling"":{""frames"":128,""temporal_overlap"":40,""height"":768,""width"":1344,""spatial_overlap"":160}}"
ltx,measured,R0098,P01_EN,692791515,"A cinematic live-action cooking scene in a bright professional kitchen. A serious human chef places a normal-looking onion on a cutting board. The instant the knife comes down, the onion transforms into a hand-drawn cartoon character, screams, stretches like rubber. It dives into a pile of real vegetables and disguises itself as an ordinary onion. The chef pauses, studies the pile, then casually grabs a different onion--only for every vegetable to suddenly open cartoon eyes and scream. Photorealistic kitchen, expressive 2D animation, accurate shadows and physical interaction, fast comedic timing, dramatic cooking sounds.

Any spoken words, dialogue, narration, or on-screen text must be in English only. Do not use Spanish, Russian, or other languages.",9c924c21f39702c03de5287bb3307e1b6df82303b9e6d352704e7fa7a91a96a7,5,ltx/resident-delivery/R0098.mp4,replay-inputs/ltx/R0098.json,8745b61172e11620da641d4720fdff0e1eec651ec773d68db9e65a35eebe2741,"{""backend"":""ltx25"",""mode"":""resident"",""model"":""Lightricks/LTX-2.5"",""model_revision"":""5e6e71018ee1756ed329b697a7b4aedc934dfce9"",""source_revision"":""a95ab856bf29407b6b066ede0abe1846050db56c"",""container_image"":""runpod/pytorch@sha256:4d1721e62b56d345c83b4fd6090664be6daf9312caab5b2e76f23d8231941851"",""gpu_count"":1,""gpu_name"":""NVIDIA RTX PRO 6000 Blackwell Server Edition"",""width"":1344,""height"":768,""frames"":121,""fps"":24,""requested_video_seconds"":5,""audio"":true,""precision"":""BF16"",""compile"":false,""quantization"":null,""prompt_enhancement"":false,""output_cache"":false,""embedding_cache"":false,""schedule"":""distilled_8_plus_3"",""decoder_tiling"":{""frames"":128,""temporal_overlap"":40,""height"":768,""width"":1344,""spatial_overlap"":160}}"
ltx,measured,R0099,P_CAR,1862513134,"A red compact car drives at a moderate speed along a wet mountain road after rain. Side-tracking camera keeps the whole car visible as its wheels rotate and spray a little water. Cloudy daylight, wooded hills and realistic reflections on the road. One continuous shot, no other cars. Hear the engine, tire noise and wet pavement, with no dialogue or music.",8a819d8e41cb3053412deafc9a74c0fb2a4dd9a3f596f71008bf474fb9602c99,5,ltx/resident-delivery/R0099.mp4,replay-inputs/ltx/R0099.json,4d25790bac2217191fb3dbc2f7611b4020c044486effe8bb07df72ca1a8dfceb,"{""backend"":""ltx25"",""mode"":""resident"",""model"":""Lightricks/LTX-2.5"",""model_revision"":""5e6e71018ee1756ed329b697a7b4aedc934dfce9"",""source_revision"":""a95ab856bf29407b6b066ede0abe1846050db56c"",""container_image"":""runpod/pytorch@sha256:4d1721e62b56d345c83b4fd6090664be6daf9312caab5b2e76f23d8231941851"",""gpu_count"":1,""gpu_name"":""NVIDIA RTX PRO 6000 Blackwell Server Edition"",""width"":1344,""height"":768,""frames"":121,""fps"":24,""requested_video_seconds"":5,""audio"":true,""precision"":""BF16"",""compile"":false,""quantization"":null,""prompt_enhancement"":false,""output_cache"":false,""embedding_cache"":false,""schedule"":""distilled_8_plus_3"",""decoder_tiling"":{""frames"":128,""temporal_overlap"":40,""height"":768,""width"":1344,""spatial_overlap"":160}}"
ltx,measured,R0100,P03_ALLEY,715479378,"A quiet, narrow seaside alley in a small coastal town during mid-afternoon in summer. The alley is lined with slightly weathered pastel houses, wooden shutters half-open, soft laundry swaying gently on clotheslines overhead. Sunlight filters through the gaps, casting warm golden highlights and soft shadows across the stone path.
At the end of the alley, the ocean glows a vivid blue under a clear sky, shimmering with reflected sunlight. A gentle sea breeze moves through the scene, subtly rustling fabric, hair, and nearby plants.
In the foreground, a young child (around 8–10 years old) stands barefoot on the warm stone path, wearing light summer clothes—slightly oversized, soft fabric, moving naturally with the breeze. The child is seen from behind, gazing toward the ocean with a quiet, contemplative stillness, evoking a sense of longing and innocence.
Ambient details: distant sound of waves, faint cries of seagulls, the soft hum of summer air. Small details like potted plants, peeling paint, and sun-faded textures add realism and nostalgia.
Camera & Style: Slow cinematic push-in toward the child from behind, shallow depth of field at first, gradually revealing the ocean in sharper focus. Natural lighting, soft bloom, warm color grading with slightly desaturated tones for a nostalgic feel. Subtle lens flare from sunlight.
Mood & Tone: Peaceful, reflective, nostalgic, emotionally warm. A quiet moment of everyday beauty, capturing childhood wonder and the timeless feeling of summer.
Visual Style Keywords: cinematic realism, soft lighting, nostalgic atmosphere, slice of life, Studio Ghibli-inspired realism, natural textures, warm summer tones, gentle motion
Technical Tags (optional): 4K, high detail, global illumination, volumetric light, realistic materials, film grain, soft focus transitions",13bd78486caf4c94182a1c245e3adac336744bc747f0c9e2d06242855697c697,5,ltx/resident-delivery/R0100.mp4,replay-inputs/ltx/R0100.json,c9313a032155fe141929180e688055c1ca71f14b16d26c17e886e1f14ecb449e,"{""backend"":""ltx25"",""mode"":""resident"",""model"":""Lightricks/LTX-2.5"",""model_revision"":""5e6e71018ee1756ed329b697a7b4aedc934dfce9"",""source_revision"":""a95ab856bf29407b6b066ede0abe1846050db56c"",""container_image"":""runpod/pytorch@sha256:4d1721e62b56d345c83b4fd6090664be6daf9312caab5b2e76f23d8231941851"",""gpu_count"":1,""gpu_name"":""NVIDIA RTX PRO 6000 Blackwell Server Edition"",""width"":1344,""height"":768,""frames"":121,""fps"":24,""requested_video_seconds"":5,""audio"":true,""precision"":""BF16"",""compile"":false,""quantization"":null,""prompt_enhancement"":false,""output_cache"":false,""embedding_cache"":false,""schedule"":""distilled_8_plus_3"",""decoder_tiling"":{""frames"":128,""temporal_overlap"":40,""height"":768,""width"":1344,""spatial_overlap"":160}}"
ltx,measured,R0101,P02_TURTLE,1153110989,"A green sea turtle lifts its head above crystal-clear water, exhaling a misty plume that catches sunrise light; ripples race outward.  
200 mm telephoto realism, 1/4000 s freeze, warm golden backlight.  
audio: soft exhale + gentle wave slap
negative: no divers, no boats",e20142b0b4017c3a79a125c808a2068c5890fb7d04ddec169baa5ef9a41c366d,5,ltx/resident-delivery/R0101.mp4,replay-inputs/ltx/R0101.json,917d06dd5ff140383a0cd8d4bf73bb43ba99f798a31aac3d958a92166a1487e6,"{""backend"":""ltx25"",""mode"":""resident"",""model"":""Lightricks/LTX-2.5"",""model_revision"":""5e6e71018ee1756ed329b697a7b4aedc934dfce9"",""source_revision"":""a95ab856bf29407b6b066ede0abe1846050db56c"",""container_image"":""runpod/pytorch@sha256:4d1721e62b56d345c83b4fd6090664be6daf9312caab5b2e76f23d8231941851"",""gpu_count"":1,""gpu_name"":""NVIDIA RTX PRO 6000 Blackwell Server Edition"",""width"":1344,""height"":768,""frames"":121,""fps"":24,""requested_video_seconds"":5,""audio"":true,""precision"":""BF16"",""compile"":false,""quantization"":null,""prompt_enhancement"":false,""output_cache"":false,""embedding_cache"":false,""schedule"":""distilled_8_plus_3"",""decoder_tiling"":{""frames"":128,""temporal_overlap"":40,""height"":768,""width"":1344,""spatial_overlap"":160}}"
ltx,measured,R0102,P_DOG,1076656935,"A wet golden retriever runs out of shallow water onto a sandy beach and shakes water from its coat. Film at the dog's eye level with natural daylight and a softly blurred sea behind it. The camera holds one continuous shot as droplets scatter and fall. Realistic fur and four anatomically coherent legs. Sound of splashing, the coat shaking and small waves; no speech.",f463371b0666c129b88ee25516b6e2276d961084257eaa5847aca42fa6b61607,5,ltx/resident-delivery/R0102.mp4,replay-inputs/ltx/R0102.json,739f199a3116197c82f5f4c0215f631553f1d697be35e1efe7ea2459ca05c760,"{""backend"":""ltx25"",""mode"":""resident"",""model"":""Lightricks/LTX-2.5"",""model_revision"":""5e6e71018ee1756ed329b697a7b4aedc934dfce9"",""source_revision"":""a95ab856bf29407b6b066ede0abe1846050db56c"",""container_image"":""runpod/pytorch@sha256:4d1721e62b56d345c83b4fd6090664be6daf9312caab5b2e76f23d8231941851"",""gpu_count"":1,""gpu_name"":""NVIDIA RTX PRO 6000 Blackwell Server Edition"",""width"":1344,""height"":768,""frames"":121,""fps"":24,""requested_video_seconds"":5,""audio"":true,""precision"":""BF16"",""compile"":false,""quantization"":null,""prompt_enhancement"":false,""output_cache"":false,""embedding_cache"":false,""schedule"":""distilled_8_plus_3"",""decoder_tiling"":{""frames"":128,""temporal_overlap"":40,""height"":768,""width"":1344,""spatial_overlap"":160}}"
ltx,measured,R0103,P_CLAY,1741603147,"A small orange clay fox on a miniature grassy hill notices a blue butterfly and follows it with two playful steps. Handmade stop-motion style with visible clay texture and a painted sky. The butterfly circles once near the fox's nose. One fixed camera shot, consistent character shapes. Light footsteps and soft whimsical sound effects, no speech or text.",7317092e933dd1c04572ce14ab4dbec3a1909d49c60816569f878d64d1859f56,5,ltx/resident-delivery/R0103.mp4,replay-inputs/ltx/R0103.json,81a29e27e0eddf1d3a21be644925e408e9979ee3b3d9f3b6949e81dfd818aaa1,"{""backend"":""ltx25"",""mode"":""resident"",""model"":""Lightricks/LTX-2.5"",""model_revision"":""5e6e71018ee1756ed329b697a7b4aedc934dfce9"",""source_revision"":""a95ab856bf29407b6b066ede0abe1846050db56c"",""container_image"":""runpod/pytorch@sha256:4d1721e62b56d345c83b4fd6090664be6daf9312caab5b2e76f23d8231941851"",""gpu_count"":1,""gpu_name"":""NVIDIA RTX PRO 6000 Blackwell Server Edition"",""width"":1344,""height"":768,""frames"":121,""fps"":24,""requested_video_seconds"":5,""audio"":true,""precision"":""BF16"",""compile"":false,""quantization"":null,""prompt_enhancement"":false,""output_cache"":false,""embedding_cache"":false,""schedule"":""distilled_8_plus_3"",""decoder_tiling"":{""frames"":128,""temporal_overlap"":40,""height"":768,""width"":1344,""spatial_overlap"":160}}"
ltx,measured,R0104,P_PERFUME,814304219,"A clear glass perfume bottle with an unmarked silver cap rotates slowly on a matte black pedestal. A narrow beam of warm light moves over its curved surface, revealing believable reflections and a pale amber liquid inside. Locked camera, dark studio background, premium product photography in one continuous shot. A soft airy tonal sound accompanies the rotation. No hands, lettering or narration.",cd469710f8ef174e7e4a99ef440dbe231d95c138b1a16c3c26869e5f476029c9,5,ltx/resident-delivery/R0104.mp4,replay-inputs/ltx/R0104.json,10ceadad72164515dfbfd756bd8849a082addb79f25db147767d06256becaf61,"{""backend"":""ltx25"",""mode"":""resident"",""model"":""Lightricks/LTX-2.5"",""model_revision"":""5e6e71018ee1756ed329b697a7b4aedc934dfce9"",""source_revision"":""a95ab856bf29407b6b066ede0abe1846050db56c"",""container_image"":""runpod/pytorch@sha256:4d1721e62b56d345c83b4fd6090664be6daf9312caab5b2e76f23d8231941851"",""gpu_count"":1,""gpu_name"":""NVIDIA RTX PRO 6000 Blackwell Server Edition"",""width"":1344,""height"":768,""frames"":121,""fps"":24,""requested_video_seconds"":5,""audio"":true,""precision"":""BF16"",""compile"":false,""quantization"":null,""prompt_enhancement"":false,""output_cache"":false,""embedding_cache"":false,""schedule"":""distilled_8_plus_3"",""decoder_tiling"":{""frames"":128,""temporal_overlap"":40,""height"":768,""width"":1344,""spatial_overlap"":160}}"
ltx,measured,R0105,P_GUITAR,1529789238,"An adult musician seated on a simple stool plays a short gentle phrase on an acoustic guitar. Frame both hands and the upper body from the front. Fingers press the strings on the fretboard while the other hand plucks them. Warm studio lighting, fixed camera and realistic anatomy. The audible guitar notes should correspond to visible playing; no vocals or backing instruments.",5f31dae19d3ddb12acc08edd06de8787e96a4a6ea9c37c70ebbeea8c38a5d680,5,ltx/resident-delivery/R0105.mp4,replay-inputs/ltx/R0105.json,9575e297808ee5a71f540933327feee5ad32ac2083f81a79aab044ab0f7d09b2,"{""backend"":""ltx25"",""mode"":""resident"",""model"":""Lightricks/LTX-2.5"",""model_revision"":""5e6e71018ee1756ed329b697a7b4aedc934dfce9"",""source_revision"":""a95ab856bf29407b6b066ede0abe1846050db56c"",""container_image"":""runpod/pytorch@sha256:4d1721e62b56d345c83b4fd6090664be6daf9312caab5b2e76f23d8231941851"",""gpu_count"":1,""gpu_name"":""NVIDIA RTX PRO 6000 Blackwell Server Edition"",""width"":1344,""height"":768,""frames"":121,""fps"":24,""requested_video_seconds"":5,""audio"":true,""precision"":""BF16"",""compile"":false,""quantization"":null,""prompt_enhancement"":false,""output_cache"":false,""embedding_cache"":false,""schedule"":""distilled_8_plus_3"",""decoder_tiling"":{""frames"":128,""temporal_overlap"":40,""height"":768,""width"":1344,""spatial_overlap"":160}}"
ltx,measured,R0106,P_POTTERY,693828971,"Close-up of a potter's wet hands shaping a spinning clay bowl on a pottery wheel. Fingers gently widen the rim while the bowl stays centered and symmetrical. Soft side light shows the texture of the clay and water on the hands. Static camera, one continuous realistic workshop shot. Hear the wheel motor, damp clay contact and quiet room ambience.",617ec30cc94bd78f0f9444d2e8835309698cc9f5fd1df0fdc08c38005aedf232,5,ltx/resident-delivery/R0106.mp4,replay-inputs/ltx/R0106.json,322c2167c0e7c453c5ba2e07262db6fe5a54df19d95721dab698282a733bada7,"{""backend"":""ltx25"",""mode"":""resident"",""model"":""Lightricks/LTX-2.5"",""model_revision"":""5e6e71018ee1756ed329b697a7b4aedc934dfce9"",""source_revision"":""a95ab856bf29407b6b066ede0abe1846050db56c"",""container_image"":""runpod/pytorch@sha256:4d1721e62b56d345c83b4fd6090664be6daf9312caab5b2e76f23d8231941851"",""gpu_count"":1,""gpu_name"":""NVIDIA RTX PRO 6000 Blackwell Server Edition"",""width"":1344,""height"":768,""frames"":121,""fps"":24,""requested_video_seconds"":5,""audio"":true,""precision"":""BF16"",""compile"":false,""quantization"":null,""prompt_enhancement"":false,""output_cache"":false,""embedding_cache"":false,""schedule"":""distilled_8_plus_3"",""decoder_tiling"":{""frames"":128,""temporal_overlap"":40,""height"":768,""width"":1344,""spatial_overlap"":160}}"
ltx,measured,R0107,P_SIGN,2121662737,"At dusk, a small neighborhood bakery switches on a warm illuminated sign reading ""OPEN"" above its front door. A customer carrying a paper bag walks out onto the sidewalk. The camera remains across the street in one steady shot. Legible four-letter sign, believable glass reflections and warm interior light against the blue evening. Hear the door bell and distant traffic.",9391401985143d8d65fe4930e16eb5c7e03b394e235a2ce492bb2112a5d8a3b7,5,ltx/resident-delivery/R0107.mp4,replay-inputs/ltx/R0107.json,581fcbca2b4a63e851fc58a2e6774085673195a15bd2815ae0d40fbf1e5a3f82,"{""backend"":""ltx25"",""mode"":""resident"",""model"":""Lightricks/LTX-2.5"",""model_revision"":""5e6e71018ee1756ed329b697a7b4aedc934dfce9"",""source_revision"":""a95ab856bf29407b6b066ede0abe1846050db56c"",""container_image"":""runpod/pytorch@sha256:4d1721e62b56d345c83b4fd6090664be6daf9312caab5b2e76f23d8231941851"",""gpu_count"":1,""gpu_name"":""NVIDIA RTX PRO 6000 Blackwell Server Edition"",""width"":1344,""height"":768,""frames"":121,""fps"":24,""requested_video_seconds"":5,""audio"":true,""precision"":""BF16"",""compile"":false,""quantization"":null,""prompt_enhancement"":false,""output_cache"":false,""embedding_cache"":false,""schedule"":""distilled_8_plus_3"",""decoder_tiling"":{""frames"":128,""temporal_overlap"":40,""height"":768,""width"":1344,""spatial_overlap"":160}}"
ltx,measured,R0108,P_DRONE,844474353,"A drone camera slowly rises above a small stone bridge spanning a river in a green valley, revealing distant hills beyond it. Morning mist lies low over the water. Keep bridge geometry and riverbanks consistent as the viewpoint changes. Realistic aerial cinematography with a gentle continuous ascent. Sound of river water and distant birds, no drone motor or speech.",c78265ed71f8184c6c94c0a5675e1d93f3917917d1f57a6652f40c3b03770e1e,5,ltx/resident-delivery/R0108.mp4,replay-inputs/ltx/R0108.json,ab2fce6de6e8c573173f75ed3418d8fe49f55aab48b9aac454a15e4f26944441,"{""backend"":""ltx25"",""mode"":""resident"",""model"":""Lightricks/LTX-2.5"",""model_revision"":""5e6e71018ee1756ed329b697a7b4aedc934dfce9"",""source_revision"":""a95ab856bf29407b6b066ede0abe1846050db56c"",""container_image"":""runpod/pytorch@sha256:4d1721e62b56d345c83b4fd6090664be6daf9312caab5b2e76f23d8231941851"",""gpu_count"":1,""gpu_name"":""NVIDIA RTX PRO 6000 Blackwell Server Edition"",""width"":1344,""height"":768,""frames"":121,""fps"":24,""requested_video_seconds"":5,""audio"":true,""precision"":""BF16"",""compile"":false,""quantization"":null,""prompt_enhancement"":false,""output_cache"":false,""embedding_cache"":false,""schedule"":""distilled_8_plus_3"",""decoder_tiling"":{""frames"":128,""temporal_overlap"":40,""height"":768,""width"":1344,""spatial_overlap"":160}}"
ltx,measured,R0109,P_GEARS,198387000,"Macro view of three brass gears turning together inside an open mechanical clock. Every gear meshes consistently with its neighbors and rotates in the appropriate opposite direction. Warm directional light highlights fine machining marks and tiny moving reflections. Slow sideways camera slide, one continuous realistic shot. Hear a steady mechanical ticking with no music or speech.",a21304a83ff9d2e9bdc6a67d9ae1d8cd5c384622e96f332b599c9c0b1a439271,5,ltx/resident-delivery/R0109.mp4,replay-inputs/ltx/R0109.json,733ce3b2e009d05590196ae0243d740fb5ede6cc97f38bfdf7043dd0754ac37b,"{""backend"":""ltx25"",""mode"":""resident"",""model"":""Lightricks/LTX-2.5"",""model_revision"":""5e6e71018ee1756ed329b697a7b4aedc934dfce9"",""source_revision"":""a95ab856bf29407b6b066ede0abe1846050db56c"",""container_image"":""runpod/pytorch@sha256:4d1721e62b56d345c83b4fd6090664be6daf9312caab5b2e76f23d8231941851"",""gpu_count"":1,""gpu_name"":""NVIDIA RTX PRO 6000 Blackwell Server Edition"",""width"":1344,""height"":768,""frames"":121,""fps"":24,""requested_video_seconds"":5,""audio"":true,""precision"":""BF16"",""compile"":false,""quantization"":null,""prompt_enhancement"":false,""output_cache"":false,""embedding_cache"":false,""schedule"":""distilled_8_plus_3"",""decoder_tiling"":{""frames"":128,""temporal_overlap"":40,""height"":768,""width"":1344,""spatial_overlap"":160}}"
ltx,measured,R0110,P01_EN,597831040,"A cinematic live-action cooking scene in a bright professional kitchen. A serious human chef places a normal-looking onion on a cutting board. The instant the knife comes down, the onion transforms into a hand-drawn cartoon character, screams, stretches like rubber. It dives into a pile of real vegetables and disguises itself as an ordinary onion. The chef pauses, studies the pile, then casually grabs a different onion--only for every vegetable to suddenly open cartoon eyes and scream. Photorealistic kitchen, expressive 2D animation, accurate shadows and physical interaction, fast comedic timing, dramatic cooking sounds.

Any spoken words, dialogue, narration, or on-screen text must be in English only. Do not use Spanish, Russian, or other languages.",9c924c21f39702c03de5287bb3307e1b6df82303b9e6d352704e7fa7a91a96a7,5,ltx/resident-delivery/R0110.mp4,replay-inputs/ltx/R0110.json,01965e012a7bb8af733f9a4b56b6e6da75877b5bc53a56b55f6f067bd9e8d80f,"{""backend"":""ltx25"",""mode"":""resident"",""model"":""Lightricks/LTX-2.5"",""model_revision"":""5e6e71018ee1756ed329b697a7b4aedc934dfce9"",""source_revision"":""a95ab856bf29407b6b066ede0abe1846050db56c"",""container_image"":""runpod/pytorch@sha256:4d1721e62b56d345c83b4fd6090664be6daf9312caab5b2e76f23d8231941851"",""gpu_count"":1,""gpu_name"":""NVIDIA RTX PRO 6000 Blackwell Server Edition"",""width"":1344,""height"":768,""frames"":121,""fps"":24,""requested_video_seconds"":5,""audio"":true,""precision"":""BF16"",""compile"":false,""quantization"":null,""prompt_enhancement"":false,""output_cache"":false,""embedding_cache"":false,""schedule"":""distilled_8_plus_3"",""decoder_tiling"":{""frames"":128,""temporal_overlap"":40,""height"":768,""width"":1344,""spatial_overlap"":160}}"
ltx,measured,R0111,P_COFFEE,1963737769,"In a quiet cafe, a barista slowly pours steamed milk into a dark ceramic cup of espresso, forming a simple white heart. Close-up camera at counter height, shallow depth of field, soft morning window light. Keep the cup and hands consistent throughout one continuous shot. Hear the milk pouring, the cup touching its saucer, and low cafe ambience. No music or dialogue.",2afd9890a21d7c9de362a4a8c06f2a363fe2a292def44fccede3fcd93f7ffee0,5,ltx/resident-delivery/R0111.mp4,replay-inputs/ltx/R0111.json,e64889f65a2ea60dd59ea37c29f0374b7d04b022a871d4ee92cca84eedbeaa6f,"{""backend"":""ltx25"",""mode"":""resident"",""model"":""Lightricks/LTX-2.5"",""model_revision"":""5e6e71018ee1756ed329b697a7b4aedc934dfce9"",""source_revision"":""a95ab856bf29407b6b066ede0abe1846050db56c"",""container_image"":""runpod/pytorch@sha256:4d1721e62b56d345c83b4fd6090664be6daf9312caab5b2e76f23d8231941851"",""gpu_count"":1,""gpu_name"":""NVIDIA RTX PRO 6000 Blackwell Server Edition"",""width"":1344,""height"":768,""frames"":121,""fps"":24,""requested_video_seconds"":5,""audio"":true,""precision"":""BF16"",""compile"":false,""quantization"":null,""prompt_enhancement"":false,""output_cache"":false,""embedding_cache"":false,""schedule"":""distilled_8_plus_3"",""decoder_tiling"":{""frames"":128,""temporal_overlap"":40,""height"":768,""width"":1344,""spatial_overlap"":160}}"
ltx,measured,R0112,P03_ALLEY,1673933149,"A quiet, narrow seaside alley in a small coastal town during mid-afternoon in summer. The alley is lined with slightly weathered pastel houses, wooden shutters half-open, soft laundry swaying gently on clotheslines overhead. Sunlight filters through the gaps, casting warm golden highlights and soft shadows across the stone path.
At the end of the alley, the ocean glows a vivid blue under a clear sky, shimmering with reflected sunlight. A gentle sea breeze moves through the scene, subtly rustling fabric, hair, and nearby plants.
In the foreground, a young child (around 8–10 years old) stands barefoot on the warm stone path, wearing light summer clothes—slightly oversized, soft fabric, moving naturally with the breeze. The child is seen from behind, gazing toward the ocean with a quiet, contemplative stillness, evoking a sense of longing and innocence.
Ambient details: distant sound of waves, faint cries of seagulls, the soft hum of summer air. Small details like potted plants, peeling paint, and sun-faded textures add realism and nostalgia.
Camera & Style: Slow cinematic push-in toward the child from behind, shallow depth of field at first, gradually revealing the ocean in sharper focus. Natural lighting, soft bloom, warm color grading with slightly desaturated tones for a nostalgic feel. Subtle lens flare from sunlight.
Mood & Tone: Peaceful, reflective, nostalgic, emotionally warm. A quiet moment of everyday beauty, capturing childhood wonder and the timeless feeling of summer.
Visual Style Keywords: cinematic realism, soft lighting, nostalgic atmosphere, slice of life, Studio Ghibli-inspired realism, natural textures, warm summer tones, gentle motion
Technical Tags (optional): 4K, high detail, global illumination, volumetric light, realistic materials, film grain, soft focus transitions",13bd78486caf4c94182a1c245e3adac336744bc747f0c9e2d06242855697c697,5,ltx/resident-delivery/R0112.mp4,replay-inputs/ltx/R0112.json,f31bb3fd7133b9c8d07c82cd175426902e8e8944b03a89be8d631d767252b7f0,"{""backend"":""ltx25"",""mode"":""resident"",""model"":""Lightricks/LTX-2.5"",""model_revision"":""5e6e71018ee1756ed329b697a7b4aedc934dfce9"",""source_revision"":""a95ab856bf29407b6b066ede0abe1846050db56c"",""container_image"":""runpod/pytorch@sha256:4d1721e62b56d345c83b4fd6090664be6daf9312caab5b2e76f23d8231941851"",""gpu_count"":1,""gpu_name"":""NVIDIA RTX PRO 6000 Blackwell Server Edition"",""width"":1344,""height"":768,""frames"":121,""fps"":24,""requested_video_seconds"":5,""audio"":true,""precision"":""BF16"",""compile"":false,""quantization"":null,""prompt_enhancement"":false,""output_cache"":false,""embedding_cache"":false,""schedule"":""distilled_8_plus_3"",""decoder_tiling"":{""frames"":128,""temporal_overlap"":40,""height"":768,""width"":1344,""spatial_overlap"":160}}"
ltx,measured,R0113,P_WATERFALL,202096754,"The camera glides slowly forward over a small forest stream toward a low waterfall cascading between moss-covered rocks. Sunlight filters through green leaves and catches fine mist above the water. Keep the rocks and trees stationary while water flows continuously. Realistic landscape cinematography, one uninterrupted camera movement. Layered sound of rushing water, a few birds and a light breeze.",9bac01b1a5034b7d19912dac4f312e129e7f723e4b0b254ffb6221d1cfc451b0,5,ltx/resident-delivery/R0113.mp4,replay-inputs/ltx/R0113.json,94b6d07ac09c122c5e5602e67572f572ae3f005b8a447d651dfef4c9b230e63a,"{""backend"":""ltx25"",""mode"":""resident"",""model"":""Lightricks/LTX-2.5"",""model_revision"":""5e6e71018ee1756ed329b697a7b4aedc934dfce9"",""source_revision"":""a95ab856bf29407b6b066ede0abe1846050db56c"",""container_image"":""runpod/pytorch@sha256:4d1721e62b56d345c83b4fd6090664be6daf9312caab5b2e76f23d8231941851"",""gpu_count"":1,""gpu_name"":""NVIDIA RTX PRO 6000 Blackwell Server Edition"",""width"":1344,""height"":768,""frames"":121,""fps"":24,""requested_video_seconds"":5,""audio"":true,""precision"":""BF16"",""compile"":false,""quantization"":null,""prompt_enhancement"":false,""output_cache"":false,""embedding_cache"":false,""schedule"":""distilled_8_plus_3"",""decoder_tiling"":{""frames"":128,""temporal_overlap"":40,""height"":768,""width"":1344,""spatial_overlap"":160}}"
ltx,measured,R0114,P_DANCE,400022124,"A dancer wearing a loose blue shirt performs one smooth turn in a spacious rehearsal studio, then settles into a balanced standing pose. Full-body camera framing shows both feet throughout. Soft daylight from tall windows, realistic wooden floor and a consistent shadow. One uninterrupted shot with natural movement. Hear footfalls and a brief quiet breath, no spoken words.",f3c3f60e4d49697670116aabefa06a752358adce583a83519022363fef86accc,5,ltx/resident-delivery/R0114.mp4,replay-inputs/ltx/R0114.json,e8f1ceb4a1653084596bf515edcb7d73a2ffe72059a37b276800804980054328,"{""backend"":""ltx25"",""mode"":""resident"",""model"":""Lightricks/LTX-2.5"",""model_revision"":""5e6e71018ee1756ed329b697a7b4aedc934dfce9"",""source_revision"":""a95ab856bf29407b6b066ede0abe1846050db56c"",""container_image"":""runpod/pytorch@sha256:4d1721e62b56d345c83b4fd6090664be6daf9312caab5b2e76f23d8231941851"",""gpu_count"":1,""gpu_name"":""NVIDIA RTX PRO 6000 Blackwell Server Edition"",""width"":1344,""height"":768,""frames"":121,""fps"":24,""requested_video_seconds"":5,""audio"":true,""precision"":""BF16"",""compile"":false,""quantization"":null,""prompt_enhancement"":false,""output_cache"":false,""embedding_cache"":false,""schedule"":""distilled_8_plus_3"",""decoder_tiling"":{""frames"":128,""temporal_overlap"":40,""height"":768,""width"":1344,""spatial_overlap"":160}}"
ltx,measured,R0115,P_REEF,624618610,A small school of blue fish swims from left to right through a sunlit coral reef while a larger striped fish moves slowly in the opposite direction. Underwater documentary shot with gentle drifting camera movement and light rays from the surface. Consistent fish bodies and natural water movement. Soft muffled underwater ambience without voices or music.,63f57f982c9b667a40640f2e968878c4d27c9e4ed75f60cec4cba7111dd82467,5,ltx/resident-delivery/R0115.mp4,replay-inputs/ltx/R0115.json,da950502353d0df33dbe8448adf865cb5d81e94f9e9857dfb54e446a5aa32fa1,"{""backend"":""ltx25"",""mode"":""resident"",""model"":""Lightricks/LTX-2.5"",""model_revision"":""5e6e71018ee1756ed329b697a7b4aedc934dfce9"",""source_revision"":""a95ab856bf29407b6b066ede0abe1846050db56c"",""container_image"":""runpod/pytorch@sha256:4d1721e62b56d345c83b4fd6090664be6daf9312caab5b2e76f23d8231941851"",""gpu_count"":1,""gpu_name"":""NVIDIA RTX PRO 6000 Blackwell Server Edition"",""width"":1344,""height"":768,""frames"":121,""fps"":24,""requested_video_seconds"":5,""audio"":true,""precision"":""BF16"",""compile"":false,""quantization"":null,""prompt_enhancement"":false,""output_cache"":false,""embedding_cache"":false,""schedule"":""distilled_8_plus_3"",""decoder_tiling"":{""frames"":128,""temporal_overlap"":40,""height"":768,""width"":1344,""spatial_overlap"":160}}"
ltx,measured,R0116,P_SKATE,1753707055,"A skateboarder in a yellow jacket rolls along an empty paved plaza, performs one small ollie over a painted line and lands smoothly. Low side-tracking camera follows the full motion without a cut. Late-afternoon sunlight casts a coherent moving shadow. Preserve the rider, clothing and skateboard shape. Hear rolling wheels, the board popping and the landing on concrete.",805d63405d48c81283bc230a7ca89bb877149326a946665e0cf6d8bdfeef7f5b,5,ltx/resident-delivery/R0116.mp4,replay-inputs/ltx/R0116.json,9875d8be956fdd9b02036b37047f43e020c014bcc5ae7d4c945309c3d1fa9894,"{""backend"":""ltx25"",""mode"":""resident"",""model"":""Lightricks/LTX-2.5"",""model_revision"":""5e6e71018ee1756ed329b697a7b4aedc934dfce9"",""source_revision"":""a95ab856bf29407b6b066ede0abe1846050db56c"",""container_image"":""runpod/pytorch@sha256:4d1721e62b56d345c83b4fd6090664be6daf9312caab5b2e76f23d8231941851"",""gpu_count"":1,""gpu_name"":""NVIDIA RTX PRO 6000 Blackwell Server Edition"",""width"":1344,""height"":768,""frames"":121,""fps"":24,""requested_video_seconds"":5,""audio"":true,""precision"":""BF16"",""compile"":false,""quantization"":null,""prompt_enhancement"":false,""output_cache"":false,""embedding_cache"":false,""schedule"":""distilled_8_plus_3"",""decoder_tiling"":{""frames"":128,""temporal_overlap"":40,""height"":768,""width"":1344,""spatial_overlap"":160}}"
ltx,measured,R0117,P_FIRE,1276007501,"In a quiet snow-covered forest at blue hour, a small campfire flickers beside an empty wooden bench. Sparks rise briefly and fade while a thin plume of smoke drifts to the right. The camera slowly pushes closer without a cut. Warm firelight falls naturally across nearby snow. Hear wood crackling and soft winter wind, no people or music.",a4b2fe69b1bda6a81ff22d3d0cc95906cb244766b7bd47adce75441059620e95,5,ltx/resident-delivery/R0117.mp4,replay-inputs/ltx/R0117.json,963712938da7cc632720ba6327bee32a242d4eb0eec944d52bdb206730cb4482,"{""backend"":""ltx25"",""mode"":""resident"",""model"":""Lightricks/LTX-2.5"",""model_revision"":""5e6e71018ee1756ed329b697a7b4aedc934dfce9"",""source_revision"":""a95ab856bf29407b6b066ede0abe1846050db56c"",""container_image"":""runpod/pytorch@sha256:4d1721e62b56d345c83b4fd6090664be6daf9312caab5b2e76f23d8231941851"",""gpu_count"":1,""gpu_name"":""NVIDIA RTX PRO 6000 Blackwell Server Edition"",""width"":1344,""height"":768,""frames"":121,""fps"":24,""requested_video_seconds"":5,""audio"":true,""precision"":""BF16"",""compile"":false,""quantization"":null,""prompt_enhancement"":false,""output_cache"":false,""embedding_cache"":false,""schedule"":""distilled_8_plus_3"",""decoder_tiling"":{""frames"":128,""temporal_overlap"":40,""height"":768,""width"":1344,""spatial_overlap"":160}}"
ltx,measured,R0118,P_PORTRAIT,469900321,"A middle-aged bicycle mechanic in a sunlit workshop looks up from fixing a wheel, smiles at the camera and says clearly in English, ""Ready for another ride."" Medium close-up, natural skin texture and gentle handheld movement. His mouth should match the words. Tools and hanging bicycles remain stable in the background. Quiet workshop sounds and natural speech, no background music.",f63039c43175dde8cd3ab433ff9021df3f91a337d330bf8ea8efc1a9be5678ce,5,ltx/resident-delivery/R0118.mp4,replay-inputs/ltx/R0118.json,d424e46747f4c852444d00a37d96660313bff1a5a9a09aa1f2306a095dbd6e27,"{""backend"":""ltx25"",""mode"":""resident"",""model"":""Lightricks/LTX-2.5"",""model_revision"":""5e6e71018ee1756ed329b697a7b4aedc934dfce9"",""source_revision"":""a95ab856bf29407b6b066ede0abe1846050db56c"",""container_image"":""runpod/pytorch@sha256:4d1721e62b56d345c83b4fd6090664be6daf9312caab5b2e76f23d8231941851"",""gpu_count"":1,""gpu_name"":""NVIDIA RTX PRO 6000 Blackwell Server Edition"",""width"":1344,""height"":768,""frames"":121,""fps"":24,""requested_video_seconds"":5,""audio"":true,""precision"":""BF16"",""compile"":false,""quantization"":null,""prompt_enhancement"":false,""output_cache"":false,""embedding_cache"":false,""schedule"":""distilled_8_plus_3"",""decoder_tiling"":{""frames"":128,""temporal_overlap"":40,""height"":768,""width"":1344,""spatial_overlap"":160}}"
ltx,measured,R0119,P_RAIN,1166190248,"A person holding a transparent umbrella waits at a quiet city crossing in steady rain. View them from the side at shoulder height as they turn their head toward the traffic light. Raindrops run down the umbrella and small ripples form in puddles. Natural grey light, stable identity, one continuous shot. Hear rain hitting plastic and distant city traffic; no dialogue.",18eccf93cb3d7cc41c81003a3c5aa79946f51f4cc2096cb7f7b480bbe81a14ce,5,ltx/resident-delivery/R0119.mp4,replay-inputs/ltx/R0119.json,40e77d2c76e3fcb3584bf28939b087a1794f2a2a5b1aebebd76a40620aa7de3d,"{""backend"":""ltx25"",""mode"":""resident"",""model"":""Lightricks/LTX-2.5"",""model_revision"":""5e6e71018ee1756ed329b697a7b4aedc934dfce9"",""source_revision"":""a95ab856bf29407b6b066ede0abe1846050db56c"",""container_image"":""runpod/pytorch@sha256:4d1721e62b56d345c83b4fd6090664be6daf9312caab5b2e76f23d8231941851"",""gpu_count"":1,""gpu_name"":""NVIDIA RTX PRO 6000 Blackwell Server Edition"",""width"":1344,""height"":768,""frames"":121,""fps"":24,""requested_video_seconds"":5,""audio"":true,""precision"":""BF16"",""compile"":false,""quantization"":null,""prompt_enhancement"":false,""output_cache"":false,""embedding_cache"":false,""schedule"":""distilled_8_plus_3"",""decoder_tiling"":{""frames"":128,""temporal_overlap"":40,""height"":768,""width"":1344,""spatial_overlap"":160}}"
ltx,measured,R0120,P_CAR,96643629,"A red compact car drives at a moderate speed along a wet mountain road after rain. Side-tracking camera keeps the whole car visible as its wheels rotate and spray a little water. Cloudy daylight, wooded hills and realistic reflections on the road. One continuous shot, no other cars. Hear the engine, tire noise and wet pavement, with no dialogue or music.",8a819d8e41cb3053412deafc9a74c0fb2a4dd9a3f596f71008bf474fb9602c99,5,ltx/resident-delivery/R0120.mp4,replay-inputs/ltx/R0120.json,1ac48faedbdbf6fee5f7c71aaebd170bff396f7fd48eb86a2cbac16170d7f238,"{""backend"":""ltx25"",""mode"":""resident"",""model"":""Lightricks/LTX-2.5"",""model_revision"":""5e6e71018ee1756ed329b697a7b4aedc934dfce9"",""source_revision"":""a95ab856bf29407b6b066ede0abe1846050db56c"",""container_image"":""runpod/pytorch@sha256:4d1721e62b56d345c83b4fd6090664be6daf9312caab5b2e76f23d8231941851"",""gpu_count"":1,""gpu_name"":""NVIDIA RTX PRO 6000 Blackwell Server Edition"",""width"":1344,""height"":768,""frames"":121,""fps"":24,""requested_video_seconds"":5,""audio"":true,""precision"":""BF16"",""compile"":false,""quantization"":null,""prompt_enhancement"":false,""output_cache"":false,""embedding_cache"":false,""schedule"":""distilled_8_plus_3"",""decoder_tiling"":{""frames"":128,""temporal_overlap"":40,""height"":768,""width"":1344,""spatial_overlap"":160}}"
ltx,measured,R0121,P03_ALLEY,1843212959,"A quiet, narrow seaside alley in a small coastal town during mid-afternoon in summer. The alley is lined with slightly weathered pastel houses, wooden shutters half-open, soft laundry swaying gently on clotheslines overhead. Sunlight filters through the gaps, casting warm golden highlights and soft shadows across the stone path.
At the end of the alley, the ocean glows a vivid blue under a clear sky, shimmering with reflected sunlight. A gentle sea breeze moves through the scene, subtly rustling fabric, hair, and nearby plants.
In the foreground, a young child (around 8–10 years old) stands barefoot on the warm stone path, wearing light summer clothes—slightly oversized, soft fabric, moving naturally with the breeze. The child is seen from behind, gazing toward the ocean with a quiet, contemplative stillness, evoking a sense of longing and innocence.
Ambient details: distant sound of waves, faint cries of seagulls, the soft hum of summer air. Small details like potted plants, peeling paint, and sun-faded textures add realism and nostalgia.
Camera & Style: Slow cinematic push-in toward the child from behind, shallow depth of field at first, gradually revealing the ocean in sharper focus. Natural lighting, soft bloom, warm color grading with slightly desaturated tones for a nostalgic feel. Subtle lens flare from sunlight.
Mood & Tone: Peaceful, reflective, nostalgic, emotionally warm. A quiet moment of everyday beauty, capturing childhood wonder and the timeless feeling of summer.
Visual Style Keywords: cinematic realism, soft lighting, nostalgic atmosphere, slice of life, Studio Ghibli-inspired realism, natural textures, warm summer tones, gentle motion
Technical Tags (optional): 4K, high detail, global illumination, volumetric light, realistic materials, film grain, soft focus transitions",13bd78486caf4c94182a1c245e3adac336744bc747f0c9e2d06242855697c697,5,ltx/resident-delivery/R0121.mp4,replay-inputs/ltx/R0121.json,1c9608c6c0dac7699190b4cc42df2221381c28aec1dd801f1d5383e333c76d46,"{""backend"":""ltx25"",""mode"":""resident"",""model"":""Lightricks/LTX-2.5"",""model_revision"":""5e6e71018ee1756ed329b697a7b4aedc934dfce9"",""source_revision"":""a95ab856bf29407b6b066ede0abe1846050db56c"",""container_image"":""runpod/pytorch@sha256:4d1721e62b56d345c83b4fd6090664be6daf9312caab5b2e76f23d8231941851"",""gpu_count"":1,""gpu_name"":""NVIDIA RTX PRO 6000 Blackwell Server Edition"",""width"":1344,""height"":768,""frames"":121,""fps"":24,""requested_video_seconds"":5,""audio"":true,""precision"":""BF16"",""compile"":false,""quantization"":null,""prompt_enhancement"":false,""output_cache"":false,""embedding_cache"":false,""schedule"":""distilled_8_plus_3"",""decoder_tiling"":{""frames"":128,""temporal_overlap"":40,""height"":768,""width"":1344,""spatial_overlap"":160}}"
ltx,measured,R0122,P_DANCE,714615709,"A dancer wearing a loose blue shirt performs one smooth turn in a spacious rehearsal studio, then settles into a balanced standing pose. Full-body camera framing shows both feet throughout. Soft daylight from tall windows, realistic wooden floor and a consistent shadow. One uninterrupted shot with natural movement. Hear footfalls and a brief quiet breath, no spoken words.",f3c3f60e4d49697670116aabefa06a752358adce583a83519022363fef86accc,5,ltx/resident-delivery/R0122.mp4,replay-inputs/ltx/R0122.json,09523729dbbc683fc358bc05b3630502b9f1acafb6d6573c5d89e5228f72fd13,"{""backend"":""ltx25"",""mode"":""resident"",""model"":""Lightricks/LTX-2.5"",""model_revision"":""5e6e71018ee1756ed329b697a7b4aedc934dfce9"",""source_revision"":""a95ab856bf29407b6b066ede0abe1846050db56c"",""container_image"":""runpod/pytorch@sha256:4d1721e62b56d345c83b4fd6090664be6daf9312caab5b2e76f23d8231941851"",""gpu_count"":1,""gpu_name"":""NVIDIA RTX PRO 6000 Blackwell Server Edition"",""width"":1344,""height"":768,""frames"":121,""fps"":24,""requested_video_seconds"":5,""audio"":true,""precision"":""BF16"",""compile"":false,""quantization"":null,""prompt_enhancement"":false,""output_cache"":false,""embedding_cache"":false,""schedule"":""distilled_8_plus_3"",""decoder_tiling"":{""frames"":128,""temporal_overlap"":40,""height"":768,""width"":1344,""spatial_overlap"":160}}"
ltx,measured,R0123,P_CAR,49341570,"A red compact car drives at a moderate speed along a wet mountain road after rain. Side-tracking camera keeps the whole car visible as its wheels rotate and spray a little water. Cloudy daylight, wooded hills and realistic reflections on the road. One continuous shot, no other cars. Hear the engine, tire noise and wet pavement, with no dialogue or music.",8a819d8e41cb3053412deafc9a74c0fb2a4dd9a3f596f71008bf474fb9602c99,5,ltx/resident-delivery/R0123.mp4,replay-inputs/ltx/R0123.json,7df5235b9c7a7635648d3548d0047f087e351346df7ffbcbbdeb5f28de342309,"{""backend"":""ltx25"",""mode"":""resident"",""model"":""Lightricks/LTX-2.5"",""model_revision"":""5e6e71018ee1756ed329b697a7b4aedc934dfce9"",""source_revision"":""a95ab856bf29407b6b066ede0abe1846050db56c"",""container_image"":""runpod/pytorch@sha256:4d1721e62b56d345c83b4fd6090664be6daf9312caab5b2e76f23d8231941851"",""gpu_count"":1,""gpu_name"":""NVIDIA RTX PRO 6000 Blackwell Server Edition"",""width"":1344,""height"":768,""frames"":121,""fps"":24,""requested_video_seconds"":5,""audio"":true,""precision"":""BF16"",""compile"":false,""quantization"":null,""prompt_enhancement"":false,""output_cache"":false,""embedding_cache"":false,""schedule"":""distilled_8_plus_3"",""decoder_tiling"":{""frames"":128,""temporal_overlap"":40,""height"":768,""width"":1344,""spatial_overlap"":160}}"
ltx,measured,R0124,P_FIRE,1871978906,"In a quiet snow-covered forest at blue hour, a small campfire flickers beside an empty wooden bench. Sparks rise briefly and fade while a thin plume of smoke drifts to the right. The camera slowly pushes closer without a cut. Warm firelight falls naturally across nearby snow. Hear wood crackling and soft winter wind, no people or music.",a4b2fe69b1bda6a81ff22d3d0cc95906cb244766b7bd47adce75441059620e95,5,ltx/resident-delivery/R0124.mp4,replay-inputs/ltx/R0124.json,812cb4df85775465acc9a4e065a504e0cc2376b63d47e3b9fd38b05f3a38b0d3,"{""backend"":""ltx25"",""mode"":""resident"",""model"":""Lightricks/LTX-2.5"",""model_revision"":""5e6e71018ee1756ed329b697a7b4aedc934dfce9"",""source_revision"":""a95ab856bf29407b6b066ede0abe1846050db56c"",""container_image"":""runpod/pytorch@sha256:4d1721e62b56d345c83b4fd6090664be6daf9312caab5b2e76f23d8231941851"",""gpu_count"":1,""gpu_name"":""NVIDIA RTX PRO 6000 Blackwell Server Edition"",""width"":1344,""height"":768,""frames"":121,""fps"":24,""requested_video_seconds"":5,""audio"":true,""precision"":""BF16"",""compile"":false,""quantization"":null,""prompt_enhancement"":false,""output_cache"":false,""embedding_cache"":false,""schedule"":""distilled_8_plus_3"",""decoder_tiling"":{""frames"":128,""temporal_overlap"":40,""height"":768,""width"":1344,""spatial_overlap"":160}}"
ltx,measured,R0125,P_RAIN,822815906,"A person holding a transparent umbrella waits at a quiet city crossing in steady rain. View them from the side at shoulder height as they turn their head toward the traffic light. Raindrops run down the umbrella and small ripples form in puddles. Natural grey light, stable identity, one continuous shot. Hear rain hitting plastic and distant city traffic; no dialogue.",18eccf93cb3d7cc41c81003a3c5aa79946f51f4cc2096cb7f7b480bbe81a14ce,5,ltx/resident-delivery/R0125.mp4,replay-inputs/ltx/R0125.json,c2f5f1870c08e1be5f86eb3e4e5c2e67f384a86f6fd3e43354a2ff1e5bc0e4ba,"{""backend"":""ltx25"",""mode"":""resident"",""model"":""Lightricks/LTX-2.5"",""model_revision"":""5e6e71018ee1756ed329b697a7b4aedc934dfce9"",""source_revision"":""a95ab856bf29407b6b066ede0abe1846050db56c"",""container_image"":""runpod/pytorch@sha256:4d1721e62b56d345c83b4fd6090664be6daf9312caab5b2e76f23d8231941851"",""gpu_count"":1,""gpu_name"":""NVIDIA RTX PRO 6000 Blackwell Server Edition"",""width"":1344,""height"":768,""frames"":121,""fps"":24,""requested_video_seconds"":5,""audio"":true,""precision"":""BF16"",""compile"":false,""quantization"":null,""prompt_enhancement"":false,""output_cache"":false,""embedding_cache"":false,""schedule"":""distilled_8_plus_3"",""decoder_tiling"":{""frames"":128,""temporal_overlap"":40,""height"":768,""width"":1344,""spatial_overlap"":160}}"
ltx,measured,R0126,P_DRONE,488418970,"A drone camera slowly rises above a small stone bridge spanning a river in a green valley, revealing distant hills beyond it. Morning mist lies low over the water. Keep bridge geometry and riverbanks consistent as the viewpoint changes. Realistic aerial cinematography with a gentle continuous ascent. Sound of river water and distant birds, no drone motor or speech.",c78265ed71f8184c6c94c0a5675e1d93f3917917d1f57a6652f40c3b03770e1e,5,ltx/resident-delivery/R0126.mp4,replay-inputs/ltx/R0126.json,39f838657a0ff5952213017fb995ba53b389c927c63d6d8a03db1ab0d42fa599,"{""backend"":""ltx25"",""mode"":""resident"",""model"":""Lightricks/LTX-2.5"",""model_revision"":""5e6e71018ee1756ed329b697a7b4aedc934dfce9"",""source_revision"":""a95ab856bf29407b6b066ede0abe1846050db56c"",""container_image"":""runpod/pytorch@sha256:4d1721e62b56d345c83b4fd6090664be6daf9312caab5b2e76f23d8231941851"",""gpu_count"":1,""gpu_name"":""NVIDIA RTX PRO 6000 Blackwell Server Edition"",""width"":1344,""height"":768,""frames"":121,""fps"":24,""requested_video_seconds"":5,""audio"":true,""precision"":""BF16"",""compile"":false,""quantization"":null,""prompt_enhancement"":false,""output_cache"":false,""embedding_cache"":false,""schedule"":""distilled_8_plus_3"",""decoder_tiling"":{""frames"":128,""temporal_overlap"":40,""height"":768,""width"":1344,""spatial_overlap"":160}}"
ltx,measured,R0127,P_REEF,2051991784,A small school of blue fish swims from left to right through a sunlit coral reef while a larger striped fish moves slowly in the opposite direction. Underwater documentary shot with gentle drifting camera movement and light rays from the surface. Consistent fish bodies and natural water movement. Soft muffled underwater ambience without voices or music.,63f57f982c9b667a40640f2e968878c4d27c9e4ed75f60cec4cba7111dd82467,5,ltx/resident-delivery/R0127.mp4,replay-inputs/ltx/R0127.json,3acf090d74175bf2781776bd76c6a9478a9cb28a904734ab61f8363ec99797e8,"{""backend"":""ltx25"",""mode"":""resident"",""model"":""Lightricks/LTX-2.5"",""model_revision"":""5e6e71018ee1756ed329b697a7b4aedc934dfce9"",""source_revision"":""a95ab856bf29407b6b066ede0abe1846050db56c"",""container_image"":""runpod/pytorch@sha256:4d1721e62b56d345c83b4fd6090664be6daf9312caab5b2e76f23d8231941851"",""gpu_count"":1,""gpu_name"":""NVIDIA RTX PRO 6000 Blackwell Server Edition"",""width"":1344,""height"":768,""frames"":121,""fps"":24,""requested_video_seconds"":5,""audio"":true,""precision"":""BF16"",""compile"":false,""quantization"":null,""prompt_enhancement"":false,""output_cache"":false,""embedding_cache"":false,""schedule"":""distilled_8_plus_3"",""decoder_tiling"":{""frames"":128,""temporal_overlap"":40,""height"":768,""width"":1344,""spatial_overlap"":160}}"
ltx,measured,R0128,P_GEARS,1658795655,"Macro view of three brass gears turning together inside an open mechanical clock. Every gear meshes consistently with its neighbors and rotates in the appropriate opposite direction. Warm directional light highlights fine machining marks and tiny moving reflections. Slow sideways camera slide, one continuous realistic shot. Hear a steady mechanical ticking with no music or speech.",a21304a83ff9d2e9bdc6a67d9ae1d8cd5c384622e96f332b599c9c0b1a439271,5,ltx/resident-delivery/R0128.mp4,replay-inputs/ltx/R0128.json,085575e1a8a375b581a424ff9fc89f9b040ef65ba941b1a4a9500bfd5194403d,"{""backend"":""ltx25"",""mode"":""resident"",""model"":""Lightricks/LTX-2.5"",""model_revision"":""5e6e71018ee1756ed329b697a7b4aedc934dfce9"",""source_revision"":""a95ab856bf29407b6b066ede0abe1846050db56c"",""container_image"":""runpod/pytorch@sha256:4d1721e62b56d345c83b4fd6090664be6daf9312caab5b2e76f23d8231941851"",""gpu_count"":1,""gpu_name"":""NVIDIA RTX PRO 6000 Blackwell Server Edition"",""width"":1344,""height"":768,""frames"":121,""fps"":24,""requested_video_seconds"":5,""audio"":true,""precision"":""BF16"",""compile"":false,""quantization"":null,""prompt_enhancement"":false,""output_cache"":false,""embedding_cache"":false,""schedule"":""distilled_8_plus_3"",""decoder_tiling"":{""frames"":128,""temporal_overlap"":40,""height"":768,""width"":1344,""spatial_overlap"":160}}"
ltx,measured,R0129,P_CLAY,1011286595,"A small orange clay fox on a miniature grassy hill notices a blue butterfly and follows it with two playful steps. Handmade stop-motion style with visible clay texture and a painted sky. The butterfly circles once near the fox's nose. One fixed camera shot, consistent character shapes. Light footsteps and soft whimsical sound effects, no speech or text.",7317092e933dd1c04572ce14ab4dbec3a1909d49c60816569f878d64d1859f56,5,ltx/resident-delivery/R0129.mp4,replay-inputs/ltx/R0129.json,df238d11d608d5fb87ef8cc5d0f4094613967581dbd28e25043b4a9014796fb3,"{""backend"":""ltx25"",""mode"":""resident"",""model"":""Lightricks/LTX-2.5"",""model_revision"":""5e6e71018ee1756ed329b697a7b4aedc934dfce9"",""source_revision"":""a95ab856bf29407b6b066ede0abe1846050db56c"",""container_image"":""runpod/pytorch@sha256:4d1721e62b56d345c83b4fd6090664be6daf9312caab5b2e76f23d8231941851"",""gpu_count"":1,""gpu_name"":""NVIDIA RTX PRO 6000 Blackwell Server Edition"",""width"":1344,""height"":768,""frames"":121,""fps"":24,""requested_video_seconds"":5,""audio"":true,""precision"":""BF16"",""compile"":false,""quantization"":null,""prompt_enhancement"":false,""output_cache"":false,""embedding_cache"":false,""schedule"":""distilled_8_plus_3"",""decoder_tiling"":{""frames"":128,""temporal_overlap"":40,""height"":768,""width"":1344,""spatial_overlap"":160}}"
ltx,measured,R0130,P_POTTERY,935740945,"Close-up of a potter's wet hands shaping a spinning clay bowl on a pottery wheel. Fingers gently widen the rim while the bowl stays centered and symmetrical. Soft side light shows the texture of the clay and water on the hands. Static camera, one continuous realistic workshop shot. Hear the wheel motor, damp clay contact and quiet room ambience.",617ec30cc94bd78f0f9444d2e8835309698cc9f5fd1df0fdc08c38005aedf232,5,ltx/resident-delivery/R0130.mp4,replay-inputs/ltx/R0130.json,59ada8aa48b01f272e417bc13c9a95d5a7fb3f0facd3ff07cabd2f6822892d8c,"{""backend"":""ltx25"",""mode"":""resident"",""model"":""Lightricks/LTX-2.5"",""model_revision"":""5e6e71018ee1756ed329b697a7b4aedc934dfce9"",""source_revision"":""a95ab856bf29407b6b066ede0abe1846050db56c"",""container_image"":""runpod/pytorch@sha256:4d1721e62b56d345c83b4fd6090664be6daf9312caab5b2e76f23d8231941851"",""gpu_count"":1,""gpu_name"":""NVIDIA RTX PRO 6000 Blackwell Server Edition"",""width"":1344,""height"":768,""frames"":121,""fps"":24,""requested_video_seconds"":5,""audio"":true,""precision"":""BF16"",""compile"":false,""quantization"":null,""prompt_enhancement"":false,""output_cache"":false,""embedding_cache"":false,""schedule"":""distilled_8_plus_3"",""decoder_tiling"":{""frames"":128,""temporal_overlap"":40,""height"":768,""width"":1344,""spatial_overlap"":160}}"
ltx,measured,R0131,P_GUITAR,1735437015,"An adult musician seated on a simple stool plays a short gentle phrase on an acoustic guitar. Frame both hands and the upper body from the front. Fingers press the strings on the fretboard while the other hand plucks them. Warm studio lighting, fixed camera and realistic anatomy. The audible guitar notes should correspond to visible playing; no vocals or backing instruments.",5f31dae19d3ddb12acc08edd06de8787e96a4a6ea9c37c70ebbeea8c38a5d680,5,ltx/resident-delivery/R0131.mp4,replay-inputs/ltx/R0131.json,a7b942ff116625ab12b8153adf25d3eca489b4e8aa0a34a3222bf624a92af2b4,"{""backend"":""ltx25"",""mode"":""resident"",""model"":""Lightricks/LTX-2.5"",""model_revision"":""5e6e71018ee1756ed329b697a7b4aedc934dfce9"",""source_revision"":""a95ab856bf29407b6b066ede0abe1846050db56c"",""container_image"":""runpod/pytorch@sha256:4d1721e62b56d345c83b4fd6090664be6daf9312caab5b2e76f23d8231941851"",""gpu_count"":1,""gpu_name"":""NVIDIA RTX PRO 6000 Blackwell Server Edition"",""width"":1344,""height"":768,""frames"":121,""fps"":24,""requested_video_seconds"":5,""audio"":true,""precision"":""BF16"",""compile"":false,""quantization"":null,""prompt_enhancement"":false,""output_cache"":false,""embedding_cache"":false,""schedule"":""distilled_8_plus_3"",""decoder_tiling"":{""frames"":128,""temporal_overlap"":40,""height"":768,""width"":1344,""spatial_overlap"":160}}"
fal,paired_reference,R0001,P_PORTRAIT,673465439,"A middle-aged bicycle mechanic in a sunlit workshop looks up from fixing a wheel, smiles at the camera and says clearly in English, ""Ready for another ride."" Medium close-up, natural skin texture and gentle handheld movement. His mouth should match the words. Tools and hanging bicycles remain stable in the background. Quiet workshop sounds and natural speech, no background music.",f63039c43175dde8cd3ab433ff9021df3f91a337d330bf8ea8efc1a9be5678ce,5,fal/videos/R0001.mp4,replay-inputs/fal/R0001.json,b17188dc4608bb2c319b15d0cbf0fcf43a72b6d6b9bcce8333c27776729df6bf,"{""endpoint"":""minimax/h3-max-turbo/text-to-video"",""payload"":{""duration"":5,""resolution"":""768P"",""aspect_ratio"":""16:9"",""prompt_expansion_mode"":""disabled"",""enable_safety_checker"":true,""sync_mode"":false,""prompt"":""A middle-aged bicycle mechanic in a sunlit workshop looks up from fixing a wheel, smiles at the camera and says clearly in English, \""Ready for another ride.\"" Medium close-up, natural skin texture and gentle handheld movement. His mouth should match the words. Tools and hanging bicycles remain stable in the background. Quiet workshop sounds and natural speech, no background music."",""seed"":673465439},""provider_effective_seed_echoed"":false}"
fal,paired_reference,R0002,P_RAIN,810677805,"A person holding a transparent umbrella waits at a quiet city crossing in steady rain. View them from the side at shoulder height as they turn their head toward the traffic light. Raindrops run down the umbrella and small ripples form in puddles. Natural grey light, stable identity, one continuous shot. Hear rain hitting plastic and distant city traffic; no dialogue.",18eccf93cb3d7cc41c81003a3c5aa79946f51f4cc2096cb7f7b480bbe81a14ce,5,fal/videos/R0002.mp4,replay-inputs/fal/R0002.json,2e63dde5bcee8ed540025f9957323d9ee79059f6fbbca6327a5d0b7b16f458a6,"{""endpoint"":""minimax/h3-max-turbo/text-to-video"",""payload"":{""duration"":5,""resolution"":""768P"",""aspect_ratio"":""16:9"",""prompt_expansion_mode"":""disabled"",""enable_safety_checker"":true,""sync_mode"":false,""prompt"":""A person holding a transparent umbrella waits at a quiet city crossing in steady rain. View them from the side at shoulder height as they turn their head toward the traffic light. Raindrops run down the umbrella and small ripples form in puddles. Natural grey light, stable identity, one continuous shot. Hear rain hitting plastic and distant city traffic; no dialogue."",""seed"":810677805},""provider_effective_seed_echoed"":false}"
fal,paired_reference,R0003,P_SKATE,476251187,"A skateboarder in a yellow jacket rolls along an empty paved plaza, performs one small ollie over a painted line and lands smoothly. Low side-tracking camera follows the full motion without a cut. Late-afternoon sunlight casts a coherent moving shadow. Preserve the rider, clothing and skateboard shape. Hear rolling wheels, the board popping and the landing on concrete.",805d63405d48c81283bc230a7ca89bb877149326a946665e0cf6d8bdfeef7f5b,5,fal/videos/R0003.mp4,replay-inputs/fal/R0003.json,55d1937a582f9fb94da338f691767126fc608cd5ebf96d005440310598f3adfa,"{""endpoint"":""minimax/h3-max-turbo/text-to-video"",""payload"":{""duration"":5,""resolution"":""768P"",""aspect_ratio"":""16:9"",""prompt_expansion_mode"":""disabled"",""enable_safety_checker"":true,""sync_mode"":false,""prompt"":""A skateboarder in a yellow jacket rolls along an empty paved plaza, performs one small ollie over a painted line and lands smoothly. Low side-tracking camera follows the full motion without a cut. Late-afternoon sunlight casts a coherent moving shadow. Preserve the rider, clothing and skateboard shape. Hear rolling wheels, the board popping and the landing on concrete."",""seed"":476251187},""provider_effective_seed_echoed"":false}"
fal,paired_reference,R0004,P03_ALLEY,1217349242,"A quiet, narrow seaside alley in a small coastal town during mid-afternoon in summer. The alley is lined with slightly weathered pastel houses, wooden shutters half-open, soft laundry swaying gently on clotheslines overhead. Sunlight filters through the gaps, casting warm golden highlights and soft shadows across the stone path.
At the end of the alley, the ocean glows a vivid blue under a clear sky, shimmering with reflected sunlight. A gentle sea breeze moves through the scene, subtly rustling fabric, hair, and nearby plants.
In the foreground, a young child (around 8–10 years old) stands barefoot on the warm stone path, wearing light summer clothes—slightly oversized, soft fabric, moving naturally with the breeze. The child is seen from behind, gazing toward the ocean with a quiet, contemplative stillness, evoking a sense of longing and innocence.
Ambient details: distant sound of waves, faint cries of seagulls, the soft hum of summer air. Small details like potted plants, peeling paint, and sun-faded textures add realism and nostalgia.
Camera & Style: Slow cinematic push-in toward the child from behind, shallow depth of field at first, gradually revealing the ocean in sharper focus. Natural lighting, soft bloom, warm color grading with slightly desaturated tones for a nostalgic feel. Subtle lens flare from sunlight.
Mood & Tone: Peaceful, reflective, nostalgic, emotionally warm. A quiet moment of everyday beauty, capturing childhood wonder and the timeless feeling of summer.
Visual Style Keywords: cinematic realism, soft lighting, nostalgic atmosphere, slice of life, Studio Ghibli-inspired realism, natural textures, warm summer tones, gentle motion
Technical Tags (optional): 4K, high detail, global illumination, volumetric light, realistic materials, film grain, soft focus transitions",13bd78486caf4c94182a1c245e3adac336744bc747f0c9e2d06242855697c697,5,fal/videos/R0004.mp4,replay-inputs/fal/R0004.json,2588ead469c803940b976a4bf71d04b5adece79d79b5c3c2d6a0c1a3b5786753,"{""endpoint"":""minimax/h3-max-turbo/text-to-video"",""payload"":{""duration"":5,""resolution"":""768P"",""aspect_ratio"":""16:9"",""prompt_expansion_mode"":""disabled"",""enable_safety_checker"":true,""sync_mode"":false,""prompt"":""A quiet, narrow seaside alley in a small coastal town during mid-afternoon in summer. The alley is lined with slightly weathered pastel houses, wooden shutters half-open, soft laundry swaying gently on clotheslines overhead. Sunlight filters through the gaps, casting warm golden highlights and soft shadows across the stone path.\nAt the end of the alley, the ocean glows a vivid blue under a clear sky, shimmering with reflected sunlight. A gentle sea breeze moves through the scene, subtly rustling fabric, hair, and nearby plants.\nIn the foreground, a young child (around 8\u201310 years old) stands barefoot on the warm stone path, wearing light summer clothes\u2014slightly oversized, soft fabric, moving naturally with the breeze. The child is seen from behind, gazing toward the ocean with a quiet, contemplative stillness, evoking a sense of longing and innocence.\nAmbient details: distant sound of waves, faint cries of seagulls, the soft hum of summer air. Small details like potted plants, peeling paint, and sun-faded textures add realism and nostalgia.\nCamera & Style: Slow cinematic push-in toward the child from behind, shallow depth of field at first, gradually revealing the ocean in sharper focus. Natural lighting, soft bloom, warm color grading with slightly desaturated tones for a nostalgic feel. Subtle lens flare from sunlight.\nMood & Tone: Peaceful, reflective, nostalgic, emotionally warm. A quiet moment of everyday beauty, capturing childhood wonder and the timeless feeling of summer.\nVisual Style Keywords: cinematic realism, soft lighting, nostalgic atmosphere, slice of life, Studio Ghibli-inspired realism, natural textures, warm summer tones, gentle motion\nTechnical Tags (optional): 4K, high detail, global illumination, volumetric light, realistic materials, film grain, soft focus transitions"",""seed"":1217349242},""provider_effective_seed_echoed"":false}"
fal,paired_reference,R0005,P_CLAY,2055268427,"A small orange clay fox on a miniature grassy hill notices a blue butterfly and follows it with two playful steps. Handmade stop-motion style with visible clay texture and a painted sky. The butterfly circles once near the fox's nose. One fixed camera shot, consistent character shapes. Light footsteps and soft whimsical sound effects, no speech or text.",7317092e933dd1c04572ce14ab4dbec3a1909d49c60816569f878d64d1859f56,5,fal/videos/R0005.mp4,replay-inputs/fal/R0005.json,b89d0af894bc1b013760b50c9bc5b1ff8cabe6b8cc76cc077dd03ba64ee2a705,"{""endpoint"":""minimax/h3-max-turbo/text-to-video"",""payload"":{""duration"":5,""resolution"":""768P"",""aspect_ratio"":""16:9"",""prompt_expansion_mode"":""disabled"",""enable_safety_checker"":true,""sync_mode"":false,""prompt"":""A small orange clay fox on a miniature grassy hill notices a blue butterfly and follows it with two playful steps. Handmade stop-motion style with visible clay texture and a painted sky. The butterfly circles once near the fox's nose. One fixed camera shot, consistent character shapes. Light footsteps and soft whimsical sound effects, no speech or text."",""seed"":2055268427},""provider_effective_seed_echoed"":false}"
fal,paired_reference,R0006,P_COFFEE,574688785,"In a quiet cafe, a barista slowly pours steamed milk into a dark ceramic cup of espresso, forming a simple white heart. Close-up camera at counter height, shallow depth of field, soft morning window light. Keep the cup and hands consistent throughout one continuous shot. Hear the milk pouring, the cup touching its saucer, and low cafe ambience. No music or dialogue.",2afd9890a21d7c9de362a4a8c06f2a363fe2a292def44fccede3fcd93f7ffee0,5,fal/videos/R0006.mp4,replay-inputs/fal/R0006.json,39910d4fcc7576a3f6ab1104ca128b627866f256234f22a420bdfa0bad8b9c1b,"{""endpoint"":""minimax/h3-max-turbo/text-to-video"",""payload"":{""duration"":5,""resolution"":""768P"",""aspect_ratio"":""16:9"",""prompt_expansion_mode"":""disabled"",""enable_safety_checker"":true,""sync_mode"":false,""prompt"":""In a quiet cafe, a barista slowly pours steamed milk into a dark ceramic cup of espresso, forming a simple white heart. Close-up camera at counter height, shallow depth of field, soft morning window light. Keep the cup and hands consistent throughout one continuous shot. Hear the milk pouring, the cup touching its saucer, and low cafe ambience. No music or dialogue."",""seed"":574688785},""provider_effective_seed_echoed"":false}"
fal,paired_reference,R0007,P_DRONE,1598014044,"A drone camera slowly rises above a small stone bridge spanning a river in a green valley, revealing distant hills beyond it. Morning mist lies low over the water. Keep bridge geometry and riverbanks consistent as the viewpoint changes. Realistic aerial cinematography with a gentle continuous ascent. Sound of river water and distant birds, no drone motor or speech.",c78265ed71f8184c6c94c0a5675e1d93f3917917d1f57a6652f40c3b03770e1e,5,fal/videos/R0007.mp4,replay-inputs/fal/R0007.json,c03942014baf33465beff6c37ac596551a0b02a0c6748369ac468a6aa73ac9bc,"{""endpoint"":""minimax/h3-max-turbo/text-to-video"",""payload"":{""duration"":5,""resolution"":""768P"",""aspect_ratio"":""16:9"",""prompt_expansion_mode"":""disabled"",""enable_safety_checker"":true,""sync_mode"":false,""prompt"":""A drone camera slowly rises above a small stone bridge spanning a river in a green valley, revealing distant hills beyond it. Morning mist lies low over the water. Keep bridge geometry and riverbanks consistent as the viewpoint changes. Realistic aerial cinematography with a gentle continuous ascent. Sound of river water and distant birds, no drone motor or speech."",""seed"":1598014044},""provider_effective_seed_echoed"":false}"
fal,paired_reference,R0008,P_POTTERY,1630369445,"Close-up of a potter's wet hands shaping a spinning clay bowl on a pottery wheel. Fingers gently widen the rim while the bowl stays centered and symmetrical. Soft side light shows the texture of the clay and water on the hands. Static camera, one continuous realistic workshop shot. Hear the wheel motor, damp clay contact and quiet room ambience.",617ec30cc94bd78f0f9444d2e8835309698cc9f5fd1df0fdc08c38005aedf232,5,fal/videos/R0008.mp4,replay-inputs/fal/R0008.json,438cc7cd1941e2bbdc570d4444b343efecf58057dff44b77c65ec6ee0f01087f,"{""endpoint"":""minimax/h3-max-turbo/text-to-video"",""payload"":{""duration"":5,""resolution"":""768P"",""aspect_ratio"":""16:9"",""prompt_expansion_mode"":""disabled"",""enable_safety_checker"":true,""sync_mode"":false,""prompt"":""Close-up of a potter's wet hands shaping a spinning clay bowl on a pottery wheel. Fingers gently widen the rim while the bowl stays centered and symmetrical. Soft side light shows the texture of the clay and water on the hands. Static camera, one continuous realistic workshop shot. Hear the wheel motor, damp clay contact and quiet room ambience."",""seed"":1630369445},""provider_effective_seed_echoed"":false}"
fal,paired_reference,R0009,P_DOG,560210668,"A wet golden retriever runs out of shallow water onto a sandy beach and shakes water from its coat. Film at the dog's eye level with natural daylight and a softly blurred sea behind it. The camera holds one continuous shot as droplets scatter and fall. Realistic fur and four anatomically coherent legs. Sound of splashing, the coat shaking and small waves; no speech.",f463371b0666c129b88ee25516b6e2276d961084257eaa5847aca42fa6b61607,5,fal/videos/R0009.mp4,replay-inputs/fal/R0009.json,c152ffd4da15e5040ee3ea2ac5bc42066ae751b54bc9551d0414b3d03e3c394d,"{""endpoint"":""minimax/h3-max-turbo/text-to-video"",""payload"":{""duration"":5,""resolution"":""768P"",""aspect_ratio"":""16:9"",""prompt_expansion_mode"":""disabled"",""enable_safety_checker"":true,""sync_mode"":false,""prompt"":""A wet golden retriever runs out of shallow water onto a sandy beach and shakes water from its coat. Film at the dog's eye level with natural daylight and a softly blurred sea behind it. The camera holds one continuous shot as droplets scatter and fall. Realistic fur and four anatomically coherent legs. Sound of splashing, the coat shaking and small waves; no speech."",""seed"":560210668},""provider_effective_seed_echoed"":false}"
fal,paired_reference,R0010,P_GUITAR,1542323104,"An adult musician seated on a simple stool plays a short gentle phrase on an acoustic guitar. Frame both hands and the upper body from the front. Fingers press the strings on the fretboard while the other hand plucks them. Warm studio lighting, fixed camera and realistic anatomy. The audible guitar notes should correspond to visible playing; no vocals or backing instruments.",5f31dae19d3ddb12acc08edd06de8787e96a4a6ea9c37c70ebbeea8c38a5d680,5,fal/videos/R0010.mp4,replay-inputs/fal/R0010.json,d92ddb173d1992cc8c9a9fac94a2fcf1aa2ed0cbac4405ba4d7f09f6bc7f8f00,"{""endpoint"":""minimax/h3-max-turbo/text-to-video"",""payload"":{""duration"":5,""resolution"":""768P"",""aspect_ratio"":""16:9"",""prompt_expansion_mode"":""disabled"",""enable_safety_checker"":true,""sync_mode"":false,""prompt"":""An adult musician seated on a simple stool plays a short gentle phrase on an acoustic guitar. Frame both hands and the upper body from the front. Fingers press the strings on the fretboard while the other hand plucks them. Warm studio lighting, fixed camera and realistic anatomy. The audible guitar notes should correspond to visible playing; no vocals or backing instruments."",""seed"":1542323104},""provider_effective_seed_echoed"":false}"
fal,paired_reference,R0011,P_DANCE,2069578673,"A dancer wearing a loose blue shirt performs one smooth turn in a spacious rehearsal studio, then settles into a balanced standing pose. Full-body camera framing shows both feet throughout. Soft daylight from tall windows, realistic wooden floor and a consistent shadow. One uninterrupted shot with natural movement. Hear footfalls and a brief quiet breath, no spoken words.",f3c3f60e4d49697670116aabefa06a752358adce583a83519022363fef86accc,5,fal/videos/R0011.mp4,replay-inputs/fal/R0011.json,121588cf359710b54561603d9124b5b4e27e783513807a0a5861ab5acff551fa,"{""endpoint"":""minimax/h3-max-turbo/text-to-video"",""payload"":{""duration"":5,""resolution"":""768P"",""aspect_ratio"":""16:9"",""prompt_expansion_mode"":""disabled"",""enable_safety_checker"":true,""sync_mode"":false,""prompt"":""A dancer wearing a loose blue shirt performs one smooth turn in a spacious rehearsal studio, then settles into a balanced standing pose. Full-body camera framing shows both feet throughout. Soft daylight from tall windows, realistic wooden floor and a consistent shadow. One uninterrupted shot with natural movement. Hear footfalls and a brief quiet breath, no spoken words."",""seed"":2069578673},""provider_effective_seed_echoed"":false}"
fal,paired_reference,R0012,P01_EN,927265203,"A cinematic live-action cooking scene in a bright professional kitchen. A serious human chef places a normal-looking onion on a cutting board. The instant the knife comes down, the onion transforms into a hand-drawn cartoon character, screams, stretches like rubber. It dives into a pile of real vegetables and disguises itself as an ordinary onion. The chef pauses, studies the pile, then casually grabs a different onion--only for every vegetable to suddenly open cartoon eyes and scream. Photorealistic kitchen, expressive 2D animation, accurate shadows and physical interaction, fast comedic timing, dramatic cooking sounds.

Any spoken words, dialogue, narration, or on-screen text must be in English only. Do not use Spanish, Russian, or other languages.",9c924c21f39702c03de5287bb3307e1b6df82303b9e6d352704e7fa7a91a96a7,5,fal/videos/R0012.mp4,replay-inputs/fal/R0012.json,23826b0c3eced1bf250974c5a16766c442ea3c076d73a1cf2adf57a8c72894b9,"{""endpoint"":""minimax/h3-max-turbo/text-to-video"",""payload"":{""duration"":5,""resolution"":""768P"",""aspect_ratio"":""16:9"",""prompt_expansion_mode"":""disabled"",""enable_safety_checker"":true,""sync_mode"":false,""prompt"":""A cinematic live-action cooking scene in a bright professional kitchen. A serious human chef places a normal-looking onion on a cutting board. The instant the knife comes down, the onion transforms into a hand-drawn cartoon character, screams, stretches like rubber. It dives into a pile of real vegetables and disguises itself as an ordinary onion. The chef pauses, studies the pile, then casually grabs a different onion--only for every vegetable to suddenly open cartoon eyes and scream. Photorealistic kitchen, expressive 2D animation, accurate shadows and physical interaction, fast comedic timing, dramatic cooking sounds.\n\nAny spoken words, dialogue, narration, or on-screen text must be in English only. Do not use Spanish, Russian, or other languages."",""seed"":927265203},""provider_effective_seed_echoed"":false}"
fal,paired_reference,R0013,P_PERFUME,1200958113,"A clear glass perfume bottle with an unmarked silver cap rotates slowly on a matte black pedestal. A narrow beam of warm light moves over its curved surface, revealing believable reflections and a pale amber liquid inside. Locked camera, dark studio background, premium product photography in one continuous shot. A soft airy tonal sound accompanies the rotation. No hands, lettering or narration.",cd469710f8ef174e7e4a99ef440dbe231d95c138b1a16c3c26869e5f476029c9,5,fal/videos/R0013.mp4,replay-inputs/fal/R0013.json,f7d1b55c1f4c1327d517a6738794236c8bbd1c3010845df67b7c3366a41ebea0,"{""endpoint"":""minimax/h3-max-turbo/text-to-video"",""payload"":{""duration"":5,""resolution"":""768P"",""aspect_ratio"":""16:9"",""prompt_expansion_mode"":""disabled"",""enable_safety_checker"":true,""sync_mode"":false,""prompt"":""A clear glass perfume bottle with an unmarked silver cap rotates slowly on a matte black pedestal. A narrow beam of warm light moves over its curved surface, revealing believable reflections and a pale amber liquid inside. Locked camera, dark studio background, premium product photography in one continuous shot. A soft airy tonal sound accompanies the rotation. No hands, lettering or narration."",""seed"":1200958113},""provider_effective_seed_echoed"":false}"
fal,paired_reference,R0014,P02_TURTLE,1619013743,"A green sea turtle lifts its head above crystal-clear water, exhaling a misty plume that catches sunrise light; ripples race outward.  
200 mm telephoto realism, 1/4000 s freeze, warm golden backlight.  
audio: soft exhale + gentle wave slap
negative: no divers, no boats",e20142b0b4017c3a79a125c808a2068c5890fb7d04ddec169baa5ef9a41c366d,5,fal/videos/R0014.mp4,replay-inputs/fal/R0014.json,3691340dada23174d4e1d617ee42f7be95c61ad08b3a0590522e4d01f232e920,"{""endpoint"":""minimax/h3-max-turbo/text-to-video"",""payload"":{""duration"":5,""resolution"":""768P"",""aspect_ratio"":""16:9"",""prompt_expansion_mode"":""disabled"",""enable_safety_checker"":true,""sync_mode"":false,""prompt"":""A green sea turtle lifts its head above crystal-clear water, exhaling a misty plume that catches sunrise light; ripples race outward.  \n200 mm telephoto realism, 1/4000 s freeze, warm golden backlight.  \naudio: soft exhale + gentle wave slap\nnegative: no divers, no boats"",""seed"":1619013743},""provider_effective_seed_echoed"":false}"
fal,paired_reference,R0015,P_GEARS,1727126203,"Macro view of three brass gears turning together inside an open mechanical clock. Every gear meshes consistently with its neighbors and rotates in the appropriate opposite direction. Warm directional light highlights fine machining marks and tiny moving reflections. Slow sideways camera slide, one continuous realistic shot. Hear a steady mechanical ticking with no music or speech.",a21304a83ff9d2e9bdc6a67d9ae1d8cd5c384622e96f332b599c9c0b1a439271,5,fal/videos/R0015.mp4,replay-inputs/fal/R0015.json,339e819c670bbd9032c5231567dd211214ca2d7e105ab27b538a8fc5698b9c49,"{""endpoint"":""minimax/h3-max-turbo/text-to-video"",""payload"":{""duration"":5,""resolution"":""768P"",""aspect_ratio"":""16:9"",""prompt_expansion_mode"":""disabled"",""enable_safety_checker"":true,""sync_mode"":false,""prompt"":""Macro view of three brass gears turning together inside an open mechanical clock. Every gear meshes consistently with its neighbors and rotates in the appropriate opposite direction. Warm directional light highlights fine machining marks and tiny moving reflections. Slow sideways camera slide, one continuous realistic shot. Hear a steady mechanical ticking with no music or speech."",""seed"":1727126203},""provider_effective_seed_echoed"":false}"
fal,paired_reference,R0016,P_REEF,489523228,A small school of blue fish swims from left to right through a sunlit coral reef while a larger striped fish moves slowly in the opposite direction. Underwater documentary shot with gentle drifting camera movement and light rays from the surface. Consistent fish bodies and natural water movement. Soft muffled underwater ambience without voices or music.,63f57f982c9b667a40640f2e968878c4d27c9e4ed75f60cec4cba7111dd82467,5,fal/videos/R0016.mp4,replay-inputs/fal/R0016.json,6342734ca6aabcf54a980ca216ba3d435ac33025a04ba14e30010b95d2433650,"{""endpoint"":""minimax/h3-max-turbo/text-to-video"",""payload"":{""duration"":5,""resolution"":""768P"",""aspect_ratio"":""16:9"",""prompt_expansion_mode"":""disabled"",""enable_safety_checker"":true,""sync_mode"":false,""prompt"":""A small school of blue fish swims from left to right through a sunlit coral reef while a larger striped fish moves slowly in the opposite direction. Underwater documentary shot with gentle drifting camera movement and light rays from the surface. Consistent fish bodies and natural water movement. Soft muffled underwater ambience without voices or music."",""seed"":489523228},""provider_effective_seed_echoed"":false}"
fal,paired_reference,R0017,P_WATERFALL,215102974,"The camera glides slowly forward over a small forest stream toward a low waterfall cascading between moss-covered rocks. Sunlight filters through green leaves and catches fine mist above the water. Keep the rocks and trees stationary while water flows continuously. Realistic landscape cinematography, one uninterrupted camera movement. Layered sound of rushing water, a few birds and a light breeze.",9bac01b1a5034b7d19912dac4f312e129e7f723e4b0b254ffb6221d1cfc451b0,5,fal/videos/R0017.mp4,replay-inputs/fal/R0017.json,040162155b6d37f958feebef3032a41c7112dc3dafa4d406c452b6af518bf7b4,"{""endpoint"":""minimax/h3-max-turbo/text-to-video"",""payload"":{""duration"":5,""resolution"":""768P"",""aspect_ratio"":""16:9"",""prompt_expansion_mode"":""disabled"",""enable_safety_checker"":true,""sync_mode"":false,""prompt"":""The camera glides slowly forward over a small forest stream toward a low waterfall cascading between moss-covered rocks. Sunlight filters through green leaves and catches fine mist above the water. Keep the rocks and trees stationary while water flows continuously. Realistic landscape cinematography, one uninterrupted camera movement. Layered sound of rushing water, a few birds and a light breeze."",""seed"":215102974},""provider_effective_seed_echoed"":false}"
fal,paired_reference,R0018,P_CAR,755978352,"A red compact car drives at a moderate speed along a wet mountain road after rain. Side-tracking camera keeps the whole car visible as its wheels rotate and spray a little water. Cloudy daylight, wooded hills and realistic reflections on the road. One continuous shot, no other cars. Hear the engine, tire noise and wet pavement, with no dialogue or music.",8a819d8e41cb3053412deafc9a74c0fb2a4dd9a3f596f71008bf474fb9602c99,5,fal/videos/R0018.mp4,replay-inputs/fal/R0018.json,064759bd40ee3394d7d00ba2002f3c88c9f2375bec0e6c0e9e6930670678dec9,"{""endpoint"":""minimax/h3-max-turbo/text-to-video"",""payload"":{""duration"":5,""resolution"":""768P"",""aspect_ratio"":""16:9"",""prompt_expansion_mode"":""disabled"",""enable_safety_checker"":true,""sync_mode"":false,""prompt"":""A red compact car drives at a moderate speed along a wet mountain road after rain. Side-tracking camera keeps the whole car visible as its wheels rotate and spray a little water. Cloudy daylight, wooded hills and realistic reflections on the road. One continuous shot, no other cars. Hear the engine, tire noise and wet pavement, with no dialogue or music."",""seed"":755978352},""provider_effective_seed_echoed"":false}"
fal,paired_reference,R0019,P_SIGN,448568235,"At dusk, a small neighborhood bakery switches on a warm illuminated sign reading ""OPEN"" above its front door. A customer carrying a paper bag walks out onto the sidewalk. The camera remains across the street in one steady shot. Legible four-letter sign, believable glass reflections and warm interior light against the blue evening. Hear the door bell and distant traffic.",9391401985143d8d65fe4930e16eb5c7e03b394e235a2ce492bb2112a5d8a3b7,5,fal/videos/R0019.mp4,replay-inputs/fal/R0019.json,46d6ae47ac1881b7479bb3b97545939d659bad94750f6884b8239a818aca94d1,"{""endpoint"":""minimax/h3-max-turbo/text-to-video"",""payload"":{""duration"":5,""resolution"":""768P"",""aspect_ratio"":""16:9"",""prompt_expansion_mode"":""disabled"",""enable_safety_checker"":true,""sync_mode"":false,""prompt"":""At dusk, a small neighborhood bakery switches on a warm illuminated sign reading \""OPEN\"" above its front door. A customer carrying a paper bag walks out onto the sidewalk. The camera remains across the street in one steady shot. Legible four-letter sign, believable glass reflections and warm interior light against the blue evening. Hear the door bell and distant traffic."",""seed"":448568235},""provider_effective_seed_echoed"":false}"
fal,paired_reference,R0020,P_FIRE,187875388,"In a quiet snow-covered forest at blue hour, a small campfire flickers beside an empty wooden bench. Sparks rise briefly and fade while a thin plume of smoke drifts to the right. The camera slowly pushes closer without a cut. Warm firelight falls naturally across nearby snow. Hear wood crackling and soft winter wind, no people or music.",a4b2fe69b1bda6a81ff22d3d0cc95906cb244766b7bd47adce75441059620e95,5,fal/videos/R0020.mp4,replay-inputs/fal/R0020.json,33686c04e784f926bc20091d69fb20c107c6a107085ed11adaaf94e07bdd49cd,"{""endpoint"":""minimax/h3-max-turbo/text-to-video"",""payload"":{""duration"":5,""resolution"":""768P"",""aspect_ratio"":""16:9"",""prompt_expansion_mode"":""disabled"",""enable_safety_checker"":true,""sync_mode"":false,""prompt"":""In a quiet snow-covered forest at blue hour, a small campfire flickers beside an empty wooden bench. Sparks rise briefly and fade while a thin plume of smoke drifts to the right. The camera slowly pushes closer without a cut. Warm firelight falls naturally across nearby snow. Hear wood crackling and soft winter wind, no people or music."",""seed"":187875388},""provider_effective_seed_echoed"":false}"
